split,sequence,sequence_masked,citseg,label,label2,label_confidence,label2_confidence,section,source,citingPaperId,citedPaperId,citeStart,citeEnd,isKeyCitation,id
train,"In contrast to human capital approach, these methods represent rather macroeconomic perspective and measure actual production losses [18, 19].","In contrast to human capital approach, these methods represent rather macroeconomic perspective and measure actual production losses CITSEG.","[18, 19]",result,not_supportive,1.0,0.6464999914169312,Methods,explicit,cec597adc29eefcf6afbba99174e1818b23fa9af,e1cf6fa5635d7356cd76e37d19540f395d3f0767,133,141,False,cec597adc29eefcf6afbba99174e1818b23fa9af>e1cf6fa5635d7356cd76e37d19540f395d3f0767
validation,"Although the US Black Women (15) and Danish (20) cohorts, as well as our own, excluded womenwith physician-diagnosed depression at baseline, other studies did not (7, 13, 15, 18, 20, 24).","Although the US Black Women CITSEG and Danish (20) cohorts, as well as our own, excluded womenwith physician-diagnosed depression at baseline, other studies did not (7, 13, 15, 18, 20, 24).",(15),result,not_supportive,1.0,1.0,DISCUSSION,explicit,ad17631e93d1cea903a86611e867623ad3cbc5f2,d2b6395a90b11ede755259a227dd3c47e6fa371e,28,32,True,ad17631e93d1cea903a86611e867623ad3cbc5f2>d2b6395a90b11ede755259a227dd3c47e6fa371e
train,"While in various studies a high diagnostic accuracy for detecting SDB and a good correlation of AHI values has been shown for polygraphs compared with polysomnography [47-52], it is conceivable that the patients in this study population did not sleep well during the night before surgery and thus, the polygraphs might have underestimated the AHI scores in this setting.","While in various studies a high diagnostic accuracy for detecting SDB and a good correlation of AHI values has been shown for polygraphs compared with polysomnography CITSEG, it is conceivable that the patients in this study population did not sleep well during the night before surgery and thus, the polygraphs might have underestimated the AHI scores in this setting.",[47-52],result,not_supportive,0.6273000240325928,0.6273000240325928,Discussion,explicit,64ad842864728a81c87dd845b8309268124d3eae,55818794ae94bc9a43463e80a49724652f6aa39b,167,174,True,64ad842864728a81c87dd845b8309268124d3eae>55818794ae94bc9a43463e80a49724652f6aa39b
train,"This is in sharp contrast to the observation that mycoheterotrophic gametophytes show quite specific associations with particular Glomus group A lineages; fungal taxa from the underground massive gametophytes of two Botrychium species (Winther and Friedman 2007) and seven Lycopodiaceae species (Winther and Friedman 2008) form a monophyletic clade, and Psilotum nudum (Winther and Friedman 2009) forms four distinct clades.","This is in sharp contrast to the observation that mycoheterotrophic gametophytes show quite specific associations with particular Glomus group A lineages; fungal taxa from the underground massive gametophytes of two Botrychium species CITSEG and seven Lycopodiaceae species (Winther and Friedman 2008) form a monophyletic clade, and Psilotum nudum (Winther and Friedman 2009) forms four distinct clades.",(Winther and Friedman 2007),result,not_supportive,1.0,0.6657000184059143,Discussion,explicit,c4be615a53b2d1b6484f6b7888c7bcf822ab5066,80d9ec6d56799e96bf5e3e99ff0f904892820308,235,262,True,c4be615a53b2d1b6484f6b7888c7bcf822ab5066>80d9ec6d56799e96bf5e3e99ff0f904892820308
train,"There are also some other studies [5, 6] directly grid partitioning the images into patches; however it is less intuitive to define the grids and hard to interpret the patches.",There are also some other studies CITSEG directly grid partitioning the images into patches; however it is less intuitive to define the grids and hard to interpret the patches.,"[5, 6]",result,not_supportive,0.6920999884605408,0.6920999884605408,1. INTRODUCTION,explicit,28171cf7e0e3f8f39ee253917fcc842a9e8a7b11,0bc5ed295234dba9d5f32a73fec22d8fc3d566fe,34,40,False,28171cf7e0e3f8f39ee253917fcc842a9e8a7b11>0bc5ed295234dba9d5f32a73fec22d8fc3d566fe
train,"However, some other studies did not support using 18S rRNA gene for species delimitation [28,47,48].","However, some other studies did not support using 18S rRNA gene for species delimitation CITSEG.","[28,47,48]",result,not_supportive,1.0,1.0,Discussion,explicit,4a71ab3365a50b266e364cd9d511c571c818830a,39e74d01b0a09e6a1eb51957968a3ad05aaee507,89,99,False,4a71ab3365a50b266e364cd9d511c571c818830a>39e74d01b0a09e6a1eb51957968a3ad05aaee507
train,"Our genealogy, based on many alleles but only the first exon of bindin, is not entirely consistent with that of McCartney and Lessios (2004), based on fewer alleles but incorporating the entire molecule.","Our genealogy, based on many alleles but only the first exon of bindin, is not entirely consistent with that of CITSEG, based on fewer alleles but incorporating the entire molecule.",McCartney and Lessios (2004),result,not_supportive,0.6261000037193298,0.6261000037193298,Results,explicit,1a5f3c7ce21bd8dafdc9a79b2741bcd5d7f4564e,1e553964ccc8ccc090450aaebe1c87aaacf9ec83,112,140,False,1a5f3c7ce21bd8dafdc9a79b2741bcd5d7f4564e>1e553964ccc8ccc090450aaebe1c87aaacf9ec83
train,"Our findings confirm previous reports [11-14,27], but several issues need to be considered when interpreting our results.","Our findings confirm previous reports CITSEG, but several issues need to be considered when interpreting our results.","[11-14,27]",result,not_supportive,0.7123000025749207,0.38359999656677246,Discussion,explicit,ec1e98f09ece1c0595deca70e9adbe46685f7850,b5af4bf2fd53644e12e4345ea3cd7f4027ace764,38,48,True,ec1e98f09ece1c0595deca70e9adbe46685f7850>b5af4bf2fd53644e12e4345ea3cd7f4027ace764
train,"It should be recognized nevertheless that the previously proposed formation and decay times of this hKL intermediate (Dioumaev and Braiman, 1997a) are now concluded to have been incorrect.",It should be recognized nevertheless that the previously proposed formation and decay times of this hKL intermediate (CITSEG) are now concluded to have been incorrect.,"Dioumaev and Braiman, 1997a",result,not_supportive,0.6186000108718872,0.3971000015735626,DISCUSSION,explicit,24fe18db8ad1c3b1d77a73b1fea0f9a471434bf7,57220e5e1106b295bab12105c79f6307ab220e0f,118,145,False,24fe18db8ad1c3b1d77a73b1fea0f9a471434bf7>57220e5e1106b295bab12105c79f6307ab220e0f
train,"Unlike many previous studies (Landry et al. 2005, McManus et al. 2010, Malone and Michalak 2008, Renaut et al. 2009, Bell et al. 2013, Coolon et al. 2014), we found that misexpression was rare among the genes we measured in hybrid zebra finches.","Unlike many previous studies (Landry et al. 2005, McManus et al. 2010, Malone and Michalak 2008, Renaut et al. 2009, Bell et al. 2013, CITSEG), we found that misexpression was rare among the genes we measured in hybrid zebra finches.",Coolon et al. 2014,result,not_supportive,1.0,0.6402000188827515,DISCUSSION,explicit,4a7abe00115bcee0d615d88fbd4d891671a009f1,720895e0bb8f2a9f6b84e0a8248e4b85feaf6ae2,135,153,True,4a7abe00115bcee0d615d88fbd4d891671a009f1>720895e0bb8f2a9f6b84e0a8248e4b85feaf6ae2
train,"Few studies demonstrated the importance of alexithymia among suicidal patients, but the results were not consistent (Sayar & Acar 2003, Hintikka et al. 2004, Iancu et al. 1999).","Few studies demonstrated the importance of alexithymia among suicidal patients, but the results were not consistent (Sayar & Acar 2003, CITSEG, Iancu et al. 1999).",Hintikka et al. 2004,result,not_supportive,0.7534000277519226,0.7534000277519226,INTRODUCTION,explicit,bebb742e4346443ff1e54baee1b9a4bebfda1489,73784cc9ef59ef7d6700e0c1c1c31462b5d18915,136,156,False,bebb742e4346443ff1e54baee1b9a4bebfda1489>73784cc9ef59ef7d6700e0c1c1c31462b5d18915
train,"However, the two results [23] and [25] are not very helpful in that respect because they use an exhaustive approach — the underlying algorithm will always stop when some condition is met (and we are sure that this condition must eventually be met) — but we do not have a priori any clue on how much time this will take.","However, the two results [23] and CITSEG are not very helpful in that respect because they use an exhaustive approach — the underlying algorithm will always stop when some condition is met (and we are sure that this condition must eventually be met) — but we do not have a priori any clue on how much time this will take.",[25],result,not_supportive,0.7414000034332275,0.5042999982833862,4.1 Computational complexity of trajectories over unbounded domains,explicit,052aafad4562fb9b8e1d6379f428a7274dff125c,3cbfff75d1315de13be3d8e61188f9dee7a10afe,34,38,False,052aafad4562fb9b8e1d6379f428a7274dff125c>3cbfff75d1315de13be3d8e61188f9dee7a10afe
train,"Our results indicated that concentrations of CRP, Hp and SAA increased significantly in pigs infected with H1N2, but these increases were smaller than reported previously for various bacterial pig diseases (Heegaard et al., 1998; Sorensen et al., 2006; Pomorska-Mól et al., 2011a, b).","Our results indicated that concentrations of CRP, Hp and SAA increased significantly in pigs infected with H1N2, but these increases were smaller than reported previously for various bacterial pig diseases (Heegaard et al., 1998; Sorensen et al., 2006; CITSEGa, b).","Pomorska-Mól et al., 2011",result,not_supportive,0.7520999908447266,0.7520999908447266,Discussion,explicit,f8aea2f05f28ca6d45924decc3886908eebe50a8,410e4b3334e9ef76ff29d49f178d23895a908501,253,279,False,f8aea2f05f28ca6d45924decc3886908eebe50a8>410e4b3334e9ef76ff29d49f178d23895a908501
train,"This susceptibility to proactive interference after hippocampal damage has already been reported by others [Owen and Butler, 1981; but for different results, see BeasonHeld et al. (1999) and Zola et al.",This susceptibility to proactive interference after hippocampal damage has already been reported by others [CITSEGand Zola et al.,"Owen and Butler, 1981; but for different results, see BeasonHeld et al. (1999) ",result,not_supportive,0.7498000264167786,0.49540001153945923,Discussion,explicit,4f4ec52726e13a12d7dccf631ebde6aaa47173fa,6bb96b0c74ace8699e68685a3ec9ac37a6f505ae,108,187,True,4f4ec52726e13a12d7dccf631ebde6aaa47173fa>6bb96b0c74ace8699e68685a3ec9ac37a6f505ae
train,"In contrary to the previous study [4] where they have considered driven atomic coherence, we consider the injected atomic coherence where the three-level cascade atoms are initially prepared in coherent superposition of the top and bottom levels.","In contrary to the previous study CITSEG where they have considered driven atomic coherence, we consider the injected atomic coherence where the three-level cascade atoms are initially prepared in coherent superposition of the top and bottom levels.",[4],result,not_supportive,0.7549999952316284,0.7549999952316284,1. Introduction,explicit,85305fd14d887a9515de56bd43a1148b4631922c,e132157e97e1f9296e2a5a82c87060693cd087a1,34,37,False,85305fd14d887a9515de56bd43a1148b4631922c>e132157e97e1f9296e2a5a82c87060693cd087a1
train,[17] presented a number of reasons that might account for the disparities between these two studies.,CITSEG presented a number of reasons that might account for the disparities between these two studies.,[17],result,not_supportive,0.751800000667572,0.5059999823570251,Intestinal oxalate absorption,explicit,27ea0aa5f8d3e1dc7c449aceef59524dd32307b5,21cc7a2a24c33fe78ab21acf5ea2d548fa11b0d3,0,4,False,27ea0aa5f8d3e1dc7c449aceef59524dd32307b5>21cc7a2a24c33fe78ab21acf5ea2d548fa11b0d3
train,"Five of the seven studies showed a significant difference (p < 0.05) in favour of microTESE (Amer et al., 2000; Okada et al., 2002; Ramasamy et al., 2005; Colpi et al., 2009; Ghalayini et al., 2011).","Five of the seven studies showed a significant difference (p < 0.05) in favour of microTESE (Amer et al., 2000; Okada et al., 2002; Ramasamy et al., 2005; CITSEG; Ghalayini et al., 2011).","Colpi et al., 2009",result,not_supportive,0.7261000275611877,0.492900013923645,RESULTS,explicit,471ff2f6fff41e64350168b059ac3f13696c1c09,b69aa2af017d1a5332e34ee0cc8e7890abb504c1,155,173,True,471ff2f6fff41e64350168b059ac3f13696c1c09>b69aa2af017d1a5332e34ee0cc8e7890abb504c1
train,"In contrast, Bork et al. (2010) observed that except for some genes such as homeobox genes, methylation patterns were maintained throughout long-term culture of BM-MSCs, showing different results than those in our present study.","In contrast, CITSEG observed that except for some genes such as homeobox genes, methylation patterns were maintained throughout long-term culture of BM-MSCs, showing different results than those in our present study.",Bork et al. (2010),result,not_supportive,1.0,1.0,Discussion,explicit,1e11c6990fcdafb27cfec935b00526257ef2de14,e4176d76459bf7ae2601a8746620899ba349aae2,13,31,True,1e11c6990fcdafb27cfec935b00526257ef2de14>e4176d76459bf7ae2601a8746620899ba349aae2
train,These different estimates were mostly smaller than those reported by Trail et al. (1991b) in a governmental ranch of N Dama cattle in Gabon (PCV heritabilities at 0.64).,These different estimates were mostly smaller than those reported by CITSEG in a governmental ranch of N Dama cattle in Gabon (PCV heritabilities at 0.64).,Trail et al. (1991b),result,not_supportive,0.6187000274658203,0.6187000274658203,Discussion and conclusions,explicit,7d2a1ac09b55665a12f26134200835343f147f1b,e8da441ce4bdf2d044a5899681e162cef49dde4a,69,89,True,7d2a1ac09b55665a12f26134200835343f147f1b>e8da441ce4bdf2d044a5899681e162cef49dde4a
train,"6(d)) may seem to contrast the decreased firing rates reported in previous modeling studies (Bojak and Liley, 2005; Hutt and Longtin, 2010; Steyn-Ross et al., 1999) and observed in experiments (Antkowiak, 1999).","6(d)) may seem to contrast the decreased firing rates reported in previous modeling studies (Bojak and Liley, 2005; CITSEG; Steyn-Ross et al., 1999) and observed in experiments (Antkowiak, 1999).","Hutt and Longtin, 2010",result,not_supportive,0.6166999936103821,0.41499999165534973,Model predictions,explicit,bb21e98f4b1b7bc5a2e89fda1139d98763d78bab,c14be2a7007e022da13889d804a540d0c0c34264,116,138,True,bb21e98f4b1b7bc5a2e89fda1139d98763d78bab>c14be2a7007e022da13889d804a540d0c0c34264
train,"For bladder cancer, clinical studies yielded conflicting results on the cancer prevention effects of statins in patients with bladder cancer [8–10].","For bladder cancer, clinical studies yielded conflicting results on the cancer prevention effects of statins in patients with bladder cancer CITSEG.",[8–10],result,not_supportive,1.0,0.6825000047683716,1. Introduction,explicit,2dab419465042ffc5da8f032470bd76372dd4c56,3a681477ad66a92fdd771f1849e7a5eec702908c,141,147,True,2dab419465042ffc5da8f032470bd76372dd4c56>3a681477ad66a92fdd771f1849e7a5eec702908c
train,"…high mean concentration of Fe in leafy green plants was lower than the concentrations (140, 292.35 and 601.9 mg/kg) obtained by Brar et al. (2000) in India; Yadav et al. (2013) in India; and Al-Jaboobi et al. (2014) in Morocco for leafy green plants irrigated with groundwater, respectively.","…high mean concentration of Fe in leafy green plants was lower than the concentrations (140, 292.35 and 601.9 mg/kg) obtained by Brar et al. (2000) in India; CITSEG in India; and Al-Jaboobi et al. (2014) in Morocco for leafy green plants irrigated with groundwater, respectively.",Yadav et al. (2013),result,not_supportive,0.7610999941825867,0.524399995803833,Results and discussion,explicit,a987290394cf4476ea4f55f3f7bb427ff5cebf34,0c610357d8682ecc3239863bf0ccf9c8d9090381,158,177,True,a987290394cf4476ea4f55f3f7bb427ff5cebf34>0c610357d8682ecc3239863bf0ccf9c8d9090381
train,", Mg and Zn) are associated with lower concentrations of inflammatory markers that increased risk of MS.[2,36] The differences between our results and previous studies may be explained by differences in sample size, population group and the method of dietary assessment; or the definitions of MS may not be appropriate for an Iranian population; and self‐reported intake may be imprecise.",", Mg and Zn) are associated with lower concentrations of inflammatory markers that increased risk of MS.CITSEG The differences between our results and previous studies may be explained by differences in sample size, population group and the method of dietary assessment; or the definitions of MS may not be appropriate for an Iranian population; and self‐reported intake may be imprecise.","[2,36]",result,not_supportive,1.0,1.0,,explicit,600af96561d42d4e8226dd5c1e969674e5d6c8ad,4fac7a4dfa6719b19f1b40de788a2524bead3775,104,110,True,600af96561d42d4e8226dd5c1e969674e5d6c8ad>4fac7a4dfa6719b19f1b40de788a2524bead3775
train,"Our experiments demonstrate that the proposed framework better encapsulates semantic or category-level shape information while requiring less supervision or relatively inexpensive weak supervision compared to prior works [6, 49].",Our experiments demonstrate that the proposed framework better encapsulates semantic or category-level shape information while requiring less supervision or relatively inexpensive weak supervision compared to prior works CITSEG.,"[6, 49]",result,not_supportive,1.0,0.7014999985694885,1. Introduction,explicit,bd36544bfecd5b9ea58d0eab186968b3c9d181aa,9a01ad5d531d9662795f4d65fdf4c06116dc871c,221,228,False,bd36544bfecd5b9ea58d0eab186968b3c9d181aa>9a01ad5d531d9662795f4d65fdf4c06116dc871c
train,"The current findings however do not support that of past studies (e.g., Anderson et al., 1998; Craik et al., 1996; Park et al., 1989) which show that memory performance is affected more when attention is divided at encoding than when attention is divided at retrieval.","The current findings however do not support that of past studies (e.g., Anderson et al., 1998; CITSEG; Park et al., 1989) which show that memory performance is affected more when attention is divided at encoding than when attention is divided at retrieval.","Craik et al., 1996",result,not_supportive,1.0,1.0,Discussion,explicit,95746f1690aac138821596f863097e851d462976,a7a252d73ff0f63ae9d444cded332c8c41552e28,95,113,True,95746f1690aac138821596f863097e851d462976>a7a252d73ff0f63ae9d444cded332c8c41552e28
train,"In contrast, in other studies, DFI media has been reported to have lower specificity due to occurrence of non-Cronobacter strains with α-glycosidase activity (Cawthorn et al. 2008; Iversen et al. 2004).","In contrast, in other studies, DFI media has been reported to have lower specificity due to occurrence of non-Cronobacter strains with α-glycosidase activity CITSEG8; Iversen et al. 2004).",(Cawthorn et al. 200,result,not_supportive,0.7371000051498413,0.7371000051498413,CHROMOGENIC MEDIA,explicit,049b42404789093f7f9250dc8d01f8506ead8084,8ef70d9f439ba4acdddb480b6b6a4f3165dae7d0,158,178,True,049b42404789093f7f9250dc8d01f8506ead8084>8ef70d9f439ba4acdddb480b6b6a4f3165dae7d0
train,"In contrast to that observed for InlA-mediated uptake of L. monocytogenes (Bonazzi and Cossart, 2006), inhibition of caveolin-1 had little effect on rOmpB-mediated invasion of HeLa cells.","In contrast to that observed for InlA-mediated uptake of L. monocytogenes (CITSEG), inhibition of caveolin-1 had little effect on rOmpB-mediated invasion of HeLa cells.","Bonazzi and Cossart, 2006",result,not_supportive,1.0,0.6811000108718872,Discussion,explicit,a89979ef0ef381c7b97cedc145fc0624d824cc1f,f986e697ab036562fa61ab501ab4c2a64ddc6494,75,100,True,a89979ef0ef381c7b97cedc145fc0624d824cc1f>f986e697ab036562fa61ab501ab4c2a64ddc6494
train,"In contrast to earlier studies (Harcourt et al. 1981; Kappeler 1997a), most data included here stem from wild populations.","In contrast to earlier studies (Harcourt et al. 1981; CITSEG), most data included here stem from wild populations.",Kappeler 1997a,result,not_supportive,1.0,1.0,Results,explicit,6c0d40cfabb567805bef3f50b7af4549e66019fd,98cc989e358d6ff824272048e1030fda47e6e544,54,68,False,6c0d40cfabb567805bef3f50b7af4549e66019fd>98cc989e358d6ff824272048e1030fda47e6e544
train,These findings unlike that of Craik et al. (1996) show that retrieval processes can be disrupted under conditions of divided attention.,These findings unlike that of CITSEG show that retrieval processes can be disrupted under conditions of divided attention.,Craik et al. (1996),result,not_supportive,0.7598000168800354,0.7598000168800354,Discussion,explicit,95746f1690aac138821596f863097e851d462976,a7a252d73ff0f63ae9d444cded332c8c41552e28,30,49,True,95746f1690aac138821596f863097e851d462976>a7a252d73ff0f63ae9d444cded332c8c41552e28
validation,"In contrast to these results, the Nur77 gene, encoding a transcription factor implicated in T cell death (29) and thymocytenegative selection (30), is up-regulated by stimulation of thymocytes with ionomycin alone (Fig.","In contrast to these results, the Nur77 gene, encoding a transcription factor implicated in T cell death (29) and thymocytenegative selection CITSEG, is up-regulated by stimulation of thymocytes with ionomycin alone (Fig.",(30),result,not_supportive,0.7583000063896179,0.49399998784065247,Results,explicit,fad7bfa71587f1afdd345e0131692069bc2eccc6,7c7bcc55e3bad48806d2d092e358989839fb40bc,142,146,False,fad7bfa71587f1afdd345e0131692069bc2eccc6>7c7bcc55e3bad48806d2d092e358989839fb40bc
train,It is possible that the results of the present study differ from those of Todd et al. (2004) due to the differences in sparseness of the surface curves in the two studies.,It is possible that the results of the present study differ from those of CITSEG due to the differences in sparseness of the surface curves in the two studies.,Todd et al. (2004),result,not_supportive,1.0,0.6629999876022339,5.2. Results and discussion,explicit,ba43f7a0b2850788b818f2096ae492ea4ba0fc90,d1a14535c8d5eb2a6f09e5e3d2c1b025c182d7ea,74,92,True,ba43f7a0b2850788b818f2096ae492ea4ba0fc90>d1a14535c8d5eb2a6f09e5e3d2c1b025c182d7ea
train,"This result however is inconsistent with other results [6, 7] that established connections between calcineurin/NFAT and Notch.",This result however is inconsistent with other results CITSEG that established connections between calcineurin/NFAT and Notch.,"[6, 7]",result,not_supportive,1.0,0.6682999730110168,Results and Discussion,explicit,df8ac5050914e95763c868f0a60c523ccfb3f1ba,7190f9194b32977d0c40a57162116b753f1f0bf5,55,61,False,df8ac5050914e95763c868f0a60c523ccfb3f1ba>7190f9194b32977d0c40a57162116b753f1f0bf5
train,"…lower compared to the high mean concentrations of Ni reported in Morocco and India (85 and 66.55 mg/kg, respectively) by Al-Jaboobi et al. (2014) and Yadav et al. (2013), but higher than those from Nigeria and India (0.77 and 1.3 mg/kg, respectively) (Rapheal and Adebayo 2011; Brar et al. 2000).","…lower compared to the high mean concentrations of Ni reported in Morocco and India (85 and 66.55 mg/kg, respectively) by Al-Jaboobi et al. (2014) and CITSEG, but higher than those from Nigeria and India (0.77 and 1.3 mg/kg, respectively) (Rapheal and Adebayo 2011; Brar et al. 2000).",Yadav et al. (2013),result,not_supportive,1.0,0.6769000291824341,Results and discussion,explicit,a987290394cf4476ea4f55f3f7bb427ff5cebf34,0c610357d8682ecc3239863bf0ccf9c8d9090381,151,170,True,a987290394cf4476ea4f55f3f7bb427ff5cebf34>0c610357d8682ecc3239863bf0ccf9c8d9090381
train,"4%, an enormous improvement compared to the Lumbini survey 1995 result that reported just 15% [20, 24, 38].","4%, an enormous improvement compared to the Lumbini survey 1995 result that reported just 15% CITSEG.","[20, 24, 38]",result,not_supportive,1.0,1.0,Discussion,explicit,b2ec0f1621f2f4fba1d4d2f482c8f2380af5bc16,a2393d6e910b41d2456d1d794b42b5546b863094,94,106,True,b2ec0f1621f2f4fba1d4d2f482c8f2380af5bc16>a2393d6e910b41d2456d1d794b42b5546b863094
train,"This finding is different from that in our previous analysis of the original survey data, in which AOD use was unrelated to major depression after controlling for other social and behavioural variables (Mao et al. 2009b).","This finding is different from that in our previous analysis of the original survey data, in which AOD use was unrelated to major depression after controlling for other social and behavioural variables (CITSEG).",Mao et al. 2009b,result,not_supportive,1.0,0.6837000250816345,Discussion,explicit,96d59f09d602d930beddbc2785972d443efa4d93,723a4b4f3019cd5a5f8546925d8cf4478a0d03b7,203,219,False,96d59f09d602d930beddbc2785972d443efa4d93>723a4b4f3019cd5a5f8546925d8cf4478a0d03b7
train,"By contrast, Hanlon et al. (1998) showed that higher serum cholesterol reduced the risk of hospitalization in this population.","By contrast, CITSEG showed that higher serum cholesterol reduced the risk of hospitalization in this population.",Hanlon et al. (1998),result,not_supportive,1.0,1.0,Discussion,explicit,8dfa37d9118597e766d00ccfd87003d60f6477c5,87d0428d1094e534fcf1f28e40e95311e196db58,13,33,True,8dfa37d9118597e766d00ccfd87003d60f6477c5>87d0428d1094e534fcf1f28e40e95311e196db58
train,"This study differed from others where NE was achieved in that the birds were given liquid inoculations rather than cultures mixed with feed (Chalmers et al., 2007; Cooper & Songer, 2010).","This study differed from others where NE was achieved in that the birds were given liquid inoculations rather than cultures mixed with feed (CITSEG; Cooper & Songer, 2010).","Chalmers et al., 2007",result,not_supportive,1.0,0.6818000078201294,Discussion,explicit,052157cc6f9b1faee4edf6bf3908236b30cdebf3,3e042815478444b00b9ad534c0be190fcdd9d7d4,141,162,False,052157cc6f9b1faee4edf6bf3908236b30cdebf3>3e042815478444b00b9ad534c0be190fcdd9d7d4
train,"The present study was not able to confirm any of the studied anatomical variables as predictive factors of venous congestion, despite being suggested in the literature.[5,6,13,14] The abdominal superficial venous dominance is one of the most extended and accepted (but not proved) hypothesis for explaining the diffuse congestion as a large diameter SIEV may denote dominance over the deep venous system.","The present study was not able to confirm any of the studied anatomical variables as predictive factors of venous congestion, despite being suggested in the literature.CITSEG The abdominal superficial venous dominance is one of the most extended and accepted (but not proved) hypothesis for explaining the diffuse congestion as a large diameter SIEV may denote dominance over the deep venous system.","[5,6,13,14]",result,not_supportive,1.0,0.7041000127792358,DISCUSSION,explicit,410376c6a35d3dd09a544e0b334ac4e11e22da52,bc09dfbd0300f89c727c3b5f494b326fc0bb9b15,168,179,True,410376c6a35d3dd09a544e0b334ac4e11e22da52>bc09dfbd0300f89c727c3b5f494b326fc0bb9b15
train,"However, contrary to our results, Mansour et al. (2002) showed significant reduction of CP-induced creatinine increase by AMG (Mansour et al., 2002).","However, contrary to our results, CITSEG showed significant reduction of CP-induced creatinine increase by AMG (Mansour et al., 2002).",Mansour et al. (2002),result,not_supportive,1.0,1.0,Discussion and conclusions,explicit,952660f4a305ebc8bc46ea23dd1ea41464d6681f,6b1223f442606ef04c8c04b36f1cdc0efb14c560,34,55,True,952660f4a305ebc8bc46ea23dd1ea41464d6681f>6b1223f442606ef04c8c04b36f1cdc0efb14c560
train,"In the only other study, to our knowledge, to examine antibiotic timing and its effect on persistent bacteremia, no significant difference was found in the timing of vancomycin initiation in patients with pMRSAB and patients with npMRSAB.(3) We did not detect an association between vancomycin use and pSAB in our study.","In the only other study, to our knowledge, to examine antibiotic timing and its effect on persistent bacteremia, no significant difference was found in the timing of vancomycin initiation in patients with pMRSAB and patients with npMRSAB.CITSEG We did not detect an association between vancomycin use and pSAB in our study.",(3),result,not_supportive,1.0,0.6474000215530396,,explicit,940b10c7c99aa5c4c905e90c5906f849d83c7a94,772cbefd29727a2ac1d9fce56ca09a8b226ac438,238,241,True,940b10c7c99aa5c4c905e90c5906f849d83c7a94>772cbefd29727a2ac1d9fce56ca09a8b226ac438
train,"This contradicts to existing methods [21, 27] which limit the attention to the subgraph induced by the infected nodes.",This contradicts to existing methods CITSEG which limit the attention to the subgraph induced by the infected nodes.,"[21, 27]",result,not_supportive,0.7383999824523926,0.7383999824523926,1. INTRODUCTION,explicit,1a2114515c8aee2fb46a56fbffba0f2285570d02,72716e49b923a84db430e100feb7f6cb975f3302,37,45,True,1a2114515c8aee2fb46a56fbffba0f2285570d02>72716e49b923a84db430e100feb7f6cb975f3302
train,"Previous studies have published on the relationship between markers of ECM remodelling with CHD [5,6,29], but the results have been inconsistent with studies reporting either a positive or null effect while others have shown that markers of inflammation largely confound the association.","Previous studies have published on the relationship between markers of ECM remodelling with CHD CITSEG, but the results have been inconsistent with studies reporting either a positive or null effect while others have shown that markers of inflammation largely confound the association.","[5,6,29]",result,not_supportive,0.6013000011444092,0.3846000134944916,Discussion,explicit,f073f6ad682f2598f7a0e21aeaf7837f15e2af96,68e2a022618bf67bae94ab61993dceb229fd4a66,96,104,True,f073f6ad682f2598f7a0e21aeaf7837f15e2af96>68e2a022618bf67bae94ab61993dceb229fd4a66
train,"The other potential source of discrepancy in the results between the two studies is the experimental task – in the study of
Todd et al. (2004) the subjects had to specify the position of the local extrema of the depth function on a single scan line while in the present experiment the subjects had…",The other potential source of discrepancy in the results between the two studies is the experimental task – in the study oCITSEG4) the subjects had to specify the position of the local extrema of the depth function on a single scan line while in the present experiment the subjects had…,"f
Todd et al. (200",result,not_supportive,1.0,0.6381000280380249,5.2. Results and discussion,explicit,ba43f7a0b2850788b818f2096ae492ea4ba0fc90,d1a14535c8d5eb2a6f09e5e3d2c1b025c182d7ea,122,140,True,ba43f7a0b2850788b818f2096ae492ea4ba0fc90>d1a14535c8d5eb2a6f09e5e3d2c1b025c182d7ea
train,"The study reporting a 40% specificity included only five disease negative patients [24]; in contrast to larger disease free cohorts [23,31] reporting specificities of up to 98.","The study reporting a 40% specificity included only five disease negative patients CITSEG; in contrast to larger disease free cohorts [23,31] reporting specificities of up to 98.",[24],result,not_supportive,0.608299970626831,0.4009000062942505,3.3. CT &MDCT,explicit,a07a6f5c4e1192778bcb50250d0eff4857066632,9beb6e9503a5e38124887d4d40c7845d5a06e7cb,83,87,True,a07a6f5c4e1192778bcb50250d0eff4857066632>9beb6e9503a5e38124887d4d40c7845d5a06e7cb
train,The single study we examined that was limited to trials initiated after the ICMJE statement still found primary outcome inconsistencies in 15 of 55 (27 %) included trials [16].,The single study we examined that was limited to trials initiated after the ICMJE statement still found primary outcome inconsistencies in 15 of 55 (27 %) included trials CITSEG.,[16],result,not_supportive,0.6032000184059143,0.6032000184059143,Discussion,explicit,45edff55835cc98c06c893d5bed2a8dc2b308655,1e526b851137c3deca29c1cd0e3c852ef7744d3e,171,175,True,45edff55835cc98c06c893d5bed2a8dc2b308655>1e526b851137c3deca29c1cd0e3c852ef7744d3e
train,"Also, the peak muscle activity of the TES was about 10 %MVC lower and the IO and EO had larger EMG amplitudes during the pre-trial and trial in the Krajcarski et al. (1999) study.","Also, the peak muscle activity of the TES was about 10 %MVC lower and the IO and EO had larger EMG amplitudes during the pre-trial and trial in the CITSEG study.",Krajcarski et al. (1999),result,not_supportive,0.638700008392334,0.4300999939441681,Results & Discussion,explicit,551c30c8c3ffd11bb00ffef7d89fa3bec52a1102,f25f4beb189c66b5d0e805ab5a667765137f1787,148,172,True,551c30c8c3ffd11bb00ffef7d89fa3bec52a1102>f25f4beb189c66b5d0e805ab5a667765137f1787
train,"Another important difference between the study by Hendriks et al. (2014) and the current study is that to elicit the
Frontiers in Psychology | www.frontiersin.org 14 February 2018 | Volume 9 | Article 176
narratives, they showed their images one at a time (i.e., successive presentation in a…","Another important difference between the study by CITSEG and the current study is that to elicit the
Frontiers in Psychology | www.frontiersin.org 14 February 2018 | Volume 9 | Article 176
narratives, they showed their images one at a time (i.e., successive presentation in a…",Hendriks et al. (2014),result,not_supportive,1.0,1.0,Effects of Discourse Stages on Adjustment of Reference Markers,explicit,ed60fe5cf0b2947f812a3d19d533d0f644b67b0d,5af4e6e8d6e7a25cb37a9d52e87a1f28b4464e04,50,72,True,ed60fe5cf0b2947f812a3d19d533d0f644b67b0d>5af4e6e8d6e7a25cb37a9d52e87a1f28b4464e04
train,"The previously published evaluation of outcomes took place three months after baseline measurement and the follow-up outcome measurement reported in the present paper was conducted one year after baseline measurement [18,19].",The previously published evaluation of outcomes took place three months after baseline measurement and the follow-up outcome measurement reported in the present paper was conducted one year after baseline measurement CITSEG.,"[18,19]",result,not_supportive,0.6980000138282776,0.3549000024795532,Study design,explicit,2e2c74d79ff1163dc19c2ba6c533f40033de2b9c,5d4342e9131d15be9ff83e4e06879439a452adfb,217,224,False,2e2c74d79ff1163dc19c2ba6c533f40033de2b9c>5d4342e9131d15be9ff83e4e06879439a452adfb
train,"However, in contrast to our study Steyn-Ross et al. (1999), Bojak and Liley (2005) and Hutt and Longtin (2010) did not observe increased EEG frequencies.","However, in contrast to our study Steyn-Ross et al. (1999), Bojak and Liley (2005) and CITSEG did not observe increased EEG frequencies.",Hutt and Longtin (2010),result,not_supportive,0.7394000291824341,0.4957999885082245,Model predictions,explicit,bb21e98f4b1b7bc5a2e89fda1139d98763d78bab,c14be2a7007e022da13889d804a540d0c0c34264,87,110,True,bb21e98f4b1b7bc5a2e89fda1139d98763d78bab>c14be2a7007e022da13889d804a540d0c0c34264
validation,"Although the internally quenched substrate Abz-(R)4SAGnYamide was shown previously to be efficiently cleaved by DEN NS2B(H)-NS3pro, (kcat/Km: 11087 M 21 s(21)) [22], binding affinity and cleavage efficiency (kcat/Km: 19 M 21 s(21)) of this peptide was substantially lower (approx.","Although the internally quenched substrate Abz-(R)4SAGnYamide was shown previously to be efficiently cleaved by DEN NS2B(H)-NS3pro, (kcat/Km: 11087 M 21 s(21)) CITSEG, binding affinity and cleavage efficiency (kcat/Km: 19 M 21 s(21)) of this peptide was substantially lower (approx.",[22],result,not_supportive,0.6032000184059143,0.6032000184059143,,explicit,d2bcff78be492e5b3579639d8c60f26b6ff1a864,15af0de1ee98e55da11f26242c511a82253cc898,160,164,False,d2bcff78be492e5b3579639d8c60f26b6ff1a864>15af0de1ee98e55da11f26242c511a82253cc898
train,"This finding is not consistent with an actionbased explanation of IOR and, although not precluding the idea that inhibitory processes are working at another level of the responding system (Welsh and Elliott 2004b), suggests that target localization and movement preparation are not the same process.","This finding is not consistent with an actionbased explanation of IOR and, although not precluding the idea that inhibitory processes are working at another level of the responding system (CITSEG), suggests that target localization and movement preparation are not the same process.",Welsh and Elliott 2004b,result,not_supportive,0.7688999772071838,0.7688999772071838,Discussion,explicit,d45b18f6600ac7e4b23f6c8db773206725b36897,ef6024c89420ef17fa3432c2b744f4c7634a795a,189,212,False,d45b18f6600ac7e4b23f6c8db773206725b36897>ef6024c89420ef17fa3432c2b744f4c7634a795a
train,"Several OPG polymorphisms have been studied in osteoporosis, but not surprisingly published results about the association between the OPG polymorphisms and osteoporosis are highly variable [6–12].","Several OPG polymorphisms have been studied in osteoporosis, but not surprisingly published results about the association between the OPG polymorphisms and osteoporosis are highly variable CITSEG.",[6–12],result,not_supportive,0.7361000180244446,0.4717999994754791,Introduction,explicit,92d9f20dfc4ef188b2ea6babf65049964e2b3603,5873d95d61e1b238319221829b826bee36cc6505,189,195,True,92d9f20dfc4ef188b2ea6babf65049964e2b3603>5873d95d61e1b238319221829b826bee36cc6505
train,"More examples of contradictory results have been observed in bovines; some reports (Zakhartchenko et al., 2001; Bhuiyan et al., 2004) indicated a significant decrease in blastocyst",More examples of contradictory results have been observed in bovines; some reports CITSEG indicated a significant decrease in blastocyst,"(Zakhartchenko et al., 2001; Bhuiyan et al., 2004)",result,not_supportive,0.7660999894142151,0.5146999955177307,DISCUSSION,explicit,39aca52b748a1e8969413295fc736ea90fd930ea,b7c9b2632ffbcef4a35a6bf0c85686d9f11c1532,83,133,True,39aca52b748a1e8969413295fc736ea90fd930ea>b7c9b2632ffbcef4a35a6bf0c85686d9f11c1532
validation,"In contrast to other measures of gait during dual tasking (Springer et al. 2006; Yogev et al. 2005), GA was not related to executive function or attention.","In contrast to other measures of gait during dual tasking (Springer et al. 2006; CITSEG), GA was not related to executive function or attention.",Yogev et al. 2005,result,not_supportive,0.7441999912261963,0.7441999912261963,Discussion,explicit,7ac67ff0f59585ad3b31d22424c2cef72e20a27d,8d588720ea1b676f8b3906b696e06cf64f5b766b,81,98,False,7ac67ff0f59585ad3b31d22424c2cef72e20a27d>8d588720ea1b676f8b3906b696e06cf64f5b766b
train,"Some previous studies reported temporal and spatial variations of gaseous and particulate matter pollutants in China (Chai et al., 2014; Chen and Xie, 2014; Han et al., 2009; Johansson et al., 2007; Karar et al., 2006; Lewne et al., 2004; Li et al., 2014; Martini et al., 2015; Meng et al., 2009; Sun et al., 2013; Wang et al., 2008, 2014d; Zhang et al., 2014; Zheng et al., 2013), but detailedly observational data were scarce. Additionally, most of the studies were only limited in one single city or air pollutant. For example, based on dailymean concentrations of PM10, NO2 and SO2 for five fixed-site air monitoring stations in urban area of Guangzhou from 1 January 2001 to 31 December 2011, Li et al. (2014) analyzed timescale-dependent relationships between air pollution index (API) and a variety of meteorological factors by the wavelet analysis, and found temperature, RH (relative humidity), precipitation and wind speed were negatively correlated with API.","Some previous studies reported temporal and spatial variations of gaseous and particulate matter pollutants in China (CITSEGanalyzed timescale-dependent relationships between air pollution index (API) and a variety of meteorological factors by the wavelet analysis, and found temperature, RH (relative humidity), precipitation and wind speed were negatively correlated with API.","Chai et al., 2014; Chen and Xie, 2014; Han et al., 2009; Johansson et al., 2007; Karar et al., 2006; Lewne et al., 2004; Li et al., 2014; Martini et al., 2015; Meng et al., 2009; Sun et al., 2013; Wang et al., 2008, 2014d; Zhang et al., 2014; Zheng et al., 2013), but detailedly observational data were scarce. Additionally, most of the studies were only limited in one single city or air pollutant. For example, based on dailymean concentrations of PM10, NO2 and SO2 for five fixed-site air monitoring stations in urban area of Guangzhou from 1 January 2001 to 31 December 2011, Li et al. (2014) ",result,not_supportive,1.0,1.0,1. Introduction,explicit,1c35754e745402d9c659a15ee856528931bfb111,0369b5e89be7ebb5643b67901b848c3b95ced003,118,715,True,1c35754e745402d9c659a15ee856528931bfb111>0369b5e89be7ebb5643b67901b848c3b95ced003
train,"Although we found manual dissection of BG01 was successful, we adapted this line to trypsin-passaging on feeders and on Matrigel to facilitate comparison with an independently-derived line, HUES-7 (Cowan et al., 2004).","Although we found manual dissection of BG01 was successful, we adapted this line to trypsin-passaging on feeders and on Matrigel to facilitate comparison with an independently-derived line, HUES-7 (CITSEG).","Cowan et al., 2004",result,supportive,0.7490000128746033,0.5067999958992004,Results,explicit,4445cba251a0c983b76acb84d3c48ca8713c65b9,b83fc70119b548fbd5ad03093eb3add669c8716a,198,216,True,4445cba251a0c983b76acb84d3c48ca8713c65b9>b83fc70119b548fbd5ad03093eb3add669c8716a
train,"8 percent for selected rules Snort and ClamAV, compared with several existing bit-split string matching approaches in [8], [9], [10], and [4].","8 percent for selected rules Snort and ClamAV, compared with several existing bit-split string matching approaches in [8], [9], [10], and CITSEG.",[4],result,supportive,1.0,1.0,1 INTRODUCTION,explicit,026b7cae6eb1dfa570ddc4100135ff7b5023b6de,0b29c289bc5f0fa7e51090d1ad00654754b68b94,138,141,True,026b7cae6eb1dfa570ddc4100135ff7b5023b6de>0b29c289bc5f0fa7e51090d1ad00654754b68b94
train,"The Hill coefficient values (“n”) were also consistent to those of the E. coli expressed P450 3A37 (Rawal et al., 2010b).",The Hill coefficient values (“n”) were also consistent to those of the E. coli expressed P450 3A37CITSEG0b).," (Rawal et al., 201",result,supportive,0.6312999725341797,0.6312999725341797,Metabolism of AFB1 by control TLMs,explicit,77cc5c7417526334a60494acd658dcbf377cae1d,ced7e3c1f9c912dca5751664c86a7587b58b0854,98,117,False,77cc5c7417526334a60494acd658dcbf377cae1d>ced7e3c1f9c912dca5751664c86a7587b58b0854
train,"…were aimed at confirming the presence of PLCb1 in close vicinity to postsynaptic densities as previously observed by biochemical (Taguchi et al., 2007) and ultrastructural approaches (Fukaya et al., 2008), as well as to define the precise location of nuclear PLCb1 in native nervous tissue.","…were aimed at confirming the presence of PLCb1 in close vicinity to postsynaptic densities as previously observed by biochemical (Taguchi et al., 2007) and ultrastructural approaches (CITSEG), as well as to define the precise location of nuclear PLCb1 in native nervous tissue.","Fukaya et al., 2008",result,supportive,0.6169000267982483,0.6169000267982483,General observations,explicit,80160aee8cdcbc26e6b65dd28fd07246c349140c,9b191008e5ce88ef5fb79694fa7fb8d7ab10170b,185,204,True,80160aee8cdcbc26e6b65dd28fd07246c349140c>9b191008e5ce88ef5fb79694fa7fb8d7ab10170b
train,"Our results showed that disruption of the reductase genes resulted in significant decreases in the synthesis of fatty alcohol and WE by Mtb exposed to nitric oxide, nutrient starvation or combined MS that are thought to mimic in vivo conditions that lead to dormancy [11,26,33].","Our results showed that disruption of the reductase genes resulted in significant decreases in the synthesis of fatty alcohol and WE by Mtb exposed to nitric oxide, nutrient starvation or combined MS that are thought to mimic in vivo conditions that lead to dormancy CITSEG.","[11,26,33]",result,supportive,0.6133999824523926,0.6133999824523926,Discussion,explicit,c372d01f41c9af19d34cc8ad3745593740fb51d4,c428493c4e5af25f2c04bc5d139e4500352cbf7a,267,277,True,c372d01f41c9af19d34cc8ad3745593740fb51d4>c428493c4e5af25f2c04bc5d139e4500352cbf7a
train,"The current study confirms previous investigations that ADM is a natriuretic peptide (2, 4, 7, 22).",The current study confirms previous investigations that ADM is a natriuretic peptide CITSEG.,"(2, 4, 7, 22)",result,supportive,1.0,1.0,DISCUSSION,explicit,067c4d561a6f2101a24a151e72db6a19f648c5b8,8a4f1f110d9ed5e4c921c34254e3bca43fd3fed5,85,98,True,067c4d561a6f2101a24a151e72db6a19f648c5b8>8a4f1f110d9ed5e4c921c34254e3bca43fd3fed5
train,"This is in agreement with previous work investigating the effects of rTMS on simple motor behavior (Wassermann et al., 1996; Chen et al., 1997; Pascual Leone et al., 1998; Muellbacher et al., 2000; Rossi et al., 2000).","This is in agreement with previous work investigating the effects of rTMS on simple motor behavior (Wassermann et al., 1996; CITSEG; Pascual Leone et al., 1998; Muellbacher et al., 2000; Rossi et al., 2000).","Chen et al., 1997",result,supportive,1.0,1.0,Behavioral data,explicit,21dbf449ff5b39e1dc4b65fb87eaa7e8abc3ae83,b8d851c0cdeb3996ce634a2f75c9f30bd91389cb,125,142,True,21dbf449ff5b39e1dc4b65fb87eaa7e8abc3ae83>b8d851c0cdeb3996ce634a2f75c9f30bd91389cb
train,"Introduction of HDAC4-specific siRNA significantly inhibited denervation-induced atrophy (Figure 1A) as was also shown previously (Moresi et al., 2010).",Introduction of HDAC4-specific siRNA significantly inhibited denervation-induced atrophy (Figure 1A) as was also shown previously CITSEG.,"(Moresi et al., 2010)",result,supportive,0.748199999332428,0.748199999332428,,explicit,fc2fa61db68563e26daafe962633ab2b7e8e8b3d,18dba91edf38fe354fd3a1123737185c841be419,130,151,True,fc2fa61db68563e26daafe962633ab2b7e8e8b3d>18dba91edf38fe354fd3a1123737185c841be419
train,"This concurs with other data on Myh13 expression (6) and may explain this transcript’s sensitivity to postnatal visual/vestibular deprivation (5, 7).",This concurs with other data on Myh13 expression (6) and may explain this transcript’s sensitivity to postnatal visual/vestibular deprivation CITSEG.,"(5, 7)",result,supportive,0.7608000040054321,0.7608000040054321,RESULTS AND DISCUSSION,explicit,768520fe0920db22991096b81c53b4b0423ca5c1,feead8af080fe6c945340da209b3f642c0678769,142,148,True,768520fe0920db22991096b81c53b4b0423ca5c1>feead8af080fe6c945340da209b3f642c0678769
train,"These concentrations are similar to those determined in prior tivozanib monotherapy trials [5, 6].",These concentrations are similar to those determined in prior tivozanib monotherapy trials CITSEG.,"[5, 6]",result,supportive,1.0,1.0,Results,explicit,991fbde8cbf415150a08b5acfe8d04ba0e1198fa,4a25bf73afc311870a5b2271da6024c5e8f5bb6c,91,97,True,991fbde8cbf415150a08b5acfe8d04ba0e1198fa>4a25bf73afc311870a5b2271da6024c5e8f5bb6c
train,"From results reported here, and those in previous works (recent works of particular importance to this report are: Chapple and Krans 2004; Krans and Chapple 2005), we have adopted the following conclusions: (1) The reflex generation of force is profoundly nonlinear and the first phase may act like…","From results reported here, and those in previous works (recent works of particular importance to this report are: Chapple and Krans 2004; CITSEG), we have adopted the following conclusions: (1) The reflex generation of force is profoundly nonlinear and the first phase may act like…",Krans and Chapple 2005,result,supportive,0.6036999821662903,0.6036999821662903,Discussion,explicit,5227ec6b6b9e6630d3eec53e8784b1d43b97febf,61ba484c3fd142d5ddf606eae1a549fe29594208,139,161,False,5227ec6b6b9e6630d3eec53e8784b1d43b97febf>61ba484c3fd142d5ddf606eae1a549fe29594208
train,"Previously reported naive-state hPSCs can be propagated in an LIF-dependent state in a manner akin to that of mESCs using a cocktail of small molecules (Gafni et al., 2013; Chan et al., 2013; Theunissen et al., 2014; Valamehr et al., 2014;Ware et al., 2014; Duggal et al., 2015).","Previously reported naive-state hPSCs can be propagated in an LIF-dependent state in a manner akin to that of mESCs using a cocktail of small molecules (Gafni et al., 2013; Chan et al., 2013; Theunissen et al., 2014; Valamehr et al., 2014;Ware et al., 2014; CITSEG).","Duggal et al., 2015",result,supportive,0.6197999715805054,0.6197999715805054,DISCUSSION,explicit,800ec2373cfc2706baa123c57aeb06c4f8d2279c,46d8cc36dbf30b274aa7edbd36ed319556ea8047,258,277,True,800ec2373cfc2706baa123c57aeb06c4f8d2279c>46d8cc36dbf30b274aa7edbd36ed319556ea8047
train,These results are in accordance with the studies of Appenroth et al. (1997) and Mansour et al. (2002).,These results are in accordance with the studies of Appenroth et al. (1997) and CITSEG.,Mansour et al. (2002),result,supportive,1.0,1.0,Discussion and conclusions,explicit,952660f4a305ebc8bc46ea23dd1ea41464d6681f,6b1223f442606ef04c8c04b36f1cdc0efb14c560,80,101,True,952660f4a305ebc8bc46ea23dd1ea41464d6681f>6b1223f442606ef04c8c04b36f1cdc0efb14c560
train,Our data further confirm results of miRNA analysis on the same animals that showed target gene enrichment in similar pathways and gene networks [39].,Our data further confirm results of miRNA analysis on the same animals that showed target gene enrichment in similar pathways and gene networks CITSEG.,[39],result,supportive,1.0,1.0,Discussion,explicit,4b5bf14cb396b8665f76d4ed2e91bae687940ada,c307afadb6e108dcf2b4166a098342290960f3df,144,148,False,4b5bf14cb396b8665f76d4ed2e91bae687940ada>c307afadb6e108dcf2b4166a098342290960f3df
train,"Ten percent of the specimens (both positive and negative) collected in both surveys were sent to the Global Clinical Viral Laboratory (GCVL) in Durban, South Africa for external quality assessment and the results had a 99% agreement rate with TDRC [21,22,23].","Ten percent of the specimens (both positive and negative) collected in both surveys were sent to the Global Clinical Viral Laboratory (GCVL) in Durban, South Africa for external quality assessment and the results had a 99% agreement rate with TDRC CITSEG.","[21,22,23]",result,supportive,0.6043000221252441,0.6043000221252441,Methods,explicit,04e502258b2d09f3deaa3d20448bb3493b621cbe,3c9c7ed296684d9f7f2cc24d85c5e09e8fe603af,248,258,False,04e502258b2d09f3deaa3d20448bb3493b621cbe>3c9c7ed296684d9f7f2cc24d85c5e09e8fe603af
train,"This is in close agreement with the histopathological findings in TSC, which has shown a disruption in normal cortical lamination, abnormal cell differentiation and reduction in density of myelinated fibers and number of normal neurons [22].","This is in close agreement with the histopathological findings in TSC, which has shown a disruption in normal cortical lamination, abnormal cell differentiation and reduction in density of myelinated fibers and number of normal neurons CITSEG.",[22],result,supportive,0.6031000018119812,0.6031000018119812,Discussion,explicit,2f46ad2a67188576ef0d036f48744f1562e5ea5f,9bb81800de25b87ea923e9de2411f509c4e11e50,236,240,True,2f46ad2a67188576ef0d036f48744f1562e5ea5f>9bb81800de25b87ea923e9de2411f509c4e11e50
train,"For embedding techniques, we take TransE [Bordes et al., 2013], KALE [Guo et al., 2016], TEKE [Wang and Li, 2016] and HOLE [Nickel et al., 2016] as our comparisons.","For embedding techniques, we take TransE [Bordes et al., 2013], KALE [Guo et al., 2016], TEKE [Wang and Li, 2016] and HOLE [CITSEG] as our comparisons.","Nickel et al., 2016",result,supportive,0.7396000027656555,0.5116000175476074,4.1 Experimental Setup,explicit,7659b9a095f9710c85243fd1a506c62263b91a6e,bb75de5280ff9b0bbdd74633b9887d10fbe0ae10,124,143,True,7659b9a095f9710c85243fd1a506c62263b91a6e>bb75de5280ff9b0bbdd74633b9887d10fbe0ae10
train,"Moreover, there is now good convergence to support the three subscales within the I-QoL following the results of two studies [18, 20] and the present findings.","Moreover, there is now good convergence to support the three subscales within the I-QoL following the results of two studies CITSEG and the present findings.","[18, 20]",result,supportive,0.7447999715805054,0.7447999715805054,Discussion,explicit,4c6d41b5241a2d80b993632d7e89acdb9fedef74,45ee8db9be57b97522566b1d1f6d2433cc464b72,125,133,True,4c6d41b5241a2d80b993632d7e89acdb9fedef74>45ee8db9be57b97522566b1d1f6d2433cc464b72
train,"Consistent with previous reports (al-Khodairy et al., 1995; Seufert et al., 1995; Tanaka et al., 1999; Biggins et al., 2001), our data showed that Smt3 and Ubc9 have pivotal functions during mitosis.","Consistent with previous reports (al-Khodairy et al., 1995; CITSEG; Tanaka et al., 1999; Biggins et al., 2001), our data showed that Smt3 and Ubc9 have pivotal functions during mitosis.","Seufert et al., 1995",result,supportive,0.7422000169754028,0.7422000169754028,Discussion,explicit,676b19ba1c40fedf4d27a3f48a766ac20b960f8e,fe2fd3262b549d1b36898127e3cc7ca1c1dd3646,60,80,True,676b19ba1c40fedf4d27a3f48a766ac20b960f8e>fe2fd3262b549d1b36898127e3cc7ca1c1dd3646
train,Our results are roughly in line with those of Fukaya et al. (2008) with regard to the cell morphologies.,Our results are roughly in line with those of CITSEG with regard to the cell morphologies.,Fukaya et al. (2008),result,supportive,0.7390999794006348,0.7390999794006348,Technical considerations,explicit,80160aee8cdcbc26e6b65dd28fd07246c349140c,9b191008e5ce88ef5fb79694fa7fb8d7ab10170b,46,66,True,80160aee8cdcbc26e6b65dd28fd07246c349140c>9b191008e5ce88ef5fb79694fa7fb8d7ab10170b
train,We also compared our system with the state-of-the-art Czech NER system [11].,We also compared our system with the state-of-the-art Czech NER system CITSEG.,[11],result,supportive,0.7466999888420105,0.4830999970436096,V. EXPERIMENTS AND RESULTS,explicit,88a87a17072d7670522bff791544ee8740edb705,13d3d20a17f9e837e4a5f768147b0708a3fe7579,71,75,True,88a87a17072d7670522bff791544ee8740edb705>13d3d20a17f9e837e4a5f768147b0708a3fe7579
train,"Like in other studies (Grober et al., 2010; Sarazin et al., 2010), the total recall item (the sum of the spontaneous and the cued recalls) revealed to be the most important measure in the distinction between patients and controls.","Like in other studies (Grober et al., 2010; CITSEG), the total recall item (the sum of the spontaneous and the cued recalls) revealed to be the most important measure in the distinction between patients and controls.","Sarazin et al., 2010",result,supportive,0.7567999958992004,0.7567999958992004,Discussion,explicit,9462acef826a6b495fe8fb281660ee4418bb840e,21aaceb3fc27e8cc831e25191d967daa0d8962bf,44,64,True,9462acef826a6b495fe8fb281660ee4418bb840e>21aaceb3fc27e8cc831e25191d967daa0d8962bf
train,"Drawing upon previous goal recognition research, (Blaylock and Allen 2003; Mott et al. 2006), the work presented in this chapter defines goal recognition as the task of predicting the most likely goal for a given sequence of observed low-level player behavior in the game environment.","Drawing upon previous goal recognition research, (CITSEG; Mott et al. 2006), the work presented in this chapter defines goal recognition as the task of predicting the most likely goal for a given sequence of observed low-level player behavior in the game environment.",Blaylock and Allen 2003,result,supportive,0.7494999766349792,0.7494999766349792,5. Goal Recognition with Markov Logic Networks,explicit,731f4b9498ec9276c76f8bf1e3c32a50eb9394ab,a4cf4bb41fb0b6fa978fd1456e86308218c8e882,50,73,True,731f4b9498ec9276c76f8bf1e3c32a50eb9394ab>a4cf4bb41fb0b6fa978fd1456e86308218c8e882
train,"This finding is new for the Thr-Glu-Tyr motif and is consistent with the reported phosphorylation of Tyr during AR induced by LPC (de Lamirande et al., 1998, de Lamirande and Gagnon, 2002) and A23187 (Aitken et al., 1995).","This finding is new for the Thr-Glu-Tyr motif and is consistent with the reported phosphorylation of Tyr during AR induced by LPC (de Lamirande et al., 1998, de CITSEG) and A23187 (Aitken et al., 1995).","Lamirande and Gagnon, 2002",result,supportive,1.0,1.0,Discussion,explicit,51c7b381edeec1f0fb4e3c3f7a4d5a5bf2a49a28,01994833ad94026b07221b3ae0e57783c016b67d,161,187,False,51c7b381edeec1f0fb4e3c3f7a4d5a5bf2a49a28>01994833ad94026b07221b3ae0e57783c016b67d
train,"Our findings are supported by a growing number of epidemiological studies showing an association between air pollution exposure and cognitive impairment in the elderly (Chen and Schwartz 2009; Power et al. 2011; Ranft et al. 2009; Wellenius et al. 2012; Weuve et al. 2012a; Chang et al. 2014; Tonne et al. 2014, Ailshire and Crimmings 2014, Ailshire and Clarke 2014) and by toxicological studies suggesting that air pollution has neuropathological effects (Block and Calderón-Garcidueñas",Our findings are supported by a growing number of epidemiological studies showing an association between air pollution exposure and cognitive impairment in the elderly CITSEG and by toxicological studies suggesting that air pollution has neuropathological effects (Block and Calderón-Garcidueñas,"(Chen and Schwartz 2009; Power et al. 2011; Ranft et al. 2009; Wellenius et al. 2012; Weuve et al. 2012a; Chang et al. 2014; Tonne et al. 2014, Ailshire and Crimmings 2014, Ailshire and Clarke 2014)",result,supportive,1.0,1.0,Discussion,explicit,39d8e388224109f81f3ef8cfbd2c98510c07894e,e8ae6c46403d86e8170ef9fc353f1ab643acc372,168,366,False,39d8e388224109f81f3ef8cfbd2c98510c07894e>e8ae6c46403d86e8170ef9fc353f1ab643acc372
train,"Studies conducted at finer scales could help to elucidate the relative importance of these relationships in our study area, because other finer-scale studies have shown that elk group size directly responds to variation in predation risk from wolves (Creel & Winnie 2005).","Studies conducted at finer scales could help to elucidate the relative importance of these relationships in our study area, because other finer-scale studies have shown that elk group size directly responds to variation in predation risk from wolves (CITSEG).",Creel & Winnie 2005,result,supportive,1.0,0.6693000197410583,Discussion,explicit,21c7fa119032c976a89625081e9fc8497aadf520,dbcb2c6cbf1ce8aa365028b1437e918b30e5e0a5,251,270,True,21c7fa119032c976a89625081e9fc8497aadf520>dbcb2c6cbf1ce8aa365028b1437e918b30e5e0a5
train,"In line with past studies (e.g., Anderson et al., 1998; Craik et al., 1996) results of the current study showed that secondary task performance i.",In line with past studies CITSEG results of the current study showed that secondary task performance i.,"(e.g., Anderson et al., 1998; Craik et al., 1996)",result,supportive,1.0,1.0,Discussion,explicit,95746f1690aac138821596f863097e851d462976,a7a252d73ff0f63ae9d444cded332c8c41552e28,26,75,True,95746f1690aac138821596f863097e851d462976>a7a252d73ff0f63ae9d444cded332c8c41552e28
train,"Similar observations have been made in the USA, where gonorrhoea and other sexually transmitted infections (STIs) have been shown in multiple studies to be concentrated in certain geographical areas (Rothenberg 1983; Potterat et al. 1985; Bernstein et al. 2004; Kerani et al. 2005).","Similar observations have been made in the USA, where gonorrhoea and other sexually transmitted infections (STIs) have been shown in multiple studies to be concentrated in certain geographical areas (Rothenberg 1983; Potterat et al. 1985; CITSEG; Kerani et al. 2005).",Bernstein et al. 2004,result,supportive,0.6922000050544739,0.6922000050544739,1. INTRODUCTION,explicit,48793a345eacc733e0e3dd51cb0cafd56baf101f,990f0494d4f46e43bdb76415e8524ce591902792,239,260,True,48793a345eacc733e0e3dd51cb0cafd56baf101f>990f0494d4f46e43bdb76415e8524ce591902792
train,"A comparison between the findings of Krajcarski et al. (1999) and the rested values in the present study revealed similar effects of pre- load and added load on peak trunk flexion and extensor moments. The EMG activity of the trunk extensor muscles (TES and LES) had similar responses to the loading conditions, although the pre-trial LES and TES EMG amplitudes from Krajcarski et al. (1999) were about 6 to 13 %MVC larger than was found in the current study. Also, the peak muscle activity of the TES was about 10 %MVC lower and the IO and EO had larger EMG amplitudes during the pre-trial and trial in the Krajcarski et al. (1999) study.",A comparison between the findings of CITSEGstudy.,"Krajcarski et al. (1999) and the rested values in the present study revealed similar effects of pre- load and added load on peak trunk flexion and extensor moments. The EMG activity of the trunk extensor muscles (TES and LES) had similar responses to the loading conditions, although the pre-trial LES and TES EMG amplitudes from Krajcarski et al. (1999) were about 6 to 13 %MVC larger than was found in the current study. Also, the peak muscle activity of the TES was about 10 %MVC lower and the IO and EO had larger EMG amplitudes during the pre-trial and trial in the Krajcarski et al. (1999) ",result,supportive,0.7501000165939331,0.7501000165939331,Results & Discussion,explicit,551c30c8c3ffd11bb00ffef7d89fa3bec52a1102,f25f4beb189c66b5d0e805ab5a667765137f1787,37,633,True,551c30c8c3ffd11bb00ffef7d89fa3bec52a1102>f25f4beb189c66b5d0e805ab5a667765137f1787
train,These observations confirm previous results from our team [53] who reported that an early reduction of CgA levels within 3 months from treatment (either surgical or systemic) can anticipate favourable prognosis.,These observations confirm previous results from our team CITSEG who reported that an early reduction of CgA levels within 3 months from treatment (either surgical or systemic) can anticipate favourable prognosis.,[53],result,supportive,0.7059000134468079,0.7059000134468079,DISCUSSION,explicit,a102829f27e31149a09d205b3c74570933a1a7e0,1c9bfbb656f9f320860d6d1261b16afc055a7c4f,58,62,False,a102829f27e31149a09d205b3c74570933a1a7e0>1c9bfbb656f9f320860d6d1261b16afc055a7c4f
train,"As shown in the simulation studies in Bartroff and Lai (2008) and in the asymptotic theory in Section 4, this approach yields adaptive tests that are comparable to the benchmark optimal adaptive test of Jennison and Turnbull (2006a,b) for a normal mean, which assumes known variance and a specified…","As shown in the simulation studies in CITSEG and in the asymptotic theory in Section 4, this approach yields adaptive tests that are comparable to the benchmark optimal adaptive test of Jennison and Turnbull (2006a,b) for a normal mean, which assumes known variance and a specified…",Bartroff and Lai (2008),result,supportive,0.7580999732017517,0.489300012588501,5. DISCUSSION,explicit,c530edac57ffa39997801a600c486eb231a87a6d,21b324399af869ff28634117eaaeaccfd52d371c,38,61,False,c530edac57ffa39997801a600c486eb231a87a6d>21b324399af869ff28634117eaaeaccfd52d371c
train,"Several of the congenital malformations associated with carbimazole exposure observed in this study, including aplasia cutis, choanal atresia, tracheo-oesophageal fistula, omphalocele, patent vitellointestinal duct, nipple abnormalities, and dysmorphic facies, have previously been reported in association with carbimazole/methimazole exposure in utero [9].","Several of the congenital malformations associated with carbimazole exposure observed in this study, including aplasia cutis, choanal atresia, tracheo-oesophageal fistula, omphalocele, patent vitellointestinal duct, nipple abnormalities, and dysmorphic facies, have previously been reported in association with carbimazole/methimazole exposure in utero CITSEG.",[9],result,supportive,0.7603999972343445,0.7603999972343445,4. Discussion,explicit,6444554cdcc1f7c41d6a68a61c7d2266983ebd7a,99c526257631af2ee345290795b976e915f149d9,353,356,False,6444554cdcc1f7c41d6a68a61c7d2266983ebd7a>99c526257631af2ee345290795b976e915f149d9
train,"The results found in present study confirm the studies carried out by Davison et al. (2008); Dollman & Lewis (2007) and Timperio et al. (2006), which point out the existence of a tendency of boys to commute actively more often than girls.","The results found in present study confirm the studies carried out by CITSEG; Dollman & Lewis (2007) and Timperio et al. (2006), which point out the existence of a tendency of boys to commute actively more often than girls.",Davison et al. (2008),result,supportive,1.0,1.0,DISCUSSION,explicit,76fc8262a4b85a40e57f425403d23a39ea488873,9daeced0925b74cec0cb589d2682c6c9060e669b,70,91,True,76fc8262a4b85a40e57f425403d23a39ea488873>9daeced0925b74cec0cb589d2682c6c9060e669b
train,"Moreover, a neuroprotective role of estrogen in the nigrostriatal dopaminergic system is well supported by in vitro and in vivo studies using different toxin models, namely 1-methyl-4-phenyl-1,2,3,6-tetrahydropyridine (MPTP) [6, 7] and 6-hydroxydopamine (6-OHDA) [8-10].","Moreover, a neuroprotective role of estrogen in the nigrostriatal dopaminergic system is well supported by in vitro and in vivo studies using different toxin models, namely 1-methyl-4-phenyl-1,2,3,6-tetrahydropyridine (MPTP) [6, 7] and 6-hydroxydopamine (6-OHDA) CITSEG.",[8-10],result,supportive,0.7555000185966492,0.7555000185966492,1. Introduction,explicit,d67d3f2b315999a87d5e8956ba754f9d1d7f88ff,cbd59360917490ea9a05feea6419340a36dc0427,263,269,True,d67d3f2b315999a87d5e8956ba754f9d1d7f88ff>cbd59360917490ea9a05feea6419340a36dc0427
train,"The present study findings concur with previous reports in that when bone defects occur they are commonly on the tibial side (3,11,22,24).",The present study findings concur with previous reports in that when bone defects occur they are commonly on the tibial side CITSEG.,"(3,11,22,24)",result,supportive,1.0,1.0,DISCUSSION,explicit,9e92fc73392d4aea262aa6bae77ab379c79b37b7,2521ee9b9ba1bf7dfd4341259b97f383827fecc9,125,137,True,9e92fc73392d4aea262aa6bae77ab379c79b37b7>2521ee9b9ba1bf7dfd4341259b97f383827fecc9
train,Similar findings were reported in healthy Italian children between 5 and 19 yr of age (32).,Similar findings were reported in healthy Italian children between 5 and 19 yr of age CITSEG.,(32),result,supportive,1.0,1.0,2.409 0.048† 0.409 0.096† 4.547 0.335† 8.601 0.469† 10.535 0.501† 6.477 0.443† 15.170 0.913† 4.013 0.86,explicit,8a1dcd51cabbd95bf7212a42a8fc5bae5d6b65e1,668c6321b924dc59c2fccf8328f4dde13906ebe1,86,90,False,8a1dcd51cabbd95bf7212a42a8fc5bae5d6b65e1>668c6321b924dc59c2fccf8328f4dde13906ebe1
train,"As reported previously [17], of the 12,203 men who participated in the baseline screening 819 (6.","As reported previously CITSEG, of the 12,203 men who participated in the baseline screening 819 (6.",[17],result,supportive,0.6065000295639038,0.6065000295639038,3. Results,explicit,8d955cf85cccf86ec83802b893a6adc9507459d5,481b91ee6d0a96360e816644543172a555b9af11,23,27,True,8d955cf85cccf86ec83802b893a6adc9507459d5>481b91ee6d0a96360e816644543172a555b9af11
train,This finding is consistent with those from a previous study on Giardia infection in Peru (19).,This finding is consistent with those from a previous study on Giardia infection in Peru CITSEG.,(19),result,supportive,0.7311000227928162,0.7311000227928162,DISCUSSION,explicit,a353b306cc2444036402b843d320b7a4139ba1a1,69a9c98960f855c9c193887527e56f27cf3dabf0,89,93,True,a353b306cc2444036402b843d320b7a4139ba1a1>69a9c98960f855c9c193887527e56f27cf3dabf0
train,"The present observations support and extend earlier contentions that Parkinson patients prefer to adopt a closedloop control mode, adjusting their movements continuously on the basis of available visual information (Flowers 1976).","The present observations support and extend earlier contentions that Parkinson patients prefer to adopt a closedloop control mode, adjusting their movements continuously on the basis of available visual information (CITSEG).",Flowers 1976,result,supportive,0.6097999811172485,0.6097999811172485,Discussion,explicit,e4d807182629129dee221081b270d9c47b2f7716,99b74d2f52bda6e4f739c0a37c97518299b4dde0,216,228,True,e4d807182629129dee221081b270d9c47b2f7716>99b74d2f52bda6e4f739c0a37c97518299b4dde0
train,"Our findings further support previous findings on the usefulness of CBT in the non-invasive evaluation of severe chronic liver disease [14,19].",Our findings further support previous findings on the usefulness of CBT in the non-invasive evaluation of severe chronic liver disease CITSEG.,"[14,19]",result,supportive,0.7466999888420105,0.7466999888420105,Discussion,explicit,ec1e98f09ece1c0595deca70e9adbe46685f7850,b5af4bf2fd53644e12e4345ea3cd7f4027ace764,135,142,True,ec1e98f09ece1c0595deca70e9adbe46685f7850>b5af4bf2fd53644e12e4345ea3cd7f4027ace764
train,"Additionally, the studies in general point out that the type of transportation seems to be more related to social and environmental factors than to the students’ freedom of choice, as observed in the studies carried out by Davison et al. (2008); Dollman & Lewis (2007); Robertson-Wilson et al.","Additionally, the studies in general point out that the type of transportation seems to be more related to social and environmental factors than to the students’ freedom of choice, as observed in the studies carried out by CITSEG Dollman & Lewis (2007); Robertson-Wilson et al.",Davison et al. (2008);,result,supportive,1.0,1.0,DISCUSSION,explicit,76fc8262a4b85a40e57f425403d23a39ea488873,9daeced0925b74cec0cb589d2682c6c9060e669b,223,245,True,76fc8262a4b85a40e57f425403d23a39ea488873>9daeced0925b74cec0cb589d2682c6c9060e669b
train,"Compatible with our findings, Silk et al. (2016) found that FA values that were more strongly lateralized to the left in the PUT WM were associated with greater symptom severity in patients with ADHD.","Compatible with our findings, CITSEG found that FA values that were more strongly lateralized to the left in the PUT WM were associated with greater symptom severity in patients with ADHD.",Silk et al. (2016),result,supportive,1.0,1.0,Discussion,explicit,700a28d32d3cf2aade5c2bc898b5c4ca480bb1ae,e064573ea1cc22ca402efb5e140f06642bd37f77,30,48,True,700a28d32d3cf2aade5c2bc898b5c4ca480bb1ae>e064573ea1cc22ca402efb5e140f06642bd37f77
train,"The results are discussed in relation to other recent work on vertebrate primary dorso-ventral patterning, including the early expression of a recently described follistatin -related chick gene (Towers et al., 1999).","The results are discussed in relation to other recent work on vertebrate primary dorso-ventral patterning, including the early expression of a recently described follistatin -related chick gene (CITSEG).","Towers et al., 1999",result,supportive,1.0,0.6690999865531921,Introduction,explicit,8239e463d56d27ed56fd4db49e4412c0da58c8d1,923cf7f97c84edfcba5a0a9a2648afb75719eb35,195,214,False,8239e463d56d27ed56fd4db49e4412c0da58c8d1>923cf7f97c84edfcba5a0a9a2648afb75719eb35
train,"These data are consistent with the previously demonstrated defect of ubc9-1 mutants in the degradation of Clb2 and Clb5 (Seufert et al., 1995).",These data are consistent with the previously demonstrated defect of ubc9-1 mutants in the degradation of Clb2 and Clb5 (CITSEG).,"Seufert et al., 1995",result,supportive,0.7728999853134155,0.7728999853134155,Discussion,explicit,676b19ba1c40fedf4d27a3f48a766ac20b960f8e,fe2fd3262b549d1b36898127e3cc7ca1c1dd3646,121,141,True,676b19ba1c40fedf4d27a3f48a766ac20b960f8e>fe2fd3262b549d1b36898127e3cc7ca1c1dd3646
train,"This strain ratio is consistent with experimental data [24] and, for small deformations, automatically enforces incompressibility of the intracellular volume (dV~padx; dV~differential volume, a = cell radius, dx = differential length) for each differential slice of the OHC (i.","This strain ratio is consistent with experimental data CITSEG and, for small deformations, automatically enforces incompressibility of the intracellular volume (dV~padx; dV~differential volume, a = cell radius, dx = differential length) for each differential slice of the OHC (i.",[24],result,supportive,0.7527999877929688,0.7527999877929688,,explicit,06d0ae65c26cd0770f46b81a8d8f8daae7f04d59,37e7ba41fa4f19d0d75e054276dafd86f2e90d28,55,59,True,06d0ae65c26cd0770f46b81a8d8f8daae7f04d59>37e7ba41fa4f19d0d75e054276dafd86f2e90d28
train,"Mouse mAb G19 directed against the TLA from chicken inner ear hair cells, mAb D10 directed against the avian hair-cell antigen, and antisera to protocadherin-15-CD1 (PB303) were characterized and validated as reported previously (Richardson et al., 1990; Ahmed et al., 2003; Goodyear and Richardson, 2003).","Mouse mAb G19 directed against the TLA from chicken inner ear hair cells, mAb D10 directed against the avian hair-cell antigen, and antisera to protocadherin-15-CD1 (PB303) were characterized and validated as reported previously CITSEG.","(Richardson et al., 1990; Ahmed et al., 2003; Goodyear and Richardson, 2003)",result,supportive,0.7368999719619751,0.7368999719619751,Materials and Methods,explicit,b38a9735318cf86573a8c3bbdd58747527e6d3b1,f05330eb7b43478aca0790b843a4d6ffb3043a94,229,305,True,b38a9735318cf86573a8c3bbdd58747527e6d3b1>f05330eb7b43478aca0790b843a4d6ffb3043a94
train,"…Screen / Esc
Printer-friendly Version
Interactive Discussion
D iscussion P aper
| D iscussion P aper |
D iscussion P aper
| D iscussion P aper |
Ocean is unphysical, and subtract it from each along-track row; this approach is similar to those applied in previous studies (Boersma et al., 2007).","…Screen / Esc
Printer-friendly Version
Interactive Discussion
D iscussion P aper
| D iscussion P aper |
D iscussion P aper
| D iscussion P aper |
Ocean is unphysical, and subtract it from each along-track row; this approach is similar to those applied in previous studies CITSEG7).","(Boersma et al., 200",result,supportive,0.7441999912261963,0.7441999912261963,"6 Case study over Dubai, UAE",explicit,5f9e27fd212e0eac30dd8b2e9a53d422f5ca0bd4,9e4ab179a114ed860aebd5ee4699406aa7088069,272,292,False,5f9e27fd212e0eac30dd8b2e9a53d422f5ca0bd4>9e4ab179a114ed860aebd5ee4699406aa7088069
train,A similar behaviour was found in the context of Higgs production in association with bottom quarks [31].,A similar behaviour was found in the context of Higgs production in association with bottom quarks CITSEG.,[31],result,supportive,0.6050000190734863,0.6050000190734863,3.3 Four- and five-flavour scheme comparison,explicit,b7eccbd32852d7aa342c820df745b5cd6cbc00c7,1efb6d4b033492ec257f9b1c600915a09a368613,99,103,True,b7eccbd32852d7aa342c820df745b5cd6cbc00c7>1efb6d4b033492ec257f9b1c600915a09a368613
train,"at least 60–85%) fasting triglycerides, in agreement with previous data obtained in healthy subjects (15, 39).","at least 60–85%) fasting triglycerides, in agreement with previous data obtained in healthy subjects CITSEG.","(15, 39)",result,supportive,0.6252999901771545,0.6252999901771545,Discussion,explicit,fc696f76e0f779e40d825890dbb25e9e47ca4b48,5ce3f04999476cd3a1af82202ca8f511a2f4b6fc,101,109,True,fc696f76e0f779e40d825890dbb25e9e47ca4b48>5ce3f04999476cd3a1af82202ca8f511a2f4b6fc
train,"…target sentences more fluently in the matched than in the mixed or literal contexts, which is consistent with prior work on the role of context in metaphor processing (Gerrig & Healy, 1983; Gibbs & Gerrig, 1989; Giora, 2003; Nayak & Gibbs, 1990; Ortony et al., 1978; Thibodeau & Durgin, 2008).","…target sentences more fluently in the matched than in the mixed or literal contexts, which is consistent with prior work on the role of context in metaphor processing (Gerrig & Healy, 1983; Gibbs & Gerrig, 1989; Giora, 2003; Nayak & Gibbs, 1990; Ortony et al., 1978; CITSEG).","Thibodeau & Durgin, 2008",result,supportive,0.7635999917984009,0.5249000191688538,Discussion,explicit,97f039b4a9748884cf0892b542b9a3f0fa43b438,83e7c7909ed8e1c4b9ceefc55004a863c0d80052,268,292,True,97f039b4a9748884cf0892b542b9a3f0fa43b438>83e7c7909ed8e1c4b9ceefc55004a863c0d80052
train,"The results from the present series are also broadly comparable to independent reports on the Oxford UKR, which have observed between 21% and 54% of revisions were performed for aseptic loosening (19,21,24), as well as those studies including a range of different UKR prostheses and reporting revision for aseptic loosening in 44% to 67% of cases (3,22).","The results from the present series are also broadly comparable to independent reports on the Oxford UKR, which have observed between 21% and 54% of revisions were performed for aseptic loosening (19,21,24), as well as those studies including a range of different UKR prostheses and reporting revision for aseptic loosening in 44% to 67% of cases CITSEG.","(3,22)",result,supportive,0.7653999924659729,0.5216000080108643,DISCUSSION,explicit,9e92fc73392d4aea262aa6bae77ab379c79b37b7,2521ee9b9ba1bf7dfd4341259b97f383827fecc9,347,353,True,9e92fc73392d4aea262aa6bae77ab379c79b37b7>2521ee9b9ba1bf7dfd4341259b97f383827fecc9
train,"Cerebral saturation in the earlier study (mean6standard deviation: 58%613% ) [37] compares well with both the first (56%610%) and the second (62%66%) layer values, as well as the homogenous values (64%68%) reported here.","Cerebral saturation in the earlier study (mean6standard deviation: 58%613% ) CITSEG compares well with both the first (56%610%) and the second (62%66%) layer values, as well as the homogenous values (64%68%) reported here.",[37],result,supportive,1.0,1.0,Discussion,explicit,82fe79e6afcbd138440ff430f3d421ca57cd1c75,700a5a6629197ed7d4ed6f72d37c3a185303b1e7,77,81,False,82fe79e6afcbd138440ff430f3d421ca57cd1c75>700a5a6629197ed7d4ed6f72d37c3a185303b1e7
train,Statistical analysis of EEG SSDC as applied to the frontal–central and parietooccipital cortical areas also confirmed the previously demonstrated [2] zonal speci ficity of SSDC in the MM–REO and RM–REO con trasts.,Statistical analysis of EEG SSDC as applied to the frontal–central and parietooccipital cortical areas also confirmed the previously demonstrated CITSEG zonal speci ficity of SSDC in the MM–REO and RM–REO con trasts.,[2],result,supportive,0.7551000118255615,0.7551000118255615,DISCUSSION,explicit,15df16647fe08cfa55f6394466051a15de669bc0,6df06870159aba56e4a428513000e7bc4de96003,146,149,False,15df16647fe08cfa55f6394466051a15de669bc0>6df06870159aba56e4a428513000e7bc4de96003
train,"Although other studies have also demonstrated these findings (2,9,21), these results are contrary to more recent reports published from other institutions and joint registries which suggest functional outcome is inferior to that following primary TKR, with suggestion that it is actually similar to that following revision of a primary TKR at six-months (3,15,19,24).","Although other studies have also demonstrated these findings (2,9,21), these results are contrary to more recent reports published from other institutions and joint registries which suggest functional outcome is inferior to that following primary TKR, with suggestion that it is actually similar to that following revision of a primary TKR at six-months CITSEG.","(3,15,19,24)",result,supportive,0.7301999926567078,0.4975999891757965,CONCLUSIONS,explicit,9e92fc73392d4aea262aa6bae77ab379c79b37b7,2521ee9b9ba1bf7dfd4341259b97f383827fecc9,354,366,True,9e92fc73392d4aea262aa6bae77ab379c79b37b7>2521ee9b9ba1bf7dfd4341259b97f383827fecc9
train,"Substantial experimental evidence supports the proconvulsant role of IL-1β (for review see [1,57,61]).",Substantial experimental evidence supports the proconvulsant role of IL-1β (for review see CITSEG).,"[1,57,61]",result,supportive,0.7572000026702881,0.7572000026702881,Discussion,explicit,7ae41e75fca5bae66ea1875dea51f3f477f68c84,9053de846d35d273230877d12d4567965270550b,91,100,False,7ae41e75fca5bae66ea1875dea51f3f477f68c84>9053de846d35d273230877d12d4567965270550b
train,"We compared our algorithm with CLOSET+ [11], which is an enhanced version of CLOSET [9].","We compared our algorithm with CLOSET+ CITSEG, which is an enhanced version of CLOSET [9].",[11],result,supportive,1.0,0.6682999730110168,4 Experimental Results,explicit,89d339d8da952b6d860e6ce3017fe0ff4e60f4c3,e01ff1ae186840de7af4172dc1c0978e32fc6b5e,39,43,True,89d339d8da952b6d860e6ce3017fe0ff4e60f4c3>e01ff1ae186840de7af4172dc1c0978e32fc6b5e
validation,"Whilst some studies have demonstrated functional outcomes comparable to a primary TKR (9,21), others report inferior outcomes following revision UKR compared to primary TKR (3,8,15,19,24) with a suggestion that the functional outcome may actually","Whilst some studies have demonstrated functional outcomes comparable to a primary TKR (9,21), others report inferior outcomes following revision UKR compared to primary TKR CITSEG with a suggestion that the functional outcome may actually","(3,8,15,19,24)",result,supportive,0.7322999835014343,0.503000020980835,INTRODUCTION,explicit,9e92fc73392d4aea262aa6bae77ab379c79b37b7,2521ee9b9ba1bf7dfd4341259b97f383827fecc9,173,187,True,9e92fc73392d4aea262aa6bae77ab379c79b37b7>2521ee9b9ba1bf7dfd4341259b97f383827fecc9
validation,1 was refined by Bates and Mansour [1] and by Stanley and Wilf [14] who proved results that are equivalent to the following.,1 was refined by Bates and Mansour CITSEG and by Stanley and Wilf [14] who proved results that are equivalent to the following.,[1],result,supportive,0.611299991607666,0.611299991607666,3 Hyperbinary expansions,explicit,40a95ab9ce6ee25c2b37cebe0c62df81011ad0e8,67bc66d6100a0bda2bea19e7eead66513345b58b,35,38,True,40a95ab9ce6ee25c2b37cebe0c62df81011ad0e8>67bc66d6100a0bda2bea19e7eead66513345b58b
validation,The dominant frequencies closely matched those predicted by Abdullah (1966) for the radial modes of vibration of vortices.,The dominant frequencies closely matched those predicted by CITSEG for the radial modes of vibration of vortices.,Abdullah (1966),result,supportive,1.0,1.0,7. Summary and conclusions,explicit,cbc308bee74319c2bf4c2fa3c8efe0db2fe84dc6,f40a16c7d8ea7fd91219e897c75ede2665b617db,60,75,True,cbc308bee74319c2bf4c2fa3c8efe0db2fe84dc6>f40a16c7d8ea7fd91219e897c75ede2665b617db
validation,"My results give one way to interpret the empirical evidence from Baker et al. (2012) that suggests that fiscal policy uncertainty has been an important force behind the fall in consumption, investment, and output that we have seen during the Great Recession. In addition, my model is consistent with the relatively small effects reported by Fernández-Villaverde et al. (2012b) and Born and Pfeifer (2011) since both studies do not consider the impact of the ZLB. A complementary strand of literature examines the effects of expected fiscal consolidation. Work by Denes, Eggertsson, and Gilbukh (2012) shows that the form of a fiscal consolidation can determine the effectiveness of changes in fiscal policy when the ZLB binds. Bi, Leeper, and Leith (2012), show that uncertainty about the timing and form of a fiscal consolidation can have important effects on the economy.",My results give one way to interpret the empirical evidence from CITSEG show that uncertainty about the timing and form of a fiscal consolidation can have important effects on the economy.,"Baker et al. (2012) that suggests that fiscal policy uncertainty has been an important force behind the fall in consumption, investment, and output that we have seen during the Great Recession. In addition, my model is consistent with the relatively small effects reported by Fernández-Villaverde et al. (2012b) and Born and Pfeifer (2011) since both studies do not consider the impact of the ZLB. A complementary strand of literature examines the effects of expected fiscal consolidation. Work by Denes, Eggertsson, and Gilbukh (2012) shows that the form of a fiscal consolidation can determine the effectiveness of changes in fiscal policy when the ZLB binds. Bi, Leeper, and Leith (2012),",result,supportive,1.0,0.6611999869346619,,explicit,47851e108a5855cb0fd375c9bdd039f78cc16c25,02bf68795fa74f0984701fa84df877a27dae6a2f,65,756,True,47851e108a5855cb0fd375c9bdd039f78cc16c25>02bf68795fa74f0984701fa84df877a27dae6a2f
validation,"…tick attachment (60% and 65% tick attachment, respectively, when compared to 91% attachment in the controls; α<0.01) as in previous experiments with D. variabilis (de la Fuente et al. 2007b) but had no effect on R. microplus mortality and oviposition (Table 1) and were not characterized further.","…tick attachment (60% and 65% tick attachment, respectively, when compared to 91% attachment in the controls; α<0.01) as in previous experiments with D. variabilis (de laCITSEGb) but had no effect on R. microplus mortality and oviposition (Table 1) and were not characterized further.", Fuente et al. 2007,result,supportive,0.6055999994277954,0.6055999994277954,Results and discussion,explicit,00eea3644491b0fcf74c49aa211fa2a24a6e3d3e,2271b873cf8e52856c38eae82751d2b1421007c5,170,189,False,00eea3644491b0fcf74c49aa211fa2a24a6e3d3e>2271b873cf8e52856c38eae82751d2b1421007c5
validation,"At present, whether the contrasting results obtained with b-sitosterol are due to differences in the purity of the compound tested or in the primary sequences and, hence, the structures of mammalian and trout ERs is unclear [31].","At present, whether the contrasting results obtained with b-sitosterol are due to differences in the purity of the compound tested or in the primary sequences and, hence, the structures of mammalian and trout ERs is unclear CITSEG.",[31],result,supportive,0.614799976348877,0.4034000039100647,RESULTS AND DISCUSSION,explicit,6824c1a5072c81ca8a55b7aa15903d76fc2b12d5,cb521542706b5babe4a507f195526d7ccb111797,224,228,False,6824c1a5072c81ca8a55b7aa15903d76fc2b12d5>cb521542706b5babe4a507f195526d7ccb111797
validation,"Nevertheless, a response-rate of 41% was reached, which is similar to other register-based studies [39, 40].","Nevertheless, a response-rate of 41% was reached, which is similar to other register-based studies CITSEG.","[39, 40]",result,supportive,1.0,1.0,Discussion,explicit,55ba23b8df7dcdb3ac149a0038cf1cc2dc1541e7,cb6b3bd68b6b9b5f38dc9c0e7987ef256a088999,99,107,False,55ba23b8df7dcdb3ac149a0038cf1cc2dc1541e7>cb6b3bd68b6b9b5f38dc9c0e7987ef256a088999
validation,The positive relationship between close kin numbers and female litter size at weaning is consistent with our previous results showing that direct fitness benefits for females over their lifetime occurred primarily through increases in weaned litter sizes (Viblanc et al. 2010).,The positive relationship between close kin numbers and female litter size at weaning is consistent with our previous results showing that direct fitness benefits for females over their lifetime occurred primarily through increases in weaned litter sizes (CITSEG).,Viblanc et al. 2010,result,supportive,0.7631999850273132,0.7631999850273132,Discussion,explicit,d9f3207db0c79a3b154f3875c9760cc6b056904b,2cc6ff899bf17666ad35893524a4d61624555ed7,256,275,False,d9f3207db0c79a3b154f3875c9760cc6b056904b>2cc6ff899bf17666ad35893524a4d61624555ed7
validation,This cell binding pattern was identical to that obtained with a recombinant human sCD5 (rshCD5) molecule produced in a mammalian cell expression system and coprecipitating a new CD5L with a relative molecular mass of 150 kD [18].,This cell binding pattern was identical to that obtained with a recombinant human sCD5 (rshCD5) molecule produced in a mammalian cell expression system and coprecipitating a new CD5L with a relative molecular mass of 150 kD CITSEG.,[18],result,supportive,0.7297000288963318,0.7297000288963318,Introduction,explicit,e28904703eb7a8052f7b26618bfcaf1b64311efa,39d742b0215b388f0ce5c7db31e98d700ba00df1,224,228,True,e28904703eb7a8052f7b26618bfcaf1b64311efa>39d742b0215b388f0ce5c7db31e98d700ba00df1
train,"…neurons at their long (>1,000 m) dendrites (Campbell et al., 2005) or at their axons in this study, interaction of GnIH-ir fibers with GnRH-I neurons is consistent with results in birds (Bentley et al., 2003; Ubuka et al., 2008a), rodents (Kriegsfeld et al., 2006), and sheep (Smith et al., 2008).","…neurons at their long (>1,000 m) dendrites (Campbell et al., 2005) or at their axons in this study, interaction of GnIH-ir fibers with GnRH-I neurons is consistent with results in birds (Bentley et al., 2003; Ubuka et al., 2008a), rodents (Kriegsfeld et al., 2006), and sheep (CITSEG).","Smith et al., 2008",result,supportive,0.7688000202178955,0.7688000202178955,DISCUSSION,explicit,ba67231cf2a97a5168c508f4eb5e85d5d647ac92,65e1507959b2afb1def77f805e5a6b615dddfa70,278,296,False,ba67231cf2a97a5168c508f4eb5e85d5d647ac92>65e1507959b2afb1def77f805e5a6b615dddfa70
train,"In addition, and in line with the findings of Miller et al. (2012a), we could show that species life-history traits and the species pool available at the landscape highly modulate the disturbance-diversity relationship.","In addition, and in line with the findings of CITSEG, we could show that species life-history traits and the species pool available at the landscape highly modulate the disturbance-diversity relationship.",Miller et al. (2012a),result,supportive,0.7419999837875366,0.7419999837875366,1–100 90.5 78.6 11.9 90.5 55.8 87.0,explicit,93f26b849a2ec17805a9eca6e1271d86684475ae,cbed6293233f9eb4ac5ca8b9b427889dcdb5dd9d,46,67,True,93f26b849a2ec17805a9eca6e1271d86684475ae>cbed6293233f9eb4ac5ca8b9b427889dcdb5dd9d
train,"We found a negative correlation of hyperactivity and BOLD response in the striatal node 1, which is consistent with previous studies in both clinical (2, 20) and nonclinical samples (35).","We found a negative correlation of hyperactivity and BOLD response in the striatal node 1, which is consistent with previous studies in both clinical CITSEG and nonclinical samples (35).","(2, 20)",result,supportive,0.7383999824523926,0.7383999824523926,Discussion,explicit,3211c9483ee359709264929efe9e39c447244eab,7bd68206f2189aeb32c6ca13545a5e29d1c3629b,150,157,True,3211c9483ee359709264929efe9e39c447244eab>7bd68206f2189aeb32c6ca13545a5e29d1c3629b
train,"As reported by others (Roshan et al. 2003; Fisher et al. 2002), the results of SICI with threshold tracking showed two periods of maximal inhibition at ISIs 1 and 3 ms.","As reported by others CITSEG, the results of SICI with threshold tracking showed two periods of maximal inhibition at ISIs 1 and 3 ms.",(Roshan et al. 2003; Fisher et al. 2002),result,supportive,0.7508999705314636,0.7508999705314636,Discussion,explicit,43763b0d91805b7beaedd79f44057b7b5ab8f0c9,d499c7c0d3b907c1bf7a6f61c239599c02d5a1df,22,62,True,43763b0d91805b7beaedd79f44057b7b5ab8f0c9>d499c7c0d3b907c1bf7a6f61c239599c02d5a1df
train,"TPC, TFC, FRAP, DPPH, and ORAC values were slightly different from, but comparable to, values in other reports (Cardador-Martinez et al., 2002; Heimler et al., 2005; Xu et al., 2007).","TPC, TFC, FRAP, DPPH, and ORAC values were slightly different from, but comparable to, values in other reports (Cardador-Martinez et al., 2002; Heimler et al., 2005; CITSEG).","Xu et al., 2007",result,supportive,1.0,0.6621000170707703,4. Discussion,explicit,21bd7d69cc8b712ccb6fc542c09bc4401dd43570,f400a5c8b531455faae6ed2bfac2093fad8c6c4d,166,181,False,21bd7d69cc8b712ccb6fc542c09bc4401dd43570>f400a5c8b531455faae6ed2bfac2093fad8c6c4d
train,We compared these patient experiences to those of patients with chronic disease that had received in-person post-test genomic counseling in a parent study randomized controlled trial (RCT) [18].,We compared these patient experiences to those of patients with chronic disease that had received in-person post-test genomic counseling in a parent study randomized controlled trial (RCT) CITSEG.,[18],result,supportive,0.7440000176429749,0.4950999915599823,1. Introduction,explicit,be9a51c999f8cb2514e16ee00b7fc5d47f53fea7,45ff42e8ed2d8e7bb29919d87bf647b20cfea6fc,189,193,False,be9a51c999f8cb2514e16ee00b7fc5d47f53fea7>45ff42e8ed2d8e7bb29919d87bf647b20cfea6fc
train,"The results of the 12-month-olds in Experiment 1 are consistent with the results of Pascalis and colleagues (Pascalis et al., 2002; Pascalis et al., 2005) as they demonstrated that by 9-months of age, infants no longer discriminate unfamiliar monkey faces.","The results of the 12-month-olds in Experiment 1 are consistent with the results of Pascalis and colleagues (Pascalis et al., 2002; CITSEG) as they demonstrated that by 9-months of age, infants no longer discriminate unfamiliar monkey faces.","Pascalis et al., 2005",result,supportive,0.6011000275611877,0.6011000275611877,Results and Discussion,explicit,6f68ccd37718366c40ae6aeedf0b935bf560b215,60ed4bdabf92b2fbd6162dbd8979888cccca55d7,132,153,True,6f68ccd37718366c40ae6aeedf0b935bf560b215>60ed4bdabf92b2fbd6162dbd8979888cccca55d7
validation,"Our results confirm the other studies suggesting that antioxidants may have a protective effect against CP-induced nephrotoxicity (Borch and Pleasants, 1979; Hanneman and Baumann, 1988; Bogin et al., 1994; Appenroth et al., 1997; Greggi-Antunes et al., 2000; Durak et al., 2002; Mansour et al., 2002; Sueishi et al., 2002).",Our results confirm the other studies suggesting that antioxidants may have a protective effect against CP-induced nephrotoxicity CITSEG.,"(Borch and Pleasants, 1979; Hanneman and Baumann, 1988; Bogin et al., 1994; Appenroth et al., 1997; Greggi-Antunes et al., 2000; Durak et al., 2002; Mansour et al., 2002; Sueishi et al., 2002)",result,supportive,1.0,1.0,Discussion and conclusions,explicit,952660f4a305ebc8bc46ea23dd1ea41464d6681f,6b1223f442606ef04c8c04b36f1cdc0efb14c560,130,322,True,952660f4a305ebc8bc46ea23dd1ea41464d6681f>6b1223f442606ef04c8c04b36f1cdc0efb14c560
train,"This is consistent with studies of Askaer et al. (2011); Mahmood and Strack (2011) and Herbst et al. (2013) who demonstrated the importance of soil temperature in controlling microbial activities when conditions are favorable for CH4 production (i.e., at high GWL).","This is consistent with studies of CITSEG; Mahmood and Strack (2011) and Herbst et al. (2013) who demonstrated the importance of soil temperature in controlling microbial activities when conditions are favorable for CH4 production (i.e., at high GWL).",Askaer et al. (2011),result,supportive,0.7475000023841858,0.7475000023841858,Discussion,explicit,b66eb0bfa520726f50d86a62388c086c7046a6cd,d8431c25f60a51517a29162ed70df2de35ee156f,35,55,True,b66eb0bfa520726f50d86a62388c086c7046a6cd>d8431c25f60a51517a29162ed70df2de35ee156f
validation,"These results are consistent with alien authors, such as Enass et al [14], who believe that both TCD and BAEP are complementary to each other and that their combined use could increase the accuracy in differentiating vertigo of vertebrobasilar origin from peripheral or non-vertebrobasilar origin and prevent the risk of vertebrobasilar stroke.","These results are consistent with alien authors, such as Enass et al CITSEG, who believe that both TCD and BAEP are complementary to each other and that their combined use could increase the accuracy in differentiating vertigo of vertebrobasilar origin from peripheral or non-vertebrobasilar origin and prevent the risk of vertebrobasilar stroke.",[14],result,supportive,1.0,1.0,Correlation between TCD and BAEP,explicit,382870e98b64a8112ef94f069ccf0795ba20a861,d7be6f2a9a49327a6a7891891b83a1ee8d641524,69,73,True,382870e98b64a8112ef94f069ccf0795ba20a861>d7be6f2a9a49327a6a7891891b83a1ee8d641524
validation,"Our immunohistochemical results (Marvulli et al., 1996) indicate that collagen type VI is particularly abundant at the sites of insertion of SMAS.",Our immunohistochemical results CITSEG indicate that collagen type VI is particularly abundant at the sites of insertion of SMAS.,"(Marvulli et al., 1996)",result,supportive,1.0,0.6783999800682068,,explicit,78df72c544579fbdc6f5c9a4b38434699e645873,a0c52ddd655648ddf0c426553bf0957e8abcc02a,32,55,False,78df72c544579fbdc6f5c9a4b38434699e645873>a0c52ddd655648ddf0c426553bf0957e8abcc02a
validation,"A number of studies have delineated in DAFC-66D the 320bp Amplification
Control Element on the third chromosome, ACE3, required for high levels of amplification (Figure 3C) (de Cicco and Spradling, 1984; Delidakis and Kafatos, 1989; Orr-Weaver et al., 1989; Orr-Weaver and Spradling, 1986).","A number of studies have delineated in DAFC-66D the 320bp Amplification
Control Element on the third chromosome, ACE3, required for high levels of amplification (Figure 3C) (de Cicco and Spradling, 1984; Delidakis and Kafatos, 1989; Orr-Weaver et al., 1989; CITSEG).","Orr-Weaver and Spradling, 1986",result,supportive,1.0,0.6721000075340271,Amplification control elements,explicit,2bb2505c500ea1382402cd8bf423a8a8715e1f0c,7e98ff7d7eddadc7f32a776a66585475e6d236f4,258,288,True,2bb2505c500ea1382402cd8bf423a8a8715e1f0c>7e98ff7d7eddadc7f32a776a66585475e6d236f4
validation,"As shown before, recruitment of the chromatin remodeling complexes, RSC and SWI/SNF, is dependent on the HIR complex [22,23].","As shown before, recruitment of the chromatin remodeling complexes, RSC and SWI/SNF, is dependent on the HIR complex CITSEG.","[22,23]",result,supportive,1.0,1.0,Introduction,explicit,04aaca2e9284f6a51de78e0cbc5fbc2c43348a39,425688f5400dc532230fd7293fed1dd3bcf09ceb,117,124,True,04aaca2e9284f6a51de78e0cbc5fbc2c43348a39>425688f5400dc532230fd7293fed1dd3bcf09ceb
validation,"…the best-performing dimensionality on the clustering task was 100.3
Parameters for the Topic model were similar to those reported in Griffiths et al. (2007).4 Markov-chain Monte Carlo (MCMC) sampling was carried out with three Markov chains run for 1,600 iterations each, with a =…","…the best-performing dimensionality on the clustering task was 100.3
Parameters for the Topic model were similar to those reported in CITSEG.4 Markov-chain Monte Carlo (MCMC) sampling was carried out with three Markov chains run for 1,600 iterations each, with a =…",Griffiths et al. (2007),result,supportive,0.6093999743461609,0.6093999743461609,3.2.2. Distributional model implementation and training,explicit,403be1b4e5ac775d46700814b76eedce4be8441a,0f3ab6835042ea45d2aab8e4a70151c11ca9a1d6,134,157,True,403be1b4e5ac775d46700814b76eedce4be8441a>0f3ab6835042ea45d2aab8e4a70151c11ca9a1d6
validation,"Further behavioral assessments of transgenic mice with a null mutation of the prepro-hypocretin/orexin gene showed symptoms like behavioral arrests and EEG patterns similar to those in human narcolepsy (Chemelli et al., 1999).",Further behavioral assessments of transgenic mice with a null mutation of the prepro-hypocretin/orexin gene showed symptoms like behavioral arrests and EEG patterns similar to those in human narcolepsy (CITSEG).,"Chemelli et al., 1999",result,supportive,0.6790000200271606,0.6790000200271606,Narcolepsy,explicit,df3e741a62f475932abc065b276b5a7d24c2466b,00f9583dd730c99aa6b99cd495239e304e13f845,203,224,False,df3e741a62f475932abc065b276b5a7d24c2466b>00f9583dd730c99aa6b99cd495239e304e13f845
validation,"Consistent with our previous findings (Faul et al., 2011), FGF2, but not FGF23, increased levels of phosphorylated FRS2a and ERK1/2 (Figure 3C), and anti-FGFR4 did not block FGF2-induced phosphorylation of FRS2a and ERK1/2 (Figure 3C).","Consistent with our previous findings (CITSEG), FGF2, but not FGF23, increased levels of phosphorylated FRS2a and ERK1/2 (Figure 3C), and anti-FGFR4 did not block FGF2-induced phosphorylation of FRS2a and ERK1/2 (Figure 3C).","Faul et al., 2011",result,supportive,0.7034000158309937,0.7034000158309937,RESULTS,explicit,901077d4ad9080b04cc178eea5c459a75ca79bdd,4e3427bd6cc0dd0290be6c146b46bda6ad05403f,39,56,False,901077d4ad9080b04cc178eea5c459a75ca79bdd>4e3427bd6cc0dd0290be6c146b46bda6ad05403f
validation,"In comparison, in Mannersalo et al (2002) convergence (2.6) was shown for q ∈ [1, 2] under an additional assumption A(t) ∈ Lq. Additionally we simplified significantly the conditions under which equations (2.6) and (2.7) hold.","In comparison, in CITSEG convergence (2.6) was shown for q ∈ [1, 2] under an additional assumption A(t) ∈ Lq. Additionally we simplified significantly the conditions under which equations (2.6) and (2.7) hold.",Mannersalo et al (2002),result,supportive,0.7591000199317932,0.5090000033378601,2. Multifractal products of stochastic processes,explicit,6dc727f1b63b91c2a8370528502cbea274180f97,3f0c74c224a01e2a17d0f1361404e6f8b575bc18,18,41,True,6dc727f1b63b91c2a8370528502cbea274180f97>3f0c74c224a01e2a17d0f1361404e6f8b575bc18
validation,"This is in agreement with Snäll et al. (2007) and Wahlberg et al. (2010), who suggested that reversal could be excluded if secondary flightlessness is linked with complex changes in the body composition.","This is in agreement with Snäll et al. (2007) and CITSEG, who suggested that reversal could be excluded if secondary flightlessness is linked with complex changes in the body composition.",Wahlberg et al. (2010),result,supportive,0.6226999759674072,0.6226999759674072,Discussion,explicit,fb2a53bca2d6b775da81ee734ead9ca144fffcc6,e5f32eea205dafc42b7b4d44813b6ffe8c7f8d35,50,72,True,fb2a53bca2d6b775da81ee734ead9ca144fffcc6>e5f32eea205dafc42b7b4d44813b6ffe8c7f8d35
validation,"(3) reported that a bilineal positive family history of mood disorders resulted in substantially increased lifetime incidence of mood disorders in the offspring compared with when only one parent or no parent was affected, and these finding have recently be affirmed (4).","CITSEG reported that a bilineal positive family history of mood disorders resulted in substantially increased lifetime incidence of mood disorders in the offspring compared with when only one parent or no parent was affected, and these finding have recently be affirmed (4).",(3),result,supportive,1.0,1.0,Discussion,explicit,01ed92ffedcf6beb1a83e731ac3360da9ac33a85,4ed0c16faebec92455e87fcc2c11ed7bddbc7e95,0,3,False,01ed92ffedcf6beb1a83e731ac3360da9ac33a85>4ed0c16faebec92455e87fcc2c11ed7bddbc7e95
validation,"We found 15% ESBL colonization, similar to a Polish study on the same population (16% MDRB) [20] and to a reported colonization rate in a 2012 report from France (15%) [22].","We found 15% ESBL colonization, similar to a Polish study on the same population (16% MDRB) CITSEG and to a reported colonization rate in a 2012 report from France (15%) [22].",[20],result,supportive,1.0,1.0,Discussion,explicit,6ba6d11ff15dd5e7f50fc34aabe336099cbfcba7,f49f570bc97a499ab3f31fb3a8cc975ad6d93c46,92,96,True,6ba6d11ff15dd5e7f50fc34aabe336099cbfcba7>f49f570bc97a499ab3f31fb3a8cc975ad6d93c46
validation,"Further, this similar profile has been described for MCI patients with a higher risk of conversion to AD (Petersen, 2007; Sarazin et al., 2010).","Further, this similar profile has been described for MCI patients with a higher risk of conversion to AD (Petersen, 2007; CITSEG).","Sarazin et al., 2010",result,supportive,0.6714000105857849,0.6714000105857849,Introduction,explicit,9462acef826a6b495fe8fb281660ee4418bb840e,21aaceb3fc27e8cc831e25191d967daa0d8962bf,122,142,True,9462acef826a6b495fe8fb281660ee4418bb840e>21aaceb3fc27e8cc831e25191d967daa0d8962bf
validation,"My results give one way to interpret the empirical evidence from Baker et al. (2012) that suggests that fiscal policy uncertainty has been an important force behind the fall in consumption, investment, and output that we have seen during the Great Recession. In addition, my model is consistent with the relatively small effects reported by Fernández-Villaverde et al. (2012b) and Born and Pfeifer (2011) since both studies do not consider the impact of the ZLB. A complementary strand of literature examines the effects of expected fiscal consolidation. Work by Denes, Eggertsson, and Gilbukh (2012) shows that the form of a fiscal consolidation can determine the effectiveness of changes in fiscal policy when the ZLB binds.",My results give one way to interpret the empirical evidence from CITSEGshows that the form of a fiscal consolidation can determine the effectiveness of changes in fiscal policy when the ZLB binds.,"Baker et al. (2012) that suggests that fiscal policy uncertainty has been an important force behind the fall in consumption, investment, and output that we have seen during the Great Recession. In addition, my model is consistent with the relatively small effects reported by Fernández-Villaverde et al. (2012b) and Born and Pfeifer (2011) since both studies do not consider the impact of the ZLB. A complementary strand of literature examines the effects of expected fiscal consolidation. Work by Denes, Eggertsson, and Gilbukh (2012) ",result,supportive,1.0,0.6841999888420105,,explicit,47851e108a5855cb0fd375c9bdd039f78cc16c25,02bf68795fa74f0984701fa84df877a27dae6a2f,65,601,True,47851e108a5855cb0fd375c9bdd039f78cc16c25>02bf68795fa74f0984701fa84df877a27dae6a2f
validation,The models with E. viridis or E. vanbrunti bindins as the foreground (data not shown) produced results identical to those of McCartney and Lessios (2004) in that they found no positive selection along these branches.,The models with E. viridis or E. vanbrunti bindins as the foreground (data not shown) produced results identical to those of CITSEG in that they found no positive selection along these branches.,McCartney and Lessios (2004),result,supportive,1.0,1.0,Results,explicit,1a5f3c7ce21bd8dafdc9a79b2741bcd5d7f4564e,1e553964ccc8ccc090450aaebe1c87aaacf9ec83,125,153,False,1a5f3c7ce21bd8dafdc9a79b2741bcd5d7f4564e>1e553964ccc8ccc090450aaebe1c87aaacf9ec83
validation,"…and those from a previous study in which knockout of CTC1 resulted in similar telomeric and proliferative defects in mouse embryonic fibroblasts (Gu et al., 2012)may seem at oddswith studies demonstrating that knockdown of either Stn1 or Ctc1 did not result in telomere dysfunction or any…",…and those from a previous study in which knockout of CTC1 resulted in similar telomeric and proliferative defects in mouse embryonic fibroblasts (CITSEG)may seem at oddswith studies demonstrating that knockdown of either Stn1 or Ctc1 did not result in telomere dysfunction or any…,"Gu et al., 2012",result,supportive,1.0,1.0,Discussion,explicit,cf8ab9516fa05da66e8b291d4242ec04f9123759,e93a950210fb3f5cf13dab18f70dd99b83b010ed,147,162,True,cf8ab9516fa05da66e8b291d4242ec04f9123759>e93a950210fb3f5cf13dab18f70dd99b83b010ed
validation,"The accuracy of the MBIM technique was validated in a previous study (Krosshaug and Bahr, 2005).",The accuracy of the MBIM technique was validated in a previous study CITSEG.,"(Krosshaug and Bahr, 2005)",result,supportive,0.760200023651123,0.760200023651123,,explicit,c49ef960d4abc1e03b2b36dbc42f44e3c001ce46,4400c5c46b12fd9f5de1d05d0d4e79d7f820f536,69,95,False,c49ef960d4abc1e03b2b36dbc42f44e3c001ce46>4400c5c46b12fd9f5de1d05d0d4e79d7f820f536
validation,"As reported previously by others in immortalized TRAF6 KO MEFs (12, 17, 18) or TRAF6 KO monocytes (39), we found that IL-1 signaling could be restored to immortalized TRAF6 KO MEFs by reexpressing the WT TRAF6 but not by the TRAF6[C70A] mutant, whereas only trace IL-1 signaling was restored by the reexpression of TRAF6[L74H] (Fig.","As reported previously by others in immortalized TRAF6 KO MEFs CITSEG or TRAF6 KO monocytes (39), we found that IL-1 signaling could be restored to immortalized TRAF6 KO MEFs by reexpressing the WT TRAF6 but not by the TRAF6[C70A] mutant, whereas only trace IL-1 signaling was restored by the reexpression of TRAF6[L74H] (Fig.","(12, 17, 18)",result,supportive,0.7674000263214111,0.7674000263214111,MyD88 Signaling in Primary Macrophages from TRAF6[L74H] Mice.,explicit,46f0f63415faa4fb75dd6d2330842549a859596b,18181ed5d9212652cb89d4af3d27a9d49b0efbe9,63,75,True,46f0f63415faa4fb75dd6d2330842549a859596b>18181ed5d9212652cb89d4af3d27a9d49b0efbe9
validation,"As expected from our previous studies [24], the 23-RSS substrate is nicked robustly by the RAG proteins under these conditions, with some hairpin formation and aberrant nicking in the spacer also detected.","As expected from our previous studies CITSEG, the 23-RSS substrate is nicked robustly by the RAG proteins under these conditions, with some hairpin formation and aberrant nicking in the spacer also detected.",[24],result,supportive,1.0,1.0,Results,explicit,190892a4c2e74abb6d14f4974f21c4fe62c8d7e5,fc91ccc539d1d2b761860549bf58f8f875182c1b,38,42,False,190892a4c2e74abb6d14f4974f21c4fe62c8d7e5>fc91ccc539d1d2b761860549bf58f8f875182c1b
validation,"Six hours after PMA stimulation nuclear C/EBPb levels were strongly induced as compared with the constitutively expressed nuclear factor high mobility group protein B1 (HMGB1, [45]) (Figure 4A).","Six hours after PMA stimulation nuclear C/EBPb levels were strongly induced as compared with the constitutively expressed nuclear factor high mobility group protein B1 (HMGB1, CITSEG) (Figure 4A).",[45],result,supportive,0.7639999985694885,0.5169000029563904,Results,explicit,e85266b25a1295a7cc2e2fdaef3315124613f0a1,cc7f354839f161bc98580c9f126d24ee28f98712,176,180,False,e85266b25a1295a7cc2e2fdaef3315124613f0a1>cc7f354839f161bc98580c9f126d24ee28f98712
train,"These results are in accordance to the expected half-life of albumin in humans (Noort et al., 2008).",These results are in accordance to the expected half-life of albumin in humans (CITSEG).,"Noort et al., 2008",result,supportive,1.0,1.0,4. Discussion,explicit,6e3118bea00098bd9a2a935a753e52dd333ef07c,d4cf1570fa4a901f5933186ed50157d7ba5174ec,80,98,True,6e3118bea00098bd9a2a935a753e52dd333ef07c>d4cf1570fa4a901f5933186ed50157d7ba5174ec
train,"…to be consistent with the assumptions of several authors who suggest that ambivalence may be a normal aspect of the change process (Mahoney, 2003; Messer, 2002; Neimeyer, 1995), which is probably associated with clients’ self-protection regarding the anxiety of changing familiar ways of…","…to be consistent with the assumptions of several authors who suggest that ambivalence may be a normal aspect of the change process (Mahoney, 2003; CITSEG; Neimeyer, 1995), which is probably associated with clients’ self-protection regarding the anxiety of changing familiar ways of…","Messer, 2002",result,supportive,0.7609999775886536,0.7609999775886536,Discussion,explicit,ffe3fc22a46718e6f702bbc13b87c3ff41c923fe,e403aa22bfa9b8c451749218c3670c25add6a027,148,160,False,ffe3fc22a46718e6f702bbc13b87c3ff41c923fe>e403aa22bfa9b8c451749218c3670c25add6a027
train,"…(1997) model gave us new, logically coherent, but largely ungrounded explanations for describing a previously-identified pattern of change, while Orlikowski (1996) gave us new, grounded, but as yet logically uncertain explanations for both identified and (at that point) unidentified patterns…","…(1997) model gave us new, logically coherent, but largely ungrounded explanations for describing a previously-identified pattern of change, whileCITSEG) gave us new, grounded, but as yet logically uncertain explanations for both identified and (at that point) unidentified patterns…", Orlikowski (1996,result,supportive,0.765500009059906,0.5058000087738037,Qualitative Data,explicit,7334696d7aa6dbce3f52eec4359687dc45e05378,3bc08ab2fa3ca52263eacfe482180075546f7e49,146,163,True,7334696d7aa6dbce3f52eec4359687dc45e05378>3bc08ab2fa3ca52263eacfe482180075546f7e49
train,"These findings are
similar to the reports of Horswell (1991), and Ugar and Semb (2001), while they differ from the reports of Sandham (1986), Hoening and Schoener (1992), Giannakari (2004), Rajion et al. (2006), and Lima et al. (2009).","These findings are
similar to the reports of Horswell (1991), and Ugar and Semb (2001), while they differ from the reports of Sandham (1986), Hoening and Schoener (1992), Giannakari (2004), CITSEG, and Lima et al. (2009).",Rajion et al. (2006),result,supportive,0.7739999890327454,0.7739999890327454,Discussion,explicit,7bd4d852a85a5499d01fb0073de471d0480d0964,06e639a3a5bec03e0218014c07d210a0007313af,190,210,True,7bd4d852a85a5499d01fb0073de471d0480d0964>06e639a3a5bec03e0218014c07d210a0007313af
train,"In agreement with previous reports that support DNA molecules as both spacer donors and interference targets (Barrangou et al., 2007; Brouns et al., 2008; Lillestøl et al., 2006; Marraffini & Sontheimer, 2008; Mojica et al., 2009; Semenova et al., 2009; Vestergaard et al., 2008), given a common point of reference for orientation of spacers, proto-spacers match both strands of the carrier DNA molecule and any direction of transcription, and are found even in non-coding regions (see Fig.","In agreement with previous reports that support DNA molecules as both spacer donors and interference targets CITSEG, given a common point of reference for orientation of spacers, proto-spacers match both strands of the carrier DNA molecule and any direction of transcription, and are found even in non-coding regions (see Fig.","(Barrangou et al., 2007; Brouns et al., 2008; Lillestøl et al., 2006; Marraffini & Sontheimer, 2008; Mojica et al., 2009; Semenova et al., 2009; Vestergaard et al., 2008)",result,supportive,0.7398999929428101,0.7398999929428101,,explicit,0751ca9d7eb15f21e90374b6fcdc299948d2111e,6520584cb0d400b610e60c6195c0abb66cf7de11,109,279,True,0751ca9d7eb15f21e90374b6fcdc299948d2111e>6520584cb0d400b610e60c6195c0abb66cf7de11
train,"In contrast to these invertebrate chordates, primitive jawless vertebrates (lamprey and hagfish) possess three to seven Hox clusters, most probably through independent cluster duplications in the agnathan lineage [5-7].","In contrast to these invertebrate chordates, primitive jawless vertebrates (lamprey and hagfish) possess three to seven Hox clusters, most probably through independent cluster duplications in the agnathan lineage CITSEG.",[5-7],result,supportive,0.6819000244140625,0.6819000244140625,Background,explicit,80ef0a461acd68bcdd40e4e3a2d68c0a661d4301,6016e45987adfa7d92b2ee5dd2bf76b7ab304c2a,213,218,False,80ef0a461acd68bcdd40e4e3a2d68c0a661d4301>6016e45987adfa7d92b2ee5dd2bf76b7ab304c2a
train,"For dyslexic observers, the most prominent effects were a decrease in the 4th–5th difference at the long ISI compared with the control observers which replicates the findings of Hari and Kiesilä (1996).","For dyslexic observers, the most prominent effects were a decrease in the 4th–5th difference at the long ISI compared with the control observers which replicates the findings ofCITSEG6).", Hari and Kiesilä (199,result,supportive,0.7718999981880188,0.5267999768257141,4. Discussion,explicit,d3ec746e4b2cc8fffc3cce7a9b5c0a7de44a168c,d04b2ec8089a6489bc9121f49d3106fa093fe4ea,177,200,True,d3ec746e4b2cc8fffc3cce7a9b5c0a7de44a168c>d04b2ec8089a6489bc9121f49d3106fa093fe4ea
train,"…on the FCSRT has also shown a high correlation with atrophy in the medial temporal lobe (Habert et al., 2011; Sánchez-Benavides et al., 2010; Sarazin et al., 2010), and was significantly associated with cerebrospinal fluid (CSF) biomarkers of AD, thereby supporting the accuracy potential of…","…on the FCSRT has also shown a high correlation with atrophy in the medial temporal lobe (Habert et al., 2011; Sánchez-Benavides et al., 2010; CITSEG), and was significantly associated with cerebrospinal fluid (CSF) biomarkers of AD, thereby supporting the accuracy potential of…","Sarazin et al., 2010",result,supportive,0.6043999791145325,0.6043999791145325,Introduction,explicit,9462acef826a6b495fe8fb281660ee4418bb840e,21aaceb3fc27e8cc831e25191d967daa0d8962bf,143,163,True,9462acef826a6b495fe8fb281660ee4418bb840e>21aaceb3fc27e8cc831e25191d967daa0d8962bf
train,"Further, our study is coherent with the long-standing epidemiological evidence of a link between excess body weight and CRC [1] and the accumulating evidence regarding other forms of early neoplasia [1, 40].","Further, our study is coherent with the long-standing epidemiological evidence of a link between excess body weight and CRC CITSEG and the accumulating evidence regarding other forms of early neoplasia [1, 40].",[1],result,supportive,0.7419999837875366,0.7419999837875366,,explicit,fbfe2f43a8cc743b21e4177e5d0440849db1724e,412434187174932788fc14d7d51f88ff45b3c0d8,124,127,True,fbfe2f43a8cc743b21e4177e5d0440849db1724e>412434187174932788fc14d7d51f88ff45b3c0d8
train,"However, parasites transfected with GFP::TcRpL7a showed a nucleolar localization of the fusion protein, a result that is consistent with the localization of the human homologue L7a protein in transfected HeLa cells [28].","However, parasites transfected with GFP::TcRpL7a showed a nucleolar localization of the fusion protein, a result that is consistent with the localization of the human homologue L7a protein in transfected HeLa cells CITSEG.",[28],result,supportive,0.7372999787330627,0.7372999787330627,4. Discussion,explicit,2cc93b7da0011e79a8a8981f2d939f23c5013dda,011db56a2599afe091f05aa6413d96ddb03c2413,215,219,False,2cc93b7da0011e79a8a8981f2d939f23c5013dda>011db56a2599afe091f05aa6413d96ddb03c2413
train,"Imagebased models yielded joint kinematics, net joint moments, hip joint forces, muscle activation patterns and bone strains in the proximal-lateral femoral shaft in agreement with earlier studies (Aamodt et al., 1997; Bergmann et al., 2001; Inman et al., 1989; Kadaba et al., 1989; Stacoff et al., 2005).","Imagebased models yielded joint kinematics, net joint moments, hip joint forces, muscle activation patterns and bone strains in the proximal-lateral femoral shaft in agreement with earlier studies CITSEG.","(Aamodt et al., 1997; Bergmann et al., 2001; Inman et al., 1989; Kadaba et al., 1989; Stacoff et al., 2005)",result,supportive,0.7310000061988831,0.7310000061988831,,explicit,0b8bdc9a685b682f08b6337296c98f5c5e731a08,a57e5cff0fcc4dfcdd552af023a3da0406401b89,197,304,True,0b8bdc9a685b682f08b6337296c98f5c5e731a08>a57e5cff0fcc4dfcdd552af023a3da0406401b89
train,We compare the above formulation with the standard multiple kernel learning method (GMKL) presented in [33] where we consider the regression problem under l1 regularization.,We compare the above formulation with the standard multiple kernel learning method (GMKL) presented in CITSEG where we consider the regression problem under l1 regularization.,[33],result,supportive,0.6119999885559082,0.6119999885559082,3.3. Multiple Kernel Learning,explicit,14d2501d3639b574322a4271e5aa70a5ad43efb1,02091e924c05f839a4311bb50c25b573e1045548,103,107,True,14d2501d3639b574322a4271e5aa70a5ad43efb1>02091e924c05f839a4311bb50c25b573e1045548
train,"In this section, we first present experimental results on CIFAR-10 [20] and ImageNet dataset [5] to justify that pattern binarization could reduce the effective number of parameters dramatically and fine-tuning other parameters of the binarized network with fixed binarized pattern could achieve comparable performance to that of the original neural network models.","In this section, we first present experimental results on CIFAR-10 [20] and ImageNet dataset CITSEG to justify that pattern binarization could reduce the effective number of parameters dramatically and fine-tuning other parameters of the binarized network with fixed binarized pattern could achieve comparable performance to that of the original neural network models.",[5],result,supportive,0.7458000183105469,0.7458000183105469,,explicit,e57e58569dcede6b8af27bc468f06a249371ea75,38211dc39e41273c0007889202c69f841e02248a,93,96,False,e57e58569dcede6b8af27bc468f06a249371ea75>38211dc39e41273c0007889202c69f841e02248a
train,"This finding is in keeping with the previous observations that acute hepatitis A is extremely rare in adults in Taiwan (2), as more than 95% of the adults in the general population have ever been infected with HAV (31).","This finding is in keeping with the previous observations that acute hepatitis A is extremely rare in adults in Taiwan (2), as more than 95% of the adults in the general population have ever been infected with HAV CITSEG.",(31),result,supportive,1.0,1.0,,explicit,8ecfc23f2ccf8d967a57e340b871750e4a5dc18b,5caefb0a09442600314cf0fdf10fded1168997e8,214,218,True,8ecfc23f2ccf8d967a57e340b871750e4a5dc18b>5caefb0a09442600314cf0fdf10fded1168997e8
train,"…by E. coli expressed P450 1A5 and 3A37 support these findings; P450 1A5 produced exo-AFBO and AFM1 (AFB1 concentrations: 2–500 μM) in a ratio of 1: 2, while P450 3A37 produced exo-AFBOandAFQ1 (AFB1 concentrations: 0.1–1000 μM) in a ratio of 1: 6 (Rawal et al., 2010b; Yip and Coulombe, 2006).","…by E. coli expressed P450 1A5 and 3A37 support these findings; P450 1A5 produced exo-AFBO and AFM1 (AFB1 concentrations: 2–500 μM) in a ratio of 1: 2, while P450 3A37 produced exo-AFBOandAFQ1 (AFB1 concentrations: 0.1–1000 μM) in a ratio of 1:CITSEG010b; Yip and Coulombe, 2006)."," 6 (Rawal et al., 2",result,supportive,0.7527999877929688,0.7527999877929688,Discussion,explicit,77cc5c7417526334a60494acd658dcbf377cae1d,ced7e3c1f9c912dca5751664c86a7587b58b0854,244,263,False,77cc5c7417526334a60494acd658dcbf377cae1d>ced7e3c1f9c912dca5751664c86a7587b58b0854
train,"In line with this observation, PCP induces in humans a behavioral changes including psychotomimetic activity, amnesia (Nishijima et al., 1996) and schizophrenia (Goff and Wine, 1997).","In line with this observation, PCP induces in humans a behavioral changes including psychotomimetic activity, amnesia (CITSEG) and schizophrenia (Goff and Wine, 1997).","Nishijima et al., 1996",result,supportive,0.7378000020980835,0.7378000020980835,Introduction,explicit,a2a412cb7a0c955d75649a3a3d0a24a44a46bf0a,805208c61377f04e674274038c0b2813f950e24c,119,141,False,a2a412cb7a0c955d75649a3a3d0a24a44a46bf0a>805208c61377f04e674274038c0b2813f950e24c
train,"The majority of our findings are in line with prior studies such as those dealing with the adoption of mobile technology (Kim and Garrison, 2009; Lee and Park, 2008), with two notable exceptions.","The majority of our findings are in line with prior studies such as those dealing with the adoption of mobile technology (CITSEG; Lee and Park, 2008), with two notable exceptions.","Kim and Garrison, 2009",result,supportive,1.0,1.0,5. Discussion,explicit,1ed8042c32b484573035db874ee8db00b77ba326,f08f08fab4db474ed6d556b908622d95afa2704f,122,144,True,1ed8042c32b484573035db874ee8db00b77ba326>f08f08fab4db474ed6d556b908622d95afa2704f
train,"Except for some parameter values, the game studied by Schneider and Kube is similar to the individual wage treatment in Abeler et al. (2010).","Except for some parameter values, the game studied by Schneider and Kube is similar to the individual wage treatment in CITSEG.",Abeler et al. (2010),result,supportive,1.0,1.0,4.1 Design,explicit,10dd055d4276a7c2f17192717a22d824783c48cb,0d10e553c0a46e7384b3c34dc45bb063843a8300,120,140,False,10dd055d4276a7c2f17192717a22d824783c48cb>0d10e553c0a46e7384b3c34dc45bb063843a8300
train,"We demonstrate that the average amplitudes of contralateral PBR (cPBR) and ipsilateral NBR (iNBR) were negatively correlated as previously reported and thought to result from increased ipsilateral inhibition occurring concurrently with increased contralateral excitation (Klingner et al., 2010; Shmuel et al., 2002).",We demonstrate that the average amplitudes of contralateral PBR (cPBR) and ipsilateral NBR (iNBR) were negatively correlated as previously reported and thought to result from increased ipsilateral inhibition occurring concurrently with increased contralateral excitation CITSEG.,"(Klingner et al., 2010; Shmuel et al., 2002)",result,supportive,1.0,0.6650000214576721,Discussion,explicit,45701ff05d3ed583a658f18aa998944c1d4eee7a,f89d87e5f4d58e9bb7d576ec6ae34a84240b9c5e,271,315,True,45701ff05d3ed583a658f18aa998944c1d4eee7a>f89d87e5f4d58e9bb7d576ec6ae34a84240b9c5e
train,"The current results, along with several other studies (e.g., Kelly et al., 2007; Pascalis et al., 2002; Pascalis et al., 2005; Werker & Tees, 1984; Werker et al., 1981), demonstrate that human infants’ perceptual systems do become attuned to their environment.","The current results, along with several other studies (e.g., Kelly et al., 2007; Pascalis et al., 2002; CITSEG; Werker & Tees, 1984; Werker et al., 1981), demonstrate that human infants’ perceptual systems do become attuned to their environment.","Pascalis et al., 2005",result,supportive,1.0,1.0,General Discussion,explicit,6f68ccd37718366c40ae6aeedf0b935bf560b215,60ed4bdabf92b2fbd6162dbd8979888cccca55d7,104,125,True,6f68ccd37718366c40ae6aeedf0b935bf560b215>60ed4bdabf92b2fbd6162dbd8979888cccca55d7
train,"Axelsson et al. (2012) and Auton et al. (2013) obtained estimates of Ne for dogs that differed 4-fold, and Freedman et al. (2014) detected very large changes in effective population size since the time of domestication and in different wolf lineages.","CITSEG and Auton et al. (2013) obtained estimates of Ne for dogs that differed 4-fold, and Freedman et al. (2014) detected very large changes in effective population size since the time of domestication and in different wolf lineages.",Axelsson et al. (2012),result,supportive,0.6093999743461609,0.6093999743461609,Discussion,explicit,d8f915342dee431558368107381583a6db146135,da1bfc89bdd64622df21b78a99235ec0d2512ba7,0,22,True,d8f915342dee431558368107381583a6db146135>da1bfc89bdd64622df21b78a99235ec0d2512ba7
train,"This is consistent with previous reports that LY379268, at the same doses, failed to alter sweetened milk or sucrose intake (Baptista et al., 2004; Bossert et al., 2006b), suggesting that mGluR2/3s are not involved in natural (food, sex) reward.","This is consistent with previous reports that LY379268, at the same doses, failed to alter sweetened milk or sucrose intake (Baptista et al., 2004; CITSEG), suggesting that mGluR2/3s are not involved in natural (food, sex) reward.","Bossert et al., 2006b",result,supportive,0.7688000202178955,0.7688000202178955,4. Discussion,explicit,43f9708d3b59a30b17bcaae4a40eb47009ef8a43,babae3cde475bce2e383050be5c8b58d5fa75f35,148,169,True,43f9708d3b59a30b17bcaae4a40eb47009ef8a43>babae3cde475bce2e383050be5c8b58d5fa75f35
train,"…and oxygen isotope ratios of the particles studied by the PE team are very similar to those of the equilibrated LL chondrites (Nakamura et al. 2011; Yurimoto et al. 2011), which match the spectroscopic observations by the Hayabusa spacecraft (e.g., Fujiwara et al. 2006; Abe et al. 2006; Okada et…","…and oxygen isotope ratios of the particles studied by the PE team are very similar to those of the equilibrated LL chondrites (Nakamura et al. 2011; CITSEG), which match the spectroscopic observations by the Hayabusa spacecraft (e.g., Fujiwara et al. 2006; Abe et al. 2006; Okada et…",Yurimoto et al. 2011,result,supportive,0.6171000003814697,0.6171000003814697,Introduction,explicit,27717c955391418fdfd741398938409a32848c93,f2d1e364a067e08a35265de3c56c9dd5e8595d18,150,170,False,27717c955391418fdfd741398938409a32848c93>f2d1e364a067e08a35265de3c56c9dd5e8595d18
train,"This compares favourably with results reported previously in those treated with open reduction and internal fixation [1, 13].",This compares favourably with results reported previously in those treated with open reduction and internal fixation CITSEG.,"[1, 13]",result,supportive,1.0,1.0,Discussion,explicit,38a74e8978b416b3372b109ed36cd28d16c226ba,75d936e0355b0224718ee4cb8bb18a7492bdbc43,117,124,False,38a74e8978b416b3372b109ed36cd28d16c226ba>75d936e0355b0224718ee4cb8bb18a7492bdbc43
train,Its NMR data (Tables 1 and 2) also showed great similarity to those of AGI-B4 [7] except for a change in the chemical shift of H-2 (from δH 4.,Its NMR data (Tables 1 and 2) also showed great similarity to those of AGI-B4 CITSEG except for a change in the chemical shift of H-2 (from δH 4.,[7],result,supportive,1.0,1.0,2. Results and Discussion,explicit,73022204cb23bb61861120a3d60d19c50c75c58a,10add238d07527785df2919e71f7f8c9dc230d0b,78,81,True,73022204cb23bb61861120a3d60d19c50c75c58a>10add238d07527785df2919e71f7f8c9dc230d0b
train,This contrasts with findings reported by Sarriot et al. (2004b) on a study of NGO project sustainability that 73% of interviewees (with extensive experience of working with or for health NGOs) disagreed with the statement that ‘[I]nterventions not supported by government structures are not…,This contrasts with findings reported by CITSEG on a study of NGO project sustainability that 73% of interviewees (with extensive experience of working with or for health NGOs) disagreed with the statement that ‘[I]nterventions not supported by government structures are not…,Sarriot et al. (2004b),result,supportive,1.0,0.6721000075340271,DISCUSSION,explicit,8f8522b0ec1e3e59c0f28d0708181d06497e1a51,43216a526d27321f1eb34a8c1d7309e40f3bec93,41,63,True,8f8522b0ec1e3e59c0f28d0708181d06497e1a51>43216a526d27321f1eb34a8c1d7309e40f3bec93
train,This is in line with several fMRI studies that detected bilateral activation in participants with hemiplegia both in motor and sensory areas (Staudt et al. 2002; Guzzetta et al. 2007; Sutcliffe et al. 2009; You et al. 2005).,This is in line with several fMRI studies that detected bilateral activation in participants with hemiplegia both in motor and sensory areas (Staudt et al. 2002; CITSEG; Sutcliffe et al. 2009; You et al. 2005).,Guzzetta et al. 2007,result,supportive,0.7210000157356262,0.7210000157356262,Discussion,explicit,42c954cad0de68657d4429b512d8fe75dceef13c,00afbfb391f7c15a73a4257b2c0fcd9767ece6a8,162,182,True,42c954cad0de68657d4429b512d8fe75dceef13c>00afbfb391f7c15a73a4257b2c0fcd9767ece6a8
train,"0 and varimax rotation of the first three components produced the same scales as previous studies [18, 20].",0 and varimax rotation of the first three components produced the same scales as previous studies CITSEG.,"[18, 20]",result,supportive,1.0,1.0,Results,explicit,4c6d41b5241a2d80b993632d7e89acdb9fedef74,45ee8db9be57b97522566b1d1f6d2433cc464b72,98,106,True,4c6d41b5241a2d80b993632d7e89acdb9fedef74>45ee8db9be57b97522566b1d1f6d2433cc464b72
train,"This result is in line with the high and ubiquitous genetic variation previously detected for this
moss (Spagnuolo et al. 2007).","This result is in line with the high and ubiquitous genetic variation previously detected for this
moss (CITSEG).",Spagnuolo et al. 2007,result,supportive,0.6187999844551086,0.6187999844551086,Discussion,explicit,291ca965a80c0b484e70533599b2898f3c9b7cf7,63daf1741972395162371e6e9bf12348828cfe44,105,126,False,291ca965a80c0b484e70533599b2898f3c9b7cf7>63daf1741972395162371e6e9bf12348828cfe44
train,"Consistent with previous work, individual Streptomyces isolates resisted inhibition consistently better than they inhibited others (Davelos et al, 2004a; D’Costa et al, 2006), and on average were resistant to 83% of all other isolates.","Consistent with previous work, individual Streptomyces isolates resisted inhibition consistently better than they inhibited others (CITSEG; D’Costa et al, 2006), and on average were resistant to 83% of all other isolates.","Davelos et al, 2004a",result,supportive,0.7720999717712402,0.7720999717712402,Results,explicit,cf82d977a64226a15cca9fc0eea7de1e0078ce29,efe167e81022b9fb2b41ea7de996515c26f94838,132,152,True,cf82d977a64226a15cca9fc0eea7de1e0078ce29>efe167e81022b9fb2b41ea7de996515c26f94838
train,"In support of this assumption, in ARDS patients, TRAIL levels in the BAL fluid were correlated with clinical severity and the presence of neutrophils, which are also the major infiltrating cells in reovirus 1/L-induced ARDS (20, 84).","In support of this assumption, in ARDS patients, TRAIL levels in the BAL fluid were correlated with clinical severity and the presence of neutrophils, which are also the major infiltrating cells in reovirus 1/L-induced ARDS CITSEG.","(20, 84)",result,supportive,0.6488999724388123,0.6488999724388123,Discussion,explicit,64cf98067d1cadda174e5ffa24fc45a6b3e6426f,2d04ac3be66a1148b0e0aeb687d0345841ca674f,224,232,True,64cf98067d1cadda174e5ffa24fc45a6b3e6426f>2d04ac3be66a1148b0e0aeb687d0345841ca674f
train,"This result confirms our previous data on the inhibition by PD98059 of LPC-induced AR and related P-Tyr (de Lamirande and Gagnon, 2002) but diverge from those of Luconi et al. (1998).",This result confirms our previous data on the inhibition by PD98059 of LPC-induced AR and related P-Tyr (de CITSEG) but diverge from those of Luconi et al. (1998).,"Lamirande and Gagnon, 2002",result,supportive,0.7371000051498413,0.7371000051498413,Discussion,explicit,51c7b381edeec1f0fb4e3c3f7a4d5a5bf2a49a28,01994833ad94026b07221b3ae0e57783c016b67d,108,134,False,51c7b381edeec1f0fb4e3c3f7a4d5a5bf2a49a28>01994833ad94026b07221b3ae0e57783c016b67d
train,"The ionomycin-induced increase in [Ca(21)]i without external Ca21, an index of the size of internal Ca21 stores (19, 20), was similar in patients with vasospastic angina and in control subjects (680 6 250 vs.","The ionomycin-induced increase in [Ca(21)]i without external Ca21, an index of the size of internal Ca21 stores CITSEG, was similar in patients with vasospastic angina and in control subjects (680 6 250 vs.","(19, 20)",result,supportive,0.6069999933242798,0.3905999958515167,,explicit,a67c354e045f7c099c66238ae7b4b1fb74e77989,72cfe9cd8e489d04dfb617a2a226c2e4bb45430d,112,120,True,a67c354e045f7c099c66238ae7b4b1fb74e77989>72cfe9cd8e489d04dfb617a2a226c2e4bb45430d
train,"Moreover, genu as well as splenium thinning may corroborate results from our previous work (Ballmaier et al, 2004c), showing widespread decreases in temporal and parietal gray matter in late-onset depression compared to controls, with prominent decreases in sensorimotor regions.","Moreover, genu as well as splenium thinning may corroborate results from our previous work (CITSEG), showing widespread decreases in temporal and parietal gray matter in late-onset depression compared to controls, with prominent decreases in sensorimotor regions.","Ballmaier et al, 2004c",result,supportive,1.0,1.0,DISCUSSION,explicit,a5e4b411fb574f12ea46980b5f21bcbbe432ea41,b0c33fc55f6e792b359b025a8b811fb420d77d3a,92,114,False,a5e4b411fb574f12ea46980b5f21bcbbe432ea41>b0c33fc55f6e792b359b025a8b811fb420d77d3a
train,"[4] reported that, compared with the syndrome scales, the CBCL DOSs evidenced a similar degree of internal consistency, test–retest reliability, and cross-informant agreement.","CITSEG reported that, compared with the syndrome scales, the CBCL DOSs evidenced a similar degree of internal consistency, test–retest reliability, and cross-informant agreement.",[4],result,supportive,0.6068000197410583,0.39649999141693115,Methods,explicit,71f2841a272ee3841125b442bcb747b9ec7bfc35,9697334e04acba28057c7a6fa044167a29c066fe,0,3,True,71f2841a272ee3841125b442bcb747b9ec7bfc35>9697334e04acba28057c7a6fa044167a29c066fe
train,"Our results corroborate the documented drainage re-organization that occurred on the Indo-Gangetic plains, and the theory that beginning around 5 MY ago and completed by 0.3 MYago the major tributaries of the Ganges in Punjab were gradually re-routed into the Indus (Clift and Blusztajn 2005).","Our results corroborate the documented drainage re-organization that occurred on the Indo-Gangetic plains, and the theory that beginning around 5 MY ago and completed by 0.3 MYago the major tributaries of the Ganges in Punjab were gradually re-routed into the Indus (CITSEG).",Clift and Blusztajn 2005,result,supportive,0.7360000014305115,0.7360000014305115,Discussion,explicit,67fd3bb71d0f1a06e61fa0ba6615b0397867fbc3,85b04d25eac459fab2870ae995d01b09a6d65e1e,267,291,True,67fd3bb71d0f1a06e61fa0ba6615b0397867fbc3>85b04d25eac459fab2870ae995d01b09a6d65e1e
train,"6% is comparable to other reported series/platforms [2,11–20], despite the inherent bias toward lower rates based on the real-world referral base and higher percentage of individuals with ASD in this population.","6% is comparable to other reported series/platforms CITSEG, despite the inherent bias toward lower rates based on the real-world referral base and higher percentage of individuals with ASD in this population.","[2,11–20]",result,supportive,1.0,1.0,3. Discussion,explicit,9aed24e5ae0dba564ed6824c6f1002efd50b027e,69e24119117961e4ae92961e2a0e3deed4218504,52,61,False,9aed24e5ae0dba564ed6824c6f1002efd50b027e>69e24119117961e4ae92961e2a0e3deed4218504
train,wage (IWT) and equal wage treatment (EWT) reported in Abeler et al. (2010). Effort levels in NoCom are substantially higher than in EWT.,wage (IWT) and equal wage treatment (EWT) reported in CITSEG Effort levels in NoCom are substantially higher than in EWT.,Abeler et al. (2010).,result,supportive,0.6991999745368958,0.3684000074863434,3.2 Results,explicit,10dd055d4276a7c2f17192717a22d824783c48cb,0d10e553c0a46e7384b3c34dc45bb063843a8300,54,75,False,10dd055d4276a7c2f17192717a22d824783c48cb>0d10e553c0a46e7384b3c34dc45bb063843a8300
train,"Since the results were reported in (Kanda et al. 2004 d) in detail, here we only briefly describe the results, with a particular focus on longitudinal interaction.","Since the results were reported in (CITSEG d) in detail, here we only briefly describe the results, with a particular focus on longitudinal interaction.",Kanda et al. 2004,result,supportive,0.7343000173568726,0.5024999976158142,3.1.2 Results,explicit,922f2fb5ebc5d7d8e08b087bdd4df2855bdd4b48,73f8d428fa37bc677d6e08e270336e066432c8c9,36,53,False,922f2fb5ebc5d7d8e08b087bdd4df2855bdd4b48>73f8d428fa37bc677d6e08e270336e066432c8c9
train,"In general, our parameter choices are consistent with the estimation results in Gomes (2001), and Hennessy and Whited (2005, 2007).","In general, our parameter choices are consistent with the estimation results in CITSEG, and Hennessy and Whited (2005, 2007).",Gomes (2001),result,supportive,1.0,1.0,3.2 Calibration,explicit,28ac235042d619b93680b455b9cc255cae9f1278,c7200efb50722d8495736a35276dc433f113dbd8,80,92,True,28ac235042d619b93680b455b9cc255cae9f1278>c7200efb50722d8495736a35276dc433f113dbd8
train,"2 of reference (17) obtaining results for the effect of treatments, qualitatively similar to those explicitly reported here.","2 of reference CITSEG obtaining results for the effect of treatments, qualitatively similar to those explicitly reported here.",(17),result,supportive,0.6359000205993652,0.6359000205993652,Appendix A: Model equations and Parameters values.,explicit,21171c7ed10dbea26b2b4989606ba716ea12d192,6ba8e09dba38051a4ce3a1584e628e88b55b2b0b,15,19,False,21171c7ed10dbea26b2b4989606ba716ea12d192>6ba8e09dba38051a4ce3a1584e628e88b55b2b0b
train,"Although Pascalis et al. (2005) showed exposure can maintain infants’ discrimination of monkey faces, more recent research has examined what type of exposure promotes infants continued discrimination of monkey faces.","Although CITSEG showed exposure can maintain infants’ discrimination of monkey faces, more recent research has examined what type of exposure promotes infants continued discrimination of monkey faces.",Pascalis et al. (2005),result,supportive,0.7390000224113464,0.5194000005722046,,explicit,6f68ccd37718366c40ae6aeedf0b935bf560b215,60ed4bdabf92b2fbd6162dbd8979888cccca55d7,9,31,True,6f68ccd37718366c40ae6aeedf0b935bf560b215>60ed4bdabf92b2fbd6162dbd8979888cccca55d7
train,It is clear from these results and those from previous studies Bagwell et al. 1998; 2001; Bergholz et al. 2001 that numerous diazotrophs inhabiting the rhizoplanes of salt marsh plants are strongly influenced by specific properties of the plant host and somewhat less influenced by the abiotic…,It is clear from these results and those from previous studies CITSEG; Bergholz et al. 2001 that numerous diazotrophs inhabiting the rhizoplanes of salt marsh plants are strongly influenced by specific properties of the plant host and somewhat less influenced by the abiotic…,Bagwell et al. 1998; 2001,result,supportive,1.0,0.6453999876976013,Results and Discussion,explicit,546d35d3588646cb18f9f388052adb575da9fe04,1940a8c5bcf0f8ef3e3cbefdaf6473406982a0d6,63,88,False,546d35d3588646cb18f9f388052adb575da9fe04>1940a8c5bcf0f8ef3e3cbefdaf6473406982a0d6
train,"This prediction has been supported in comparative studies on primates (Short 1979; Harcourt et al. 1981; Harvey and Harcourt 1984; Kappeler 1997a) and many other taxa (review, e.g., in Møller and Briskie 1995).","This prediction has been supported in comparative studies on primates (Short 1979; Harcourt et al. 1981; Harvey and Harcourt 1984; CITSEG) and many other taxa (review, e.g., in Møller and Briskie 1995).",Kappeler 1997a,result,supportive,1.0,1.0,Introduction,explicit,6c0d40cfabb567805bef3f50b7af4549e66019fd,98cc989e358d6ff824272048e1030fda47e6e544,131,145,False,6c0d40cfabb567805bef3f50b7af4549e66019fd>98cc989e358d6ff824272048e1030fda47e6e544
train,This finding extends previous work that has shown that certain aspects of gait may depend on cognitive function and attention (Springer et al. 2006; Woollacott and Shumway-Cook 2002; Yogev et al. 2005; Bloem et al. 2001; Morris et al. 1996; Auriel et al. 2006; Van Wegen et al. 2006; Verghese et al. 2002).,This finding extends previous work that has shown that certain aspects of gait may depend on cognitive function and attention CITSEG.,(Springer et al. 2006; Woollacott and Shumway-Cook 2002; Yogev et al. 2005; Bloem et al. 2001; Morris et al. 1996; Auriel et al. 2006; Van Wegen et al. 2006; Verghese et al. 2002),result,supportive,0.7653999924659729,0.7653999924659729,Discussion,explicit,7ac67ff0f59585ad3b31d22424c2cef72e20a27d,8d588720ea1b676f8b3906b696e06cf64f5b766b,126,305,False,7ac67ff0f59585ad3b31d22424c2cef72e20a27d>8d588720ea1b676f8b3906b696e06cf64f5b766b
train,"Second, overall, results of the studies on the metabolic effects of Ramadan fasting in healthy pregnant women [21-35] (Tables 2) give enough evidence that accelerated starvation, especially in late pregnancy [24], exists during fasting day hours with evident low blood glucose, elevated beta-hydroxybutyrate [21,24,25,29,33], ketosis, and ketonemia [26,29].","Second, overall, results of the studies on the metabolic effects of Ramadan fasting in healthy pregnant women CITSEG (Tables 2) give enough evidence that accelerated starvation, especially in late pregnancy [24], exists during fasting day hours with evident low blood glucose, elevated beta-hydroxybutyrate [21,24,25,29,33], ketosis, and ketonemia [26,29].",[21-35],result,supportive,0.7179999947547913,0.7179999947547913,4. DISCUSSION,explicit,5ba35b32fbd5fadaa10df97b87df75eaa2203923,fd4e86ba764f50dcefd4d57bb489a7f2c169e137,110,117,True,5ba35b32fbd5fadaa10df97b87df75eaa2203923>fd4e86ba764f50dcefd4d57bb489a7f2c169e137
train,"To our surprise, but as noted in previous research [1], participants rarely if ever engaged in an activity on one device that they were interested in continuing on another, and expressed very little interest in the type of “hand-off” capability we suggested.","To our surprise, but as noted in previous research CITSEG, participants rarely if ever engaged in an activity on one device that they were interested in continuing on another, and expressed very little interest in the type of “hand-off” capability we suggested.",[1],result,supportive,1.0,0.661899983882904,,explicit,965387da8f6d115c6d41f0f2d53573212e4c9207,82ba9a0253de77b41c6ccec8d7fd653bd2ecd006,51,54,True,965387da8f6d115c6d41f0f2d53573212e4c9207>82ba9a0253de77b41c6ccec8d7fd653bd2ecd006
train,"Overall, the findings are consistent with our previous work (Leonard and Baum, 1998; Leonard et al., 1997a, 1997b) in demonstrating that RHD individuals can use context under conditions of reduced processing demands.","Overall, the findings are consistent with our previous work (CITSEG; Leonard et al., 1997a, 1997b) in demonstrating that RHD individuals can use context under conditions of reduced processing demands.","Leonard and Baum, 1998",result,supportive,0.7705000042915344,0.7705000042915344,Discussion,explicit,a31f3431d87810718f78bd70894fe4a4bb4915b5,d1dca74988c1852e4e8608d06023e3f73c453757,61,83,True,a31f3431d87810718f78bd70894fe4a4bb4915b5>d1dca74988c1852e4e8608d06023e3f73c453757
train,"Furthermore, the findings herein are in agreement with previous studies reporting a high intra-observer reproducibility of diastolic filling and LV mass measurements [7].","Furthermore, the findings herein are in agreement with previous studies reporting a high intra-observer reproducibility of diastolic filling and LV mass measurements CITSEG.",[7],result,supportive,1.0,1.0,Discussion,explicit,29c7c2ed27a532405bbd86308d3536d169b115d2,4b1625b81743bd004522c447587152d3cc94e415,166,169,True,29c7c2ed27a532405bbd86308d3536d169b115d2>4b1625b81743bd004522c447587152d3cc94e415
train,"These results extend bivariate findings from a previous study showing a significant association between multidisciplinary services and reduction of mistreatment risk in cases of elder mistreatment (Ernst & Smith, 2012).",These results extend bivariate findings from a previous study showing a significant association between multidisciplinary services and reduction of mistreatment risk in cases of elder mistreatment (CITSEG).,"Ernst & Smith, 2012",result,supportive,0.7479000091552734,0.7479000091552734,Discussion,explicit,ae37136da5e4c81629bc5e2e902456ed632f8593,49124a08dbc7e2fb31d760236261450b6911bddf,198,217,False,ae37136da5e4c81629bc5e2e902456ed632f8593>49124a08dbc7e2fb31d760236261450b6911bddf
train,"From our perspective, it seems the current results, along with those of Pascalis and others (Pascalis et al., 2002; Pascalis et al., 2005), are equally consistent within a framework of perceptual learning.","From our perspective, it seems the current results, along with those of Pascalis and others (Pascalis et al., 2002; CITSEG), are equally consistent within a framework of perceptual learning.","Pascalis et al., 2005",result,supportive,1.0,1.0,General Discussion,explicit,6f68ccd37718366c40ae6aeedf0b935bf560b215,60ed4bdabf92b2fbd6162dbd8979888cccca55d7,116,137,True,6f68ccd37718366c40ae6aeedf0b935bf560b215>60ed4bdabf92b2fbd6162dbd8979888cccca55d7
train,"The stronger association observed between BMI and TBF than between BMI and PBF is consistent with several previous investigations (7, 21, 32).",The stronger association observed between BMI and TBF than between BMI and PBF is consistent with several previous investigations CITSEG.,"(7, 21, 32)",result,supportive,1.0,1.0,BMI As a Measure of Body Fatness,explicit,8a1dcd51cabbd95bf7212a42a8fc5bae5d6b65e1,668c6321b924dc59c2fccf8328f4dde13906ebe1,130,141,False,8a1dcd51cabbd95bf7212a42a8fc5bae5d6b65e1>668c6321b924dc59c2fccf8328f4dde13906ebe1
train,"…internal consistency of the total scale and the subscales ranged from good to excellent (Streiner and Norman, 2008) and were on the same or better level comparedwith other studies (Jocovic et al., 2002; Marshman et al., 2005; Brown and Al-Khayal., 2006; Goursand et al., 2008; McGrath et al., 2008).","…internal consistency of the total scale and the subscales ranged from good to excellent (Streiner and Norman, 2008) and were on the same or better level comparedwith other studies (Jocovic et al., 2002; Marshman et al., 2005; Brown and Al-Khayal., 2006; CITSEG; McGrath et al., 2008).","Goursand et al., 2008",result,supportive,0.6909000277519226,0.6909000277519226,DISCUSSION,explicit,591842a106001afa3d89b6c12d7715835f96cb4f,5bd0109fde4c01578b16a9d5a58d7870b0fd31fb,255,276,True,591842a106001afa3d89b6c12d7715835f96cb4f>5bd0109fde4c01578b16a9d5a58d7870b0fd31fb
train,"A useful outcome of these results is that despite the higher-thanexpected NAC concentrations, there were minimal adverse effects of the drug seen (Table 2), as previously reported [2–4], although our data demonstrate that adverse effects graded ‘‘mild’’ were more than twice as common in the NAC phase compared with the control.","A useful outcome of these results is that despite the higher-thanexpected NAC concentrations, there were minimal adverse effects of the drug seen (Table 2), as previously reported CITSEG, although our data demonstrate that adverse effects graded ‘‘mild’’ were more than twice as common in the NAC phase compared with the control.",[2–4],result,supportive,0.7537999749183655,0.7537999749183655,Discussion,explicit,d8fb5c6e78bba8996decf03fbcd14569e3fcd790,c0cb8a1b4d4f4b5fbf381a5b320d291c94a92525,180,185,False,d8fb5c6e78bba8996decf03fbcd14569e3fcd790>c0cb8a1b4d4f4b5fbf381a5b320d291c94a92525
train,"Bartroff and Lai (2008) carried out comprehensive simulation studies of the performance, measured in terms of the expected sample size and power functions, of their adaptive test and compared it with other adaptive tests in the literature.","CITSEG carried out comprehensive simulation studies of the performance, measured in terms of the expected sample size and power functions, of their adaptive test and compared it with other adaptive tests in the literature.",Bartroff and Lai (2008),result,supportive,0.7384999990463257,0.4927999973297119,1. INTRODUCTION,explicit,c530edac57ffa39997801a600c486eb231a87a6d,21b324399af869ff28634117eaaeaccfd52d371c,0,23,False,c530edac57ffa39997801a600c486eb231a87a6d>21b324399af869ff28634117eaaeaccfd52d371c
train,"Our results clearly demonstrated that PjPORB gene expression was subjected to leaf developmental control; and they were basically consistent with previous observations that PORB was strongly expressed early in seedling development, especially in seedling de-etiolation, and that its mRNA levels remained detectable in older seedlings and adult plants (Armstrong et al. 1995; Oosawa et al. 2000; Su et al. 2001; Frick et al. 2003).","Our results clearly demonstrated that PjPORB gene expression was subjected to leaf developmental control; and they were basically consistent with previous observations that PORB was strongly expressed early in seedling development, especially in seedling de-etiolation, and that its mRNA levels remained detectable in older seedlings and adult plants CITSEG.",(Armstrong et al. 1995; Oosawa et al. 2000; Su et al. 2001; Frick et al. 2003),result,supportive,0.7616000175476074,0.7616000175476074,Discussion,explicit,1edc7af9eaa7fe9da79f0605652cfd4443a0cad4,34be3ccc2ba9343126638a5df3f7dea6e42fe9a4,351,429,False,1edc7af9eaa7fe9da79f0605652cfd4443a0cad4>34be3ccc2ba9343126638a5df3f7dea6e42fe9a4
train,"Similar with [10], in [12] the authors studied time-varying wavelet packets more theoretically with changing the two orthogonal two-band filter banks used in tree-structure of DWTs.","Similar with CITSEG, in [12] the authors studied time-varying wavelet packets more theoretically with changing the two orthogonal two-band filter banks used in tree-structure of DWTs.",[10],result,supportive,0.727400004863739,0.727400004863739,1. Introduction,explicit,bc790409c12bea0176e86b85915f1cfcde1227e6,7b6eae8fdd65b7b50cdc6fd6941989ac833f31c2,13,17,True,bc790409c12bea0176e86b85915f1cfcde1227e6>7b6eae8fdd65b7b50cdc6fd6941989ac833f31c2
train,"Our finding is consistent with the report from the BGS [20] and other studies conducted in Nepal [22, 24].",Our finding is consistent with the report from the BGS [20] and other studies conducted in Nepal CITSEG.,"[22, 24]",result,supportive,1.0,1.0,Discussion,explicit,b2ec0f1621f2f4fba1d4d2f482c8f2380af5bc16,a2393d6e910b41d2456d1d794b42b5546b863094,97,105,True,b2ec0f1621f2f4fba1d4d2f482c8f2380af5bc16>a2393d6e910b41d2456d1d794b42b5546b863094
train,"This is conWrmed by the superior results of functional conservative or postsurgical treatment procedures in comparison to non-weight bearing plaster cast immobilisation [14, 31].",This is conWrmed by the superior results of functional conservative or postsurgical treatment procedures in comparison to non-weight bearing plaster cast immobilisation CITSEG.,"[14, 31]",result,supportive,0.6116999983787537,0.6116999983787537,Discussion,explicit,271adbb419c95de9b4634a630082299b1a40ecc9,979f71be62cb9612690e46494dd65a6ce8db05e2,169,177,False,271adbb419c95de9b4634a630082299b1a40ecc9>979f71be62cb9612690e46494dd65a6ce8db05e2
train,"This result is consistent with our previous finding that cyclosporine A could block FGF23-induced, but not FGF2induced, hypertrophy of NRVM (Faul et al., 2011).","This result is consistent with our previous finding that cyclosporine A could block FGF23-induced, but not FGF2induced, hypertrophy of NRVM (CITSEG).","Faul et al., 2011",result,supportive,1.0,1.0,RESULTS,explicit,901077d4ad9080b04cc178eea5c459a75ca79bdd,4e3427bd6cc0dd0290be6c146b46bda6ad05403f,141,158,False,901077d4ad9080b04cc178eea5c459a75ca79bdd>4e3427bd6cc0dd0290be6c146b46bda6ad05403f
train,"We also suggest that our MP framework is a more accurate depiction of epidemiological findings supporting the core group hypothesis (Rothenberg 1983; Potterat et al. 1985; Zenilman et al. 1999; Bernstein et al. 2004), and resolves some of the prior ambiguity about what constitutes the core group for STI transmission (Thomas & Tucker 1996).","We also suggest that our MP framework is a more accurate depiction of epidemiological findings supporting the core group hypothesis CITSEG, and resolves some of the prior ambiguity about what constitutes the core group for STI transmission (Thomas & Tucker 1996).",(Rothenberg 1983; Potterat et al. 1985; Zenilman et al. 1999; Bernstein et al. 2004),result,supportive,0.6184999942779541,0.4212999939918518,4. DISCUSSION AND CONCLUSION,explicit,48793a345eacc733e0e3dd51cb0cafd56baf101f,990f0494d4f46e43bdb76415e8524ce591902792,132,216,True,48793a345eacc733e0e3dd51cb0cafd56baf101f>990f0494d4f46e43bdb76415e8524ce591902792
train,"The Problem Factor of the EBCI has previously been shown to
demonstrate high reliability in the current sample from ages 2 to 4 (range, α=0.84 to 0.94; Dishion et al. 2008).","The Problem Factor of the EBCI has previously been shown to
demonstrate high reliability in the current sample from ages 2 to 4 (range, α=0.84 to 0.94;CITSEG8).", Dishion et al. 200,result,supportive,0.7651000022888184,0.5231000185012817,Methods,explicit,ce5e40ddeb4fd7949aaeb507a66ac27887d12b95,be59cc09630da876d2dfada6165711f5bd19506f,151,170,False,ce5e40ddeb4fd7949aaeb507a66ac27887d12b95>be59cc09630da876d2dfada6165711f5bd19506f
train,"Previous case reports [2, 3, 4, 5, 6, 7, 8] also have suggested the etiological role of CMV in CMV-associated pancreatitis.",Previous case reports CITSEG also have suggested the etiological role of CMV in CMV-associated pancreatitis.,"[2, 3, 4, 5, 6, 7, 8]",result,supportive,1.0,1.0,DISCUSSION,explicit,3bea480852ea26efa410b833852e32dd0f2b8cf4,4a9432105f2e93a925a0196f5bbace814002e8c9,22,43,False,3bea480852ea26efa410b833852e32dd0f2b8cf4>4a9432105f2e93a925a0196f5bbace814002e8c9
train,"Thus, antibodies against sequences common to PLCb1a and 1b isoforms (N-ter, R-233, PLCb136–87, D-8) recognized two bands with apparent molecular masses consistent with previous reports (Lee et al., 1987, 1993; Fukaya et al., 2008), whereas G-12 antibody only detected the heaviest band, in agreement with its expected specificity for the PLCb1a isoform (Fig.","Thus, antibodies against sequences common to PLCb1a and 1b isoforms (N-ter, R-233, PLCb136–87, D-8) recognized two bands with apparent molecular masses consistent with previous reports CITSEG, whereas G-12 antibody only detected the heaviest band, in agreement with its expected specificity for the PLCb1a isoform (Fig.","(Lee et al., 1987, 1993; Fukaya et al., 2008)",result,supportive,0.7509999871253967,0.7509999871253967,Specificity of antibodies,explicit,80160aee8cdcbc26e6b65dd28fd07246c349140c,9b191008e5ce88ef5fb79694fa7fb8d7ab10170b,185,230,True,80160aee8cdcbc26e6b65dd28fd07246c349140c>9b191008e5ce88ef5fb79694fa7fb8d7ab10170b
train,"The observed decrease of the CFF/FUF in our HE patients is well in line with the results of Kircheis et al. (2001a, 2001b, 2001c, 2002) and Timmermann et al. (2008).","The observed decrease of the CFF/FUF in our HE patients is well in line with the results of Kircheis et al. (2001a, 2001b, 2001c, 2002) and CITSEG.",Timmermann et al. (2008),result,supportive,0.6259999871253967,0.6259999871253967,"4.1. CFF, FUF and clinical parameters",explicit,062ab02c421a101c2f4ce8b57e03efbcad9e65cf,31d31b65fa7b01ce90080264e7d1472af469355d,140,164,True,062ab02c421a101c2f4ce8b57e03efbcad9e65cf>31d31b65fa7b01ce90080264e7d1472af469355d
train,"This is consistent with reports that miR-155 is downstream of several molecules necessary for induction of the M1 phenotype, such as TLRs [50] or Akt2 activity [51].","This is consistent with reports that miR-155 is downstream of several molecules necessary for induction of the M1 phenotype, such as TLRs [50] or Akt2 activity CITSEG.",[51],result,supportive,0.76910001039505,0.76910001039505,4. Discussion,explicit,6a97855c529f5bbcc57883ba6ae7686fa383d54e,14d7c8b93d9dd2c25c50eee83423d1f8d9e037c3,160,164,True,6a97855c529f5bbcc57883ba6ae7686fa383d54e>14d7c8b93d9dd2c25c50eee83423d1f8d9e037c3
train,"…for comparing VBM pre-processing algorithms besides comparison to empirically derived information we report a qualitative comparison of our findings with well-established anatomical distribution patterns associated with AD pathology (Braak and Braak, 1991; Frisoni et al., 2010; Hyman et al., 1997).","…for comparing VBM pre-processing algorithms besides comparison to empirically derived information we report a qualitative comparison of our findings with well-established anatomical distribution patterns associated with AD pathology (Braak and Braak, 1991; CITSEG; Hyman et al., 1997).","Frisoni et al., 2010",result,supportive,0.6097000241279602,0.6097000241279602,INTRODUCTION,explicit,91fbf2dde0effb33bfc88008decf43476dbb08ed,06e8eab4c7673fe38fd7dfea8879712a71e3a537,258,278,True,91fbf2dde0effb33bfc88008decf43476dbb08ed>06e8eab4c7673fe38fd7dfea8879712a71e3a537
train,"Previous studies have also shown that lower levels of BDNF were associated with lower levels of NPY in both rat brain and cultured neurons (Barnea and Roberts, 2001; Nawa et al., 1993, 1994).","Previous studies have also shown that lower levels of BDNF were associated with lower levels of NPY in both rat brain and cultured neurons (Barnea and Roberts, 2001; CITSEG).","Nawa et al., 1993, 1994",result,supportive,0.6072999835014343,0.6072999835014343,DISCUSSION,explicit,fcbade2dbed7b1ce4aa15285a89028773e20889c,a3b7aec5548fa4aa010b72231659fcf0e57c6087,166,189,False,fcbade2dbed7b1ce4aa15285a89028773e20889c>a3b7aec5548fa4aa010b72231659fcf0e57c6087
train,"This approach – a kind of ‘Artificial Life route’ to self-organized criticality – could promote the development of conceptual models explaining how organisms are driven towards criticality in an abstract level, working as ‘proofs of concept’ (Barandiaran and Chemero, 2009) and supporting existing and future experimental findings.","This approach – a kind of ‘Artificial Life route’ to self-organized criticality – could promote the development of conceptual models explaining how organisms are driven towards criticality in an abstract level, working as ‘proofs of concept’ CITSEG and supporting existing and future experimental findings.","(Barandiaran and Chemero, 2009)",result,supportive,1.0,1.0,Introduction,explicit,424605eb436ee2469bc238245dc4c0453abf1b8d,9fd9a3f5bca9cffbd21bd03e1d5bd12035d46cb4,242,273,False,424605eb436ee2469bc238245dc4c0453abf1b8d>9fd9a3f5bca9cffbd21bd03e1d5bd12035d46cb4
train,"My results give one way to interpret the empirical evidence from Baker et al. (2012) that suggests that fiscal policy uncertainty has been an important force behind the fall in consumption, investment, and output that we have seen during the Great Recession. In addition, my model is consistent with the relatively small effects reported by Fernández-Villaverde et al. (2012b) and Born and Pfeifer (2011) since both studies do not consider the impact of the ZLB.",My results give one way to interpret the empirical evidence from CITSEGand Born and Pfeifer (2011) since both studies do not consider the impact of the ZLB.,"Baker et al. (2012) that suggests that fiscal policy uncertainty has been an important force behind the fall in consumption, investment, and output that we have seen during the Great Recession. In addition, my model is consistent with the relatively small effects reported by Fernández-Villaverde et al. (2012b) ",result,supportive,1.0,1.0,1 Introduction,explicit,47851e108a5855cb0fd375c9bdd039f78cc16c25,02bf68795fa74f0984701fa84df877a27dae6a2f,65,377,True,47851e108a5855cb0fd375c9bdd039f78cc16c25>02bf68795fa74f0984701fa84df877a27dae6a2f
train,…the coexistence of diagnostic indices of both normal and reduced systolic function is common and difficult to reconcile in HFpEF (Tan et al. 2009; Norman et al. 2011; Hiemstra et al. 2013; Marshall et al. 2013) and results from this study contribute to this interesting and often observed paradox.,…the coexistence of diagnostic indices of both normal and reduced systolic function is common and difficult to reconcile in HFpEF (Tan et al. 2009; CITSEG; Hiemstra et al. 2013; Marshall et al. 2013) and results from this study contribute to this interesting and often observed paradox.,Norman et al. 2011,result,supportive,0.7526999711990356,0.7526999711990356,Discussion,explicit,15233331f0f5dd11a8523b538138ebf27210148f,0f2c26e82d12c010a6d7edce805eed85b4217842,148,166,False,15233331f0f5dd11a8523b538138ebf27210148f>0f2c26e82d12c010a6d7edce805eed85b4217842
train,"This negative correlation, such that more positive mean PBR occurred concurrently with a more negative mean NBR, is in agreement with previous studies (Klingner et al., 2010; Shmuel et al., 2002), suggesting that the magnitude of ipsilateral inhibition increases with the magnitude of increasing contralateral excitation.","This negative correlation, such that more positive mean PBR occurred concurrently with a more negative mean NBR, is in agreement with previous studies CITSEG, suggesting that the magnitude of ipsilateral inhibition increases with the magnitude of increasing contralateral excitation.","(Klingner et al., 2010; Shmuel et al., 2002)",result,supportive,0.7555999755859375,0.7555999755859375,Results,explicit,45701ff05d3ed583a658f18aa998944c1d4eee7a,f89d87e5f4d58e9bb7d576ec6ae34a84240b9c5e,151,195,True,45701ff05d3ed583a658f18aa998944c1d4eee7a>f89d87e5f4d58e9bb7d576ec6ae34a84240b9c5e
train,"The genotype frequencies of RAN rs14035 and XPO5 rs11077 in the control group of our study showed similar patterns to the results in the control groups of previous reports regarding lung cancer and breast cancer in Korea [26,27].",The genotype frequencies of RAN rs14035 and XPO5 rs11077 in the control group of our study showed similar patterns to the results in the control groups of previous reports regarding lung cancer and breast cancer in Korea CITSEG.,"[26,27]",result,supportive,1.0,1.0,Discussion,explicit,3bce307bea6a720357519e0c54aa4e4f401a6839,d12b483d44afb5ab7914ff81443f653216068aa2,221,228,True,3bce307bea6a720357519e0c54aa4e4f401a6839>d12b483d44afb5ab7914ff81443f653216068aa2
train,"Mean sensitivity estimates (ap) for Group 11 (between .25 and .32) were similar to the mean sensitivity estimate of .20 found by Lie and Alsop (2009), who used a similar task and sample of participants.","Mean sensitivity estimates (ap) for Group 11 (between .25 and .32) were similar to the mean sensitivity estimate of .20 found by CITSEG, who used a similar task and sample of participants.",Lie and Alsop (2009),result,supportive,0.7231000065803528,0.7231000065803528,DISCUSSION,explicit,0e6ddb7d089493b2deba4ce844d50b54e2b023d4,66cb6767c5ae25fa1177b12774cd506b8e9699ad,129,149,False,0e6ddb7d089493b2deba4ce844d50b54e2b023d4>66cb6767c5ae25fa1177b12774cd506b8e9699ad
train,"This finding agrees with recent investigations that suggest that only a limited number of
The ISME Journal
bacterial species can drive major changes in the gut microbiota and, thus, influence the metabolic profile (Marcobal et al., 2013).","This finding agrees with recent investigations that suggest that only a limited number of
The ISME Journal
bacterial species can drive major changes in the gut microbiota and, thus, influence the metabolic profile (CITSEG).","Marcobal et al., 2013",result,supportive,0.7573999762535095,0.7573999762535095,Discussion,explicit,4552697d8f6a250de747b259809c1b53bd6a86f4,2f587ec3f121d1121885a4a62d2a4a82422c14be,215,236,True,4552697d8f6a250de747b259809c1b53bd6a86f4>2f587ec3f121d1121885a4a62d2a4a82422c14be
train,"Comparison of sperm retrieval rate according to testicular histology Five of the included studies made a comparison of sperm retrieval according to testicular histology (Okada et al., 2002; Tsujimura et al., 2002; Ramasamy et al., 2005; Colpi et al., 2009; Ghalayini et al., 2011).",Comparison of sperm retrieval rate according to testicular histology Five of the included studies made a comparison of sperm retrieval according to testicular histology CITSEG.,"(Okada et al., 2002; Tsujimura et al., 2002; Ramasamy et al., 2005; Colpi et al., 2009; Ghalayini et al., 2011)",result,supportive,0.7802000045776367,0.7802000045776367,,explicit,471ff2f6fff41e64350168b059ac3f13696c1c09,b69aa2af017d1a5332e34ee0cc8e7890abb504c1,169,280,True,471ff2f6fff41e64350168b059ac3f13696c1c09>b69aa2af017d1a5332e34ee0cc8e7890abb504c1
train,"Psychotropic medication was found to be more frequent in the autistic group, a result that concurs with past evidence (Posey & McDougle, 2000).","Psychotropic medication was found to be more frequent in the autistic group, a result that concurs with past evidence (CITSEG).","Posey & McDougle, 2000",result,supportive,1.0,1.0,Discussion,explicit,bdf00612fbc2538f89be3c0bee242950af63ccd3,4c1900303371ce90e269f4cbc040e9f028a5c5be,119,141,False,bdf00612fbc2538f89be3c0bee242950af63ccd3>4c1900303371ce90e269f4cbc040e9f028a5c5be
train,"Consistent with previous reports (Korobova et al., 2013, 2014), we found that overexpressing INF2 A149 resulted in significant shortening of mitochondria (Figure 6C,E; A149 alone).","Consistent with previous reports (CITSEG), we found that overexpressing INF2 A149 resulted in significant shortening of mitochondria (Figure 6C,E; A149 alone).","Korobova et al., 2013, 2014",result,supportive,1.0,1.0,Results,explicit,929a7548464ce1d9d785abbe35da34842c0133e6,21096eb950bdff77308ad3924d69b681589bdc91,34,61,True,929a7548464ce1d9d785abbe35da34842c0133e6>21096eb950bdff77308ad3924d69b681589bdc91
train,"These properties of EGFR-targeted ILs are consistent with previous results obtained with HER2-targeted ILs, which indicated a similar threshold for HER2-overexpression (3, 4, 27).","These properties of EGFR-targeted ILs are consistent with previous results obtained with HER2-targeted ILs, which indicated a similar threshold for HER2-overexpression CITSEG.","(3, 4, 27)",result,supportive,1.0,1.0,DISCUSSION,explicit,6e7cf7181c75a7de90f590a91cb6a6aec7721c3c,306ecee52cdc5c5f00093b9906acb97f6f82b866,168,178,False,6e7cf7181c75a7de90f590a91cb6a6aec7721c3c>306ecee52cdc5c5f00093b9906acb97f6f82b866
train,"First and foremost, consistent with our previous work (Leonard and Baum, 1998; Leonard et al., 1997a, 1997b), the results of this study represent yet another demonstration of the ability of RHD individuals to use a given type of contextual information, even under conditions of increased
processing…","First and foremost, consistent with our previous work (CITSEG; Leonard et al., 1997a, 1997b), the results of this study represent yet another demonstration of the ability of RHD individuals to use a given type of contextual information, even under conditions of increased
processing…","Leonard and Baum, 1998",result,supportive,0.6008999943733215,0.6008999943733215,GENERAL DISCUSSION,explicit,a31f3431d87810718f78bd70894fe4a4bb4915b5,d1dca74988c1852e4e8608d06023e3f73c453757,55,77,True,a31f3431d87810718f78bd70894fe4a4bb4915b5>d1dca74988c1852e4e8608d06023e3f73c453757
train,"Critically, however, our reliability results converge with other investigations in the literature using a variety of methodologies (e.g., Brown et al. 2014; Enock et al. 2014; Schmukle 2005; Staugaard 2009).","Critically, however, our reliability results converge with other investigations in the literature using a variety of methodologies (e.g., Brown et al. 2014; CITSEG; Schmukle 2005; Staugaard 2009).",Enock et al. 2014,result,supportive,1.0,1.0,Emotional Cueing Task,explicit,917767e7e78b56764648d403f7fb5137f47c34af,08b0f8f0a6310467ca72b59cf67521fa689bc0f1,157,174,True,917767e7e78b56764648d403f7fb5137f47c34af>08b0f8f0a6310467ca72b59cf67521fa689bc0f1
train,"The polydispersity value of 3.9 observed for the two-stage, OS7 derived lignin (Table 5) was relatively high when compared to previously reported values (Pan et al., 2006b).","The polydispersity value of 3.9 observed for the two-stage, OS7 derived lignin (Table 5) was relatively high when compared to previously reported values (CITSEG).","Pan et al., 2006b",result,supportive,1.0,0.6833000183105469,3.2. Yield and characterisation of ethanol organosolv lignin (EOL),explicit,fe677d2f86d623b3dfc92f060bd8d0d2a0ea413d,548992f59f682a83a671e7f288f7aa574580d4a5,154,171,True,fe677d2f86d623b3dfc92f060bd8d0d2a0ea413d>548992f59f682a83a671e7f288f7aa574580d4a5
train,These values are consistent with previous studies (Akiyama et al. 2010; Liu et al. 2009; Wilson et al. 2011).,These values are consistent with previous studies (Akiyama et al. 2010; CITSEG; Wilson et al. 2011).,Liu et al. 2009,result,supportive,1.0,1.0,RESULTS,explicit,95842d1ed8a4e4d1808bb343cb3b4078823fb79d,33976351c24ef6de484024ceb0dad2c75f7b56a6,72,87,False,95842d1ed8a4e4d1808bb343cb3b4078823fb79d>33976351c24ef6de484024ceb0dad2c75f7b56a6
train,"In line with past studies (e.g., Anderson et al., 1998; Craik et al., 1996) results of the current study showed that secondary task performance i.e., the RT task, was disrupted to a greater extent when attention is divided during retrieval than when attention is divided during encoding.","In line with past studies (e.g., Anderson et al., 1998; CITSEG) results of the current study showed that secondary task performance i.e., the RT task, was disrupted to a greater extent when attention is divided during retrieval than when attention is divided during encoding.","Craik et al., 1996",result,supportive,0.7357000112533569,0.7357000112533569,Discussion,explicit,95746f1690aac138821596f863097e851d462976,a7a252d73ff0f63ae9d444cded332c8c41552e28,56,74,True,95746f1690aac138821596f863097e851d462976>a7a252d73ff0f63ae9d444cded332c8c41552e28
train,"Similar observations were also made by other authors, including DRAGAN [5], SCHMALZRIED, JASTY, HARRIS [20], VASU, CARTER, and HARRIS [22], WALL, DRAGAN [23], and WALL [24].","Similar observations were also made by other authors, including DRAGAN [5], SCHMALZRIED, JASTY, HARRIS CITSEG, VASU, CARTER, and HARRIS [22], WALL, DRAGAN [23], and WALL [24].",[20],result,supportive,1.0,0.6431000232696533,6. Discussion,explicit,dc8da940e20b755df383bf2a7eefeff925c91b88,1145e7d99b8b5496a9c6177d94df6c9f6072d47b,103,107,True,dc8da940e20b755df383bf2a7eefeff925c91b88>1145e7d99b8b5496a9c6177d94df6c9f6072d47b
train,"Concerning the first question, because of the identical parameterizations and subject pools it is illustrative to compare the behavior in NoCom to the results of the individual wage (IWT) and equal wage treatment (EWT) reported in Abeler et al. (2010).","Concerning the first question, because of the identical parameterizations and subject pools it is illustrative to compare the behavior in NoCom to the results of the individual wage (IWT) and equal wage treatment (EWT) reported in CITSEG.",Abeler et al. (2010),result,supportive,0.6829000115394592,0.6829000115394592,3.2 Results,explicit,10dd055d4276a7c2f17192717a22d824783c48cb,0d10e553c0a46e7384b3c34dc45bb063843a8300,231,251,False,10dd055d4276a7c2f17192717a22d824783c48cb>0d10e553c0a46e7384b3c34dc45bb063843a8300
train,"…2005), with research documenting the unique role of dehumanization in shaping intergroup hostility (e.g., Andrighetto et al., 2014; Haslam, 2006; Kteily et al., 2015), we theorized that meta-dehumanization would uniquely predict aggressive outgroup attitudes and behavior via reciprocated…","…2005), with research documenting the unique role of dehumanization in shaping intergroup hostility (e.g., Andrighetto et al., 2014; Haslam, 2006; CITSEG), we theorized that meta-dehumanization would uniquely predict aggressive outgroup attitudes and behavior via reciprocated…","Kteily et al., 2015",result,supportive,0.7357000112533569,0.7357000112533569,Results,explicit,7184b56dd919fab78fe2d06a53e2b35766ddd9da,fe13f843c52243e096d7e1a52345a68eaf2cfef1,147,166,False,7184b56dd919fab78fe2d06a53e2b35766ddd9da>fe13f843c52243e096d7e1a52345a68eaf2cfef1
train,"Imagebased models yielded joint kinematics, net joint moments, hip joint forces, muscle activation patterns and bone strains in the proximal-lateral femoral shaft in agreement with earlier studies (Aamodt et al., 1997; Bergmann et al., 2001; Inman et al., 1989; Kadaba et al., 1989; Stacoff et al., 2005). We found errors in the hip-joint-centre location of up to 2.01 cm for the scaled-generic model, which is similar to the 2.09 proximal shift of the hip-jointcentre location reported by Lenaerts et al. (2009). Errors in the flexion–extension moment arms of the hip-spanning muscles over the investigated activities were as high as 38.","Imagebased models yielded joint kinematics, net joint moments, hip joint forces, muscle activation patterns and bone strains in the proximal-lateral femoral shaft in agreement with earlier studies (CITSEG Errors in the flexion–extension moment arms of the hip-spanning muscles over the investigated activities were as high as 38.","Aamodt et al., 1997; Bergmann et al., 2001; Inman et al., 1989; Kadaba et al., 1989; Stacoff et al., 2005). We found errors in the hip-joint-centre location of up to 2.01 cm for the scaled-generic model, which is similar to the 2.09 proximal shift of the hip-jointcentre location reported by Lenaerts et al. (2009).",result,supportive,0.7570000290870667,0.7570000290870667,,explicit,0b8bdc9a685b682f08b6337296c98f5c5e731a08,a57e5cff0fcc4dfcdd552af023a3da0406401b89,198,513,True,0b8bdc9a685b682f08b6337296c98f5c5e731a08>a57e5cff0fcc4dfcdd552af023a3da0406401b89
train,"As in other studies, major depression among the gay men we surveyed was strongly associated with weaker social support, less community involvement, the experience of more stress and a reliance on passive coping strategies (Dew et al. 1997; Mao et al. 2009b; Mills et al. 2004; Prachakul et al. 2007).","As in other studies, major depression among the gay men we surveyed was strongly associated with weaker social support, less community involvement, the experience of more stress and a reliance on passive coping strategies (Dew et al. 1997; CITSEG; Mills et al. 2004; Prachakul et al. 2007).",Mao et al. 2009b,result,supportive,1.0,1.0,Discussion,explicit,96d59f09d602d930beddbc2785972d443efa4d93,723a4b4f3019cd5a5f8546925d8cf4478a0d03b7,240,256,False,96d59f09d602d930beddbc2785972d443efa4d93>723a4b4f3019cd5a5f8546925d8cf4478a0d03b7
train,"…role of CA1 structural damage in episodic encoding deficits evidenced here in aMCI is therefore consistent with both hypotheses of an anterior (Lepage et al., 1998) and an antero-posterior (Schacter and Wagner, 1999) in se rm -0 06 42 17 6,
v er
si on
1 -
21 N
ov 2
01 1
14
specialization…","…role of CA1 structural damage in episodic encoding deficits evidenced here in aMCI is therefore consistent with both hypotheses of an anterior (CITSEG) and an antero-posterior (Schacter and Wagner, 1999) in se rm -0 06 42 17 6,
v er
si on
1 -
21 N
ov 2
01 1
14
specialization…","Lepage et al., 1998",result,supportive,0.7540000081062317,0.7540000081062317,DISCUSSION,explicit,a39a8d1c05371b88a902d6c519784b300461a8ef,4aa822d0015b48da6fb2c4d88b343babbf16af9b,145,164,True,a39a8d1c05371b88a902d6c519784b300461a8ef>4aa822d0015b48da6fb2c4d88b343babbf16af9b
train,"These results were evident when comparing levels in fasting pregnant women with non-fasting [21,24-29], non-pregnant [24], or lactating women [24] or even with their own levels measured before and after breaking fast [33].","These results were evident when comparing levels in fasting pregnant women with non-fasting CITSEG, non-pregnant [24], or lactating women [24] or even with their own levels measured before and after breaking fast [33].","[21,24-29]",result,supportive,1.0,1.0,4. DISCUSSION,explicit,5ba35b32fbd5fadaa10df97b87df75eaa2203923,fd4e86ba764f50dcefd4d57bb489a7f2c169e137,92,102,True,5ba35b32fbd5fadaa10df97b87df75eaa2203923>fd4e86ba764f50dcefd4d57bb489a7f2c169e137
train,"The results observed in the study carried out by Hallal et al. (2006), which analyzed 4452 Brazilian adolescents, are in accordance with the analyses of Davison et al. (2008).","The results observed in the study carried out by Hallal et al. (2006), which analyzed 4452 Brazilian adolescents, are in accordance with the analyses of CITSEG.",Davison et al. (2008),result,supportive,1.0,0.6557999849319458,INTRODUCTION,explicit,76fc8262a4b85a40e57f425403d23a39ea488873,9daeced0925b74cec0cb589d2682c6c9060e669b,153,174,True,76fc8262a4b85a40e57f425403d23a39ea488873>9daeced0925b74cec0cb589d2682c6c9060e669b
train,"…negative correlation, such that more positive mean PBR occurred concurrently with a more negative mean NBR, is in agreement with previous studies (Klingner et al., 2010; Shmuel et al., 2002), suggesting that the magnitude of ipsilateral inhibition increases with the magnitude of increasing…","…negative correlation, such that more positive mean PBR occurred concurrently with a more negative mean NBR, is in agreement with previous studies (CITSEG; Shmuel et al., 2002), suggesting that the magnitude of ipsilateral inhibition increases with the magnitude of increasing…","Klingner et al., 2010",result,supportive,1.0,1.0,Results,explicit,45701ff05d3ed583a658f18aa998944c1d4eee7a,f89d87e5f4d58e9bb7d576ec6ae34a84240b9c5e,148,169,True,45701ff05d3ed583a658f18aa998944c1d4eee7a>f89d87e5f4d58e9bb7d576ec6ae34a84240b9c5e
train,"The evaluation of the impact in the accuracy of the node’s response has been performed for each supported frequency by comparing the results with our reference model programmed in Matlab which mimics the node’s architecture and is already used in [3], [4], [5] and [6].","The evaluation of the impact in the accuracy of the node’s response has been performed for each supported frequency by comparing the results with our reference model programmed in Matlab which mimics the node’s architecture and is already used in [3], [4], [5] and CITSEG.",[6],result,supportive,0.7310000061988831,0.5088000297546387,4.3 Accuracy,explicit,d793b0e2afcdfe65d4a25ca1acc861fae228ef11,cdf826f56975a67b3f1ef3778cc866768d22fdc1,265,268,False,d793b0e2afcdfe65d4a25ca1acc861fae228ef11>cdf826f56975a67b3f1ef3778cc866768d22fdc1
train,"…Lemos et al., 2015) at baseline, allowed for the division of the aMCI group according to an AD-alike pattern of impairment at baseline (Lemos et al., 2015), and was associated with the risk of conversion to AD in follow-up studies (Auriacombe et al., 2010; Petersen, 2007; Sarazin et al., 2010).","…Lemos et al., 2015) at baseline, allowed for the division of the aMCI group according to an AD-alike pattern of impairment at baseline (Lemos et al., 2015), and was associated with the risk of conversion to AD in follow-up studies (Auriacombe et al., 2010; Petersen, 2007; CITSEG).","Sarazin et al., 2010",result,supportive,0.7633000016212463,0.7633000016212463,Discussion,explicit,9462acef826a6b495fe8fb281660ee4418bb840e,21aaceb3fc27e8cc831e25191d967daa0d8962bf,274,294,True,9462acef826a6b495fe8fb281660ee4418bb840e>21aaceb3fc27e8cc831e25191d967daa0d8962bf
train,"This is in keeping with the report of Blickstein et al,[3,15] which showed that the higher the combined twin birthweight the less likely it was to deliver discordant pairs.","This is in keeping with the report of Blickstein et al,CITSEG which showed that the higher the combined twin birthweight the less likely it was to deliver discordant pairs.","[3,15]",result,supportive,0.699999988079071,0.699999988079071,Discussion,explicit,15783ea4c99fe2b855d04f3531395faff82aa95a,f2e93d20d57b3f296911c399705fa5eed006c764,55,61,True,15783ea4c99fe2b855d04f3531395faff82aa95a>f2e93d20d57b3f296911c399705fa5eed006c764
train,"The update rule above is a special instance of a more general experience-weighted attraction rule [12, 18], which has been shown to be in reasonable agreement with experimental data on human learning in repeated games.","The update rule above is a special instance of a more general experience-weighted attraction rule CITSEG, which has been shown to be in reasonable agreement with experimental data on human learning in repeated games.","[12, 18]",result,supportive,0.6031000018119812,0.6031000018119812,Results,explicit,b79a0acb0cfb01add22c0278f67c037b1fa1ddcc,3fbb1faf7494daa14e647dda247689fc892f671e,98,106,True,b79a0acb0cfb01add22c0278f67c037b1fa1ddcc>3fbb1faf7494daa14e647dda247689fc892f671e
train,"Taken together with studies on the function of female ornamentation (Lebas 2006; Weiss 2006; Pryke 2007; reviewed in Amundsen & Parn 2006) and song in female songbirds (Ritchison 1983; Catchpole & Slater 1995; Searcy & Yasukawa 1995; Langmore 1998), these results suggest that the processes…","Taken together with studies on the function of female ornamentation (CITSEG; Weiss 2006; Pryke 2007; reviewed in Amundsen & Parn 2006) and song in female songbirds (Ritchison 1983; Catchpole & Slater 1995; Searcy & Yasukawa 1995; Langmore 1998), these results suggest that the processes…",Lebas 2006,result,supportive,0.614300012588501,0.39149999618530273,DISCUSSION,explicit,506d4dfbe9d5c80aae4d27797542fe04e233f813,6b91710e0353784231f221327ae06240288cf4e2,69,79,False,506d4dfbe9d5c80aae4d27797542fe04e233f813>6b91710e0353784231f221327ae06240288cf4e2
train,"Similar data were found by Nir et al. (1994a) and Nir et al. (1995), who reported that the pelleting process reduced proventriculus and gizzard weight, as well as their contents, without changing the pH of these segments.","Similar data were found by CITSEG and Nir et al. (1995), who reported that the pelleting process reduced proventriculus and gizzard weight, as well as their contents, without changing the pH of these segments.",Nir et al. (1994a),result,supportive,0.7627999782562256,0.7627999782562256,RESULTS AND DISCUSSION,explicit,fcbfb0dc4ea5f34129d8bd5bdac9f3071e53731c,4b557a30c883f974cf871d87b2646e1dc9cdff4a,27,45,True,fcbfb0dc4ea5f34129d8bd5bdac9f3071e53731c>4b557a30c883f974cf871d87b2646e1dc9cdff4a
train,"In accordance with previous results obtained in our laboratory and by other groups, we have observed that the limited access protocol leads to the development of fat-bingeing behaviors (Corwin et al., 1998; Corwin, 2004; Wojnicki et al., 2008; Blanco-Gandia et al., 2017).","In accordance with previous results obtained in our laboratory and by other groups, we have observed that the limited access protocol leads to the development of fat-bingeing behaviors (CITSEG; Corwin, 2004; Wojnicki et al., 2008; Blanco-Gandia et al., 2017).","Corwin et al., 1998",result,supportive,1.0,1.0,4. Discussion,explicit,addfccc9ea8d40bb06ddaaac8b69f0f483947397,0ce1aca5ddbca47f503e366dae9d39ca5453b2e9,186,205,False,addfccc9ea8d40bb06ddaaac8b69f0f483947397>0ce1aca5ddbca47f503e366dae9d39ca5453b2e9
train,"8
To validate the quality of our categorization, the next section discusses series of experiments that compare the performance of the vector space categorization approach with one of the top classifiers, Naïve-Bayes (Friedman et al., 1997).","8
To validate the quality of our categorization, the next section discusses series of experiments that compare the performance of the vector space categorization approach with one of the top classifiers, Naïve-Bayes (CITSEG).","Friedman et al., 1997",result,supportive,1.0,1.0,4.1 Approach,explicit,5dc34bf29597dd113904a13c9ea9b31e849f3ec4,4f7cdae160ebb452ef8bb9b54877df782427709e,217,238,True,5dc34bf29597dd113904a13c9ea9b31e849f3ec4>4f7cdae160ebb452ef8bb9b54877df782427709e
train,"In a number of cases this resulted in a similar effect on transcription, namely activation of cryptic splice sites and exon skipping (Gardella et al, 1996; Posteraro et al, 1998; Terracina et al, 1998; Weil et al, 1988).","In a number of cases this resulted in a similar effect on transcription, namely activation of cryptic splice sites and exon skipping (Gardella et al, 1996; Posteraro et al, 1998; Terracina et al, 1998; CITSEG).","Weil et al, 1988",result,supportive,0.7781000137329102,0.7781000137329102,Discussion,explicit,e13878a346fb41a7421a48d857945f3c081b9a5b,0a0bbdc46fc8c247789edece076bde628df4d503,202,218,False,e13878a346fb41a7421a48d857945f3c081b9a5b>0a0bbdc46fc8c247789edece076bde628df4d503
train,Two possible interpretations of these observations are (a) the spontaneous hydrolysis of PMSF (James 1978) and/ or (b) the existence of spontaneous reactivation (Estévez and Vilanova 2009).,Two possible interpretations of these observations are (a) the spontaneous hydrolysis of PMSF (James 1978) and/ or (b) the existence of spontaneous reactivation (CITSEG9).,Estévez and Vilanova 200,result,supportive,0.61080002784729,0.3926999866962433,Results,explicit,837e203c03e8c7aca1d6a5eff16da685f83fa807,9c7168cb9caf4dbb9c9e4455f4b0bc8a5304fab1,162,187,False,837e203c03e8c7aca1d6a5eff16da685f83fa807>9c7168cb9caf4dbb9c9e4455f4b0bc8a5304fab1
train,"This would also be consistent we our earlier study showing a threshold effect in electric field sensitivity, as evidenced by a sigmoidal dose–response curve (Kindzelskii and Petty 2000), which is a widelyrecognized feature of systems exhibiting cooperativity.","This would also be consistent we our earlier study showing a threshold effect in electric field sensitivity, as evidenced by a sigmoidal dose–response curve CITSEG0), which is a widelyrecognized feature of systems exhibiting cooperativity.",(Kindzelskii and Petty 200,result,supportive,1.0,1.0,Discussion,explicit,77f4a2365ba1b6ffc8d13e049654b1359c29671a,841aba543847838da1e2310ed5339a546c5a2b2d,157,183,True,77f4a2365ba1b6ffc8d13e049654b1359c29671a>841aba543847838da1e2310ed5339a546c5a2b2d
train,"In line with our data, junior resident level has been shown to be associated with increased operative time for both open and laparoscopic hernia repair in adults compared with more senior residents.(13) Similarly, junior cardiac surgery fellows were found to have longer operative times compared with the senior fellow when performing coronary artery bypass grafting.","In line with our data, junior resident level has been shown to be associated with increased operative time for both open and laparoscopic hernia repair in adults compared with more senior residents.CITSEG Similarly, junior cardiac surgery fellows were found to have longer operative times compared with the senior fellow when performing coronary artery bypass grafting.",(13),result,supportive,0.6403999924659729,0.6403999924659729,Results,explicit,33cb20c89f0246ec9db4f0c038ba29e6dc1c76c2,7caf30852a3191f350d7acdc2f996d1db81b1b72,198,202,True,33cb20c89f0246ec9db4f0c038ba29e6dc1c76c2>7caf30852a3191f350d7acdc2f996d1db81b1b72
train,"As in previous experiments (de la Fuente et al. 2007b, 2008), RNAi with UBQ, EF-1a, and SUB increased R. microplus mortality and reduced oviposition when compared to controls (Table 1).","As in previous experiments (de la CITSEG), RNAi with UBQ, EF-1a, and SUB increased R. microplus mortality and reduced oviposition when compared to controls (Table 1).","Fuente et al. 2007b, 2008",result,supportive,1.0,1.0,Results and discussion,explicit,00eea3644491b0fcf74c49aa211fa2a24a6e3d3e,2271b873cf8e52856c38eae82751d2b1421007c5,34,59,False,00eea3644491b0fcf74c49aa211fa2a24a6e3d3e>2271b873cf8e52856c38eae82751d2b1421007c5
train,"However, a previous discussion of time-resolved FTIR data (Dioumaev and Braiman, 1997a) argued that a similar transition with t .","However, a previous discussion of time-resolved FTIR data (CITSEG) argued that a similar transition with t .","Dioumaev and Braiman, 1997a",result,supportive,0.7213000059127808,0.7213000059127808,DISCUSSION,explicit,24fe18db8ad1c3b1d77a73b1fea0f9a471434bf7,57220e5e1106b295bab12105c79f6307ab220e0f,59,86,False,24fe18db8ad1c3b1d77a73b1fea0f9a471434bf7>57220e5e1106b295bab12105c79f6307ab220e0f
train,"Similar figures were reported by other studies investigating the combinations of CE-US þ CT and CT þ MRI in the setting of 1- to 2-cm HCC nodules.(9,24) In the present study, regardless of the dual combination of dynamic contrast imaging technique applied, no more than 13% of grade I tumors 2 cm were correctly identified on radiological examination, compared with >50% for grade II and grade III tumors of similar size.","Similar figures were reported by other studies investigating the combinations of CE-US þ CT and CT þ MRI in the setting of 1- to 2-cm HCC nodules.CITSEG In the present study, regardless of the dual combination of dynamic contrast imaging technique applied, no more than 13% of grade I tumors 2 cm were correctly identified on radiological examination, compared with >50% for grade II and grade III tumors of similar size.","(9,24)",result,supportive,1.0,0.6730999946594238,Discussion,explicit,4c6b6c259d2c6ce8fb20cdccd39ffcd896122752,99839f014de489472b0b6f93fb43d6b6aa3325c2,146,152,False,4c6b6c259d2c6ce8fb20cdccd39ffcd896122752>99839f014de489472b0b6f93fb43d6b6aa3325c2
train,"…others (Roshan et al. 2003; Fisher et al. 2002), the results of SICI with threshold tracking showed two periods of maximal inhibition at ISIs 1 and 3 ms. Fisher et al. (2002) demonstrated peaks at 1 ms and between 2.2 and 2.8 ms while Roshan et al. (2003) found peaks of inhibition at 1 and 2.5 ms.","…others (Roshan et al. 2003; Fisher et al. 2002), the results of SICI with threshold tracking showed two periods of maximal inhibition at ISIs 1 and 3 ms. Fisher et al. (2002) demonstrated peaks at 1 ms and between 2.2 and 2.8 ms while CITSEG found peaks of inhibition at 1 and 2.5 ms.",Roshan et al. (2003),result,supportive,0.7608000040054321,0.7608000040054321,Discussion,explicit,43763b0d91805b7beaedd79f44057b7b5ab8f0c9,d499c7c0d3b907c1bf7a6f61c239599c02d5a1df,236,256,True,43763b0d91805b7beaedd79f44057b7b5ab8f0c9>d499c7c0d3b907c1bf7a6f61c239599c02d5a1df
train,"Comparison of sperm retrieval rate according to testicular histology
Five of the included studies made a comparison of sperm retrieval according to testicular histology (Okada et al., 2002; Tsujimura et al., 2002; Ramasamy et al., 2005; Colpi et al., 2009; Ghalayini et al., 2011).","Comparison of sperm retrieval rate according to testicular histology
Five of the included studies made a comparison of sperm retrieval according to testicular histology (Okada et al., 2002; Tsujimura et al., 2002; Ramasamy et al., 2005; CITSEG; Ghalayini et al., 2011).","Colpi et al., 2009",result,supportive,0.7246999740600586,0.4830999970436096,RESULTS,explicit,471ff2f6fff41e64350168b059ac3f13696c1c09,b69aa2af017d1a5332e34ee0cc8e7890abb504c1,237,255,True,471ff2f6fff41e64350168b059ac3f13696c1c09>b69aa2af017d1a5332e34ee0cc8e7890abb504c1
train,"In contrast, our analysis of the binding sites of 34 TFs revealed that many iUCEs likely serve as enhancers in early fly development, similarly to what has been observed in mammals (Pennacchio et al. 2006; Visel et al. 2008).","In contrast, our analysis of the binding sites of 34 TFs revealed that many iUCEs likely serve as enhancers in early fly development, similarly to what has been observed in mammals (CITSEG; Visel et al. 2008).",Pennacchio et al. 2006,result,supportive,0.762499988079071,0.5235000252723694,Discussion,explicit,7cda88815f9e7424090048076e27807c9dc013bb,3f93c7d5e18c1ebf108f3daac65e0701811667d7,182,204,True,7cda88815f9e7424090048076e27807c9dc013bb>3f93c7d5e18c1ebf108f3daac65e0701811667d7
train,"Even, the GU toxicity in our study are high, the observed rate averaged those described in former reports [1,4,5,7,10,11,25].","Even, the GU toxicity in our study are high, the observed rate averaged those described in former reports CITSEG.","[1,4,5,7,10,11,25]",result,supportive,0.7591000199317932,0.7591000199317932,Discussion,explicit,8bd1b74e46d368b581b7a53c7e6b8dbe2e0acd18,a95d737a0abee41adcb93e59fc8c537b54cea0aa,106,124,True,8bd1b74e46d368b581b7a53c7e6b8dbe2e0acd18>a95d737a0abee41adcb93e59fc8c537b54cea0aa
train,This is in agreement with a previous finding that wt CLN5 is stable in cells [12].,This is in agreement with a previous finding that wt CLN5 is stable in cells CITSEG.,[12],result,supportive,1.0,1.0,Results,explicit,d2605ca7b58ac66cbefa4386f4cad160f28bcbde,e0b61df5d34345a17cdef827270d9400705d3675,77,81,True,d2605ca7b58ac66cbefa4386f4cad160f28bcbde>e0b61df5d34345a17cdef827270d9400705d3675
train,"The finding that BMI is closely related to TBF and PBF derived from DXA is compatible with several previous investigations in children over a wide age range and in adults (7, 13, 14, 16, 22, 24, 30, 32, 36).",The finding that BMI is closely related to TBF and PBF derived from DXA is compatible with several previous investigations in children over a wide age range and in adults CITSEG.,"(7, 13, 14, 16, 22, 24, 30, 32, 36)",result,supportive,1.0,1.0,BMI As a Measure of Body Fatness,explicit,8a1dcd51cabbd95bf7212a42a8fc5bae5d6b65e1,668c6321b924dc59c2fccf8328f4dde13906ebe1,171,206,False,8a1dcd51cabbd95bf7212a42a8fc5bae5d6b65e1>668c6321b924dc59c2fccf8328f4dde13906ebe1
train,These results resembled those of the previous report that the Taiwan clone (SCCmecVT-ST59-spa t437 or t441-pvl+) with resistance to erythromycin and tetracycline constituted most of the pvl+ CC59 CA-MRSA strains found in Western Australia [49].,These results resembled those of the previous report that the Taiwan clone (SCCmecVT-ST59-spa t437 or t441-pvl+) with resistance to erythromycin and tetracycline constituted most of the pvl+ CC59 CA-MRSA strains found in Western Australia CITSEG.,[49],result,supportive,1.0,1.0,Discussion,explicit,7fffbd3a88df2310d612d9cb5672a9fad7c5713f,23167b1279f5d3543c3caa28cf6c2c44791ae195,239,243,True,7fffbd3a88df2310d612d9cb5672a9fad7c5713f>23167b1279f5d3543c3caa28cf6c2c44791ae195
train,"Based on the kinetics data in Figure 1 and Figure S2, the previously reported kinetics data [17,18], and a crystal structure study of the ATP-RT complex [11], we assumed mixed noncompetitive inhibition of ATP and competitive inhibition of NRTIs (Figure 2C).","Based on the kinetics data in Figure 1 and Figure S2, the previously reported kinetics data CITSEG, and a crystal structure study of the ATP-RT complex [11], we assumed mixed noncompetitive inhibition of ATP and competitive inhibition of NRTIs (Figure 2C).","[17,18]",result,supportive,1.0,1.0,Materials and Methods,explicit,73d9528b58d695fb30f9b06ba74e8030dd04eee7,6ecc1ee4fb36aeff2b4f9a4d02c2a7deb62645ea,92,99,True,73d9528b58d695fb30f9b06ba74e8030dd04eee7>6ecc1ee4fb36aeff2b4f9a4d02c2a7deb62645ea
train,"Because numerous reports have demonstrated impaired sensory filtering in schizophrenics (Adler et al., 1982; Freedman et al., 1987; Snyder, 1973; Solomon et al., 1981; Sorensen et al., 1993), the results of the present study suggest that activation of 5-HT2 receptors could improve sensory filtering in these individuals.","Because numerous reports have demonstrated impaired sensory filtering in schizophrenics CITSEG, the results of the present study suggest that activation of 5-HT2 receptors could improve sensory filtering in these individuals.","(Adler et al., 1982; Freedman et al., 1987; Snyder, 1973; Solomon et al., 1981; Sorensen et al., 1993)",result,supportive,0.7705000042915344,0.5123000144958496,Discussion,explicit,e996aeb3f1409c6e4a1dfc44bf675cca34ceaf56,936f4d9b6af266c31b941ec3c00f785a3d5b76a7,88,190,False,e996aeb3f1409c6e4a1dfc44bf675cca34ceaf56>936f4d9b6af266c31b941ec3c00f785a3d5b76a7
train,"Nevertheless, such discrepancies between the levels measured in the primary tumor and metastases and CTCs have been described before at both the mRNA and the protein level(37, 42, 48-51), indicating that the findings with our multi-gene measuring technique may indeed be relevant.","Nevertheless, such discrepancies between the levels measured in the primary tumor and metastases and CTCs have been described before at both the mRNA and the protein levelCITSEG, indicating that the findings with our multi-gene measuring technique may indeed be relevant.","(37, 42, 48-51)",result,supportive,1.0,1.0,Results and Discussion,explicit,a18e8f6d3eba1ec6e7a8984e8a06a75ea29f4e38,fbfd4bb0564aac755ef30ae7e42d50d463568076,171,186,False,a18e8f6d3eba1ec6e7a8984e8a06a75ea29f4e38>fbfd4bb0564aac755ef30ae7e42d50d463568076
train,"Our results from the constitutive Mecp2 KO mice present the first in vivo verification of a progressive shift in cortical E/I balance favoring inhibition, which is consistent with earlier brain slice studies (Dani et al., 2005; Nelson et al., 2006; Wood et al., 2009; Wood and Shepherd, 2010).","Our results from the constitutive Mecp2 KO mice present the first in vivo verification of a progressive shift in cortical E/I balance favoring inhibition, which is consistent with earlier brain slice studies (Dani et al., 2005; Nelson et al., 2006; Wood et al., 2009; CITSEG).","Wood and Shepherd, 2010",result,supportive,0.7351999878883362,0.7351999878883362,DISCUSSION,explicit,e3c177577ff95608a3a0b1bf158c1f99fa9ad35d,209f08f950db7b65218f92424c840f6760c4d5d0,268,291,True,e3c177577ff95608a3a0b1bf158c1f99fa9ad35d>209f08f950db7b65218f92424c840f6760c4d5d0
train,squarrosa in a previous study (Spagnuolo et al. 2007) was substantially confirmed in this study.,squarrosa in a previous study CITSEG was substantially confirmed in this study.,(Spagnuolo et al. 2007),result,supportive,1.0,1.0,Discussion,explicit,291ca965a80c0b484e70533599b2898f3c9b7cf7,63daf1741972395162371e6e9bf12348828cfe44,30,53,False,291ca965a80c0b484e70533599b2898f3c9b7cf7>63daf1741972395162371e6e9bf12348828cfe44
train,"A comparison between the findings of Krajcarski et al. (1999) and the rested values in the present study revealed similar effects of pre- load and added load on peak trunk flexion and extensor moments. The EMG activity of the trunk extensor muscles (TES and LES) had similar responses to the loading conditions, although the pre-trial LES and TES EMG amplitudes from Krajcarski et al. (1999) were about 6 to 13 %MVC larger than was found in the current study.",A comparison between the findings of CITSEGwere about 6 to 13 %MVC larger than was found in the current study.,"Krajcarski et al. (1999) and the rested values in the present study revealed similar effects of pre- load and added load on peak trunk flexion and extensor moments. The EMG activity of the trunk extensor muscles (TES and LES) had similar responses to the loading conditions, although the pre-trial LES and TES EMG amplitudes from Krajcarski et al. (1999) ",result,supportive,0.7479000091552734,0.7479000091552734,Results & Discussion,explicit,551c30c8c3ffd11bb00ffef7d89fa3bec52a1102,f25f4beb189c66b5d0e805ab5a667765137f1787,37,392,True,551c30c8c3ffd11bb00ffef7d89fa3bec52a1102>f25f4beb189c66b5d0e805ab5a667765137f1787
train,"Both the OS7 and OS8 lignin yields were approximately 65%, which was close to the lignin yields previously observed by Pan et al. (2006a) who employed higher temperatures and higher loadings of H2SO4 during the organosolv pretreatment.","Both the OS7 and OS8 lignin yields were approximately 65%, which was close to the lignin yields previously observed by CITSEG who employed higher temperatures and higher loadings of H2SO4 during the organosolv pretreatment.",Pan et al. (2006a),result,supportive,0.7347999811172485,0.7347999811172485,3.2. Yield and characterisation of ethanol organosolv lignin (EOL),explicit,fe677d2f86d623b3dfc92f060bd8d0d2a0ea413d,548992f59f682a83a671e7f288f7aa574580d4a5,119,137,True,fe677d2f86d623b3dfc92f060bd8d0d2a0ea413d>548992f59f682a83a671e7f288f7aa574580d4a5
train,"High GPx levels we obtained in group 4 (selenium-supplemented swimming) may seem as an expected result, and are in harmony with the results of the researchers cited above [8, 29, 33].","High GPx levels we obtained in group 4 (selenium-supplemented swimming) may seem as an expected result, and are in harmony with the results of the researchers cited above CITSEG.","[8, 29, 33]",result,supportive,1.0,1.0,Discussion,explicit,c1ccb344983c0484c753fd079262fe1951203fcf,650a503a8009738f43bd972cca8e956fa080f76d,171,182,False,c1ccb344983c0484c753fd079262fe1951203fcf>650a503a8009738f43bd972cca8e956fa080f76d
train,"Based on the results of Pascalis and colleagues (Pascalis et al., 2002; Pascalis et al., 2005), it was predicted that 12-month-olds would fail to reliably discriminate the face of familiarization and a novel face of another unfamiliar Barbary macaque.","Based on the results of Pascalis and colleagues (Pascalis et al., 2002; CITSEG), it was predicted that 12-month-olds would fail to reliably discriminate the face of familiarization and a novel face of another unfamiliar Barbary macaque.","Pascalis et al., 2005",result,supportive,1.0,1.0,,explicit,6f68ccd37718366c40ae6aeedf0b935bf560b215,60ed4bdabf92b2fbd6162dbd8979888cccca55d7,72,93,True,6f68ccd37718366c40ae6aeedf0b935bf560b215>60ed4bdabf92b2fbd6162dbd8979888cccca55d7
train,"It is also in agreement with those of Stansley et al. (1997) who obtained high mortality in R. palustris tadpoles, exposed from the egg stage for 10 days to a total mean lead concentration of 1.670 and 0.944 mg Pb/l.","It is also in agreement with those of CITSEG who obtained high mortality in R. palustris tadpoles, exposed from the egg stage for 10 days to a total mean lead concentration of 1.670 and 0.944 mg Pb/l.",Stansley et al. (1997),result,supportive,0.7491000294685364,0.7491000294685364,Discussion,explicit,f15bc93c0361346b34e3b8d0bcb494f10715cd8c,a74a73e1200f2b7cb56cda1eec7f3d8f06ea6ba0,38,60,True,f15bc93c0361346b34e3b8d0bcb494f10715cd8c>a74a73e1200f2b7cb56cda1eec7f3d8f06ea6ba0
train,"It was apparent that the AlkOH group content was comparable with previous results obtained with the one-stage organosolv pretreatments of poplar performed at milder conditions (165 C, 40 min, 1.0% H2SO4), (Pan et al., 2006b).","It was apparent that the AlkOH group content was comparable with previous results obtained with the one-stage organosolv pretreatments of poplar performed at milder conditions (165 C, 40 min, 1.0% H2SO4), (CITSEG).","Pan et al., 2006b",result,supportive,1.0,1.0,3.2. Yield and characterisation of ethanol organosolv lignin (EOL),explicit,fe677d2f86d623b3dfc92f060bd8d0d2a0ea413d,548992f59f682a83a671e7f288f7aa574580d4a5,206,223,True,fe677d2f86d623b3dfc92f060bd8d0d2a0ea413d>548992f59f682a83a671e7f288f7aa574580d4a5
train,"Given that the CA1 subfield predominates in the anterior hippocampus but extends throughout its antero-posterior axis, the specific role of CA1 structural damage in episodic encoding deficits evidenced here in aMCI is therefore consistent with both hypotheses of an anterior (Lepage et al., 1998) and an antero-posterior (Schacter and Wagner, 1999) in se rm -0 06 42 17 6, v er si on 1 21 N ov 2 01 1","Given that the CA1 subfield predominates in the anterior hippocampus but extends throughout its antero-posterior axis, the specific role of CA1 structural damage in episodic encoding deficits evidenced here in aMCI is therefore consistent with both hypotheses of an anterior CITSEG and an antero-posterior (Schacter and Wagner, 1999) in se rm -0 06 42 17 6, v er si on 1 21 N ov 2 01 1","(Lepage et al., 1998)",result,supportive,0.6003999710083008,0.6003999710083008,,explicit,a39a8d1c05371b88a902d6c519784b300461a8ef,4aa822d0015b48da6fb2c4d88b343babbf16af9b,275,296,True,a39a8d1c05371b88a902d6c519784b300461a8ef>4aa822d0015b48da6fb2c4d88b343babbf16af9b
train,"The genetic differentiation in PT is comparable to that observed in Castelvolturno (Spagnuolo et al. 2007), apart from a lower number of haplotypes in the first than in the second (12/35","The genetic differentiation in PT is comparable to that observed in Castelvolturno CITSEG, apart from a lower number of haplotypes in the first than in the second (12/35",(Spagnuolo et al. 2007),result,supportive,1.0,0.6855000257492065,,explicit,291ca965a80c0b484e70533599b2898f3c9b7cf7,63daf1741972395162371e6e9bf12348828cfe44,83,106,False,291ca965a80c0b484e70533599b2898f3c9b7cf7>63daf1741972395162371e6e9bf12348828cfe44
train,"The results from the treatments with a production function of substitutability and the results from Abeler et al. (2010), discussed in Section 2, show that horizontal fairness considerations among workers do in fact matter.","The results from the treatments with a production function of substitutability and the results from CITSEG, discussed in Section 2, show that horizontal fairness considerations among workers do in fact matter.",Abeler et al. (2010),result,supportive,0.7534999847412109,0.7534999847412109,5.3 Results,explicit,10dd055d4276a7c2f17192717a22d824783c48cb,0d10e553c0a46e7384b3c34dc45bb063843a8300,100,120,False,10dd055d4276a7c2f17192717a22d824783c48cb>0d10e553c0a46e7384b3c34dc45bb063843a8300
train,"In line with the literature, we can further confirm that PEOU is positively related to PU (Lee and Park, 2008), PU is positively related to attitude and intention (Kim and Garrison, 2009), and that attitude is positively related","In line with the literature, we can further confirm that PEOU is positively related to PU (Lee and Park, 2008), PU is positively related to attitude and intention CITSEG, and that attitude is positively related","(Kim and Garrison, 2009)",result,supportive,1.0,1.0,4.2 Hypotheses testing,explicit,1ed8042c32b484573035db874ee8db00b77ba326,f08f08fab4db474ed6d556b908622d95afa2704f,163,187,True,1ed8042c32b484573035db874ee8db00b77ba326>f08f08fab4db474ed6d556b908622d95afa2704f
train,"These results, together with previous findings [49], indicate that adiponectin and its receptors, especially ADIPOR2, play an important role in regulating fasting plasma triglyceride levels, and that they could have a potential role in VLDL metabolism.","These results, together with previous findings CITSEG, indicate that adiponectin and its receptors, especially ADIPOR2, play an important role in regulating fasting plasma triglyceride levels, and that they could have a potential role in VLDL metabolism.",[49],result,supportive,1.0,0.667900025844574,Discussion,explicit,f576488fa6aa5a910b1ec13e8a1342d73af5130d,d939cad470bc765e117926ca40e4ce5b76cac9a5,47,51,True,f576488fa6aa5a910b1ec13e8a1342d73af5130d>d939cad470bc765e117926ca40e4ce5b76cac9a5
train,This finding is similar to those reported in colonization screening by other authors [20].,This finding is similar to those reported in colonization screening by other authors CITSEG.,[20],result,supportive,0.7630000114440918,0.7630000114440918,Discussion,explicit,6ba6d11ff15dd5e7f50fc34aabe336099cbfcba7,f49f570bc97a499ab3f31fb3a8cc975ad6d93c46,85,89,True,6ba6d11ff15dd5e7f50fc34aabe336099cbfcba7>f49f570bc97a499ab3f31fb3a8cc975ad6d93c46
train,"These observations are in agreement with the studies of pcy mice model by Okada et al, showing that both cystic epithelial cells and interstitial fibroblasts express higher levels of collagens compared to normal controls [10].","These observations are in agreement with the studies of pcy mice model by Okada et al, showing that both cystic epithelial cells and interstitial fibroblasts express higher levels of collagens compared to normal controls CITSEG.",[10],result,supportive,0.7414000034332275,0.7414000034332275,Discussion,explicit,e23f2f361fe98c07d36c92079f053915648eed4c,f8deac41eef2c9c4e01ada1fa04b7407e9b385ae,221,225,False,e23f2f361fe98c07d36c92079f053915648eed4c>f8deac41eef2c9c4e01ada1fa04b7407e9b385ae
train,"Moreover, the value of t1/2 after i.v. administration of MBF was similar (13.78 h) to a previous report (Yohannes et al., 2015).","Moreover, the value of t1/2 after i.v. administration of MBF was similar (13.78 h) to a previous report (CITSEG).","Yohannes et al., 2015",result,supportive,1.0,1.0,DISCUSSION,explicit,fad734ebf4c531e33bad97841fde950b9bc33fed,9b1a3e2f02c6d981bd66d359d4ecf6165998355c,105,126,True,fad734ebf4c531e33bad97841fde950b9bc33fed>9b1a3e2f02c6d981bd66d359d4ecf6165998355c
train,"We therefore contrast our work with state-of-the-art MI optimization algorithms included in the previously mentioned General Algebraic Modeling System (GAMS) (Bussieck and Meeraus, 2004) commercial algorithm suite as well as the Mixed-Integer Evolution Strategy (MIES) (Li et al., 2013).","We therefore contrast our work with state-of-the-art MI optimization algorithms included in the previously mentioned General Algebraic Modeling System (GAMS) (Bussieck and Meeraus, 2004) commercial algorithm suite as well as the Mixed-Integer Evolution Strategy (MIES) (CITSEG).","Li et al., 2013",result,supportive,0.7663000226020813,0.527899980545044,1 Introduction,explicit,7a127168d23c4bf7ab4ad34afcf70dd90266e426,970c6cacc40e46aadec1dc0b4270b01f9d915359,270,285,True,7a127168d23c4bf7ab4ad34afcf70dd90266e426>970c6cacc40e46aadec1dc0b4270b01f9d915359
train,"br A recent work (Bhuiyan et al., 2004) in the SCNT bovine field demonstrated that transfected ear fibroblasts were less able to develop to the blastocyst stage than their non-transfected counterpart, regardless of passage number (early or late). More likely, discrepancies among results reported up to now are due to differences in vector type, transfection protocols (Bhuiyan et al., 2004), NT methods and donor cell culture conditions (Wells et al., 2003; Miyoshi et al., 2003). Furthermore, the site of gene(s) integration(s), the transgene used and its possible interference in endogenous gene expression could influence results (Hodges and Stice, 2003). Another aspect to consider is donor cell lines and genotypes, since Heyman et al. (2002) found that four different subcultures isolated from a single skin biopsy resulted in significantly different NT blastocyst rates (ranging from 5 to 30%), and Kühholzer et al. (2001) even found different morula and blastocyst rates among clonal colonies obtained from the same donor cell fetus. In our investigation of in vivo developmental capacity after transfer of NT embryos to recipient cows, we did not observe significant differences in initial pregnancy (< day 40 of gestation) rates between transfected and non-transfected donor cells, which was also reported by Zakhartchenko et al. (2001). In contrast, Forsberg et al. (2002) reported lower rates of initial pregnancy for NT of transfected cells than for NT of non-transfected cells. In our study, the small number of recipients carrying transgenic and non-transgenic cloned embryos precludes a conclusive result concerning embryo survival to term. Nevertheless, we suggest that to some extent transfection procedures negatively affect fetal viability, since non-transgenic pregnancies were miscarried during the first trimester of gestation, though one initial TFCE pregnancy (44 days of gestation) was interrupted. On the other hand, two pregnancies of the FCE group were carried to term. This is supported by the findings of Zakhartchenko et al. (2001) and Brophy et al. (2003) who observed a lower pregnancy rate (> day 30 of gestation) and a lower proportion of viable calves at weaning for NT using transfected cells than for their non-transfected counterpart.",br A recent work (CITSEGwho observed a lower pregnancy rate (> day 30 of gestation) and a lower proportion of viable calves at weaning for NT using transfected cells than for their non-transfected counterpart.,"Bhuiyan et al., 2004) in the SCNT bovine field demonstrated that transfected ear fibroblasts were less able to develop to the blastocyst stage than their non-transfected counterpart, regardless of passage number (early or late). More likely, discrepancies among results reported up to now are due to differences in vector type, transfection protocols (Bhuiyan et al., 2004), NT methods and donor cell culture conditions (Wells et al., 2003; Miyoshi et al., 2003). Furthermore, the site of gene(s) integration(s), the transgene used and its possible interference in endogenous gene expression could influence results (Hodges and Stice, 2003). Another aspect to consider is donor cell lines and genotypes, since Heyman et al. (2002) found that four different subcultures isolated from a single skin biopsy resulted in significantly different NT blastocyst rates (ranging from 5 to 30%), and Kühholzer et al. (2001) even found different morula and blastocyst rates among clonal colonies obtained from the same donor cell fetus. In our investigation of in vivo developmental capacity after transfer of NT embryos to recipient cows, we did not observe significant differences in initial pregnancy (< day 40 of gestation) rates between transfected and non-transfected donor cells, which was also reported by Zakhartchenko et al. (2001). In contrast, Forsberg et al. (2002) reported lower rates of initial pregnancy for NT of transfected cells than for NT of non-transfected cells. In our study, the small number of recipients carrying transgenic and non-transgenic cloned embryos precludes a conclusive result concerning embryo survival to term. Nevertheless, we suggest that to some extent transfection procedures negatively affect fetal viability, since non-transgenic pregnancies were miscarried during the first trimester of gestation, though one initial TFCE pregnancy (44 days of gestation) was interrupted. On the other hand, two pregnancies of the FCE group were carried to term. This is supported by the findings of Zakhartchenko et al. (2001) and Brophy et al. (2003) ",result,supportive,0.7540000081062317,0.49619999527931213,,explicit,39aca52b748a1e8969413295fc736ea90fd930ea,b7c9b2632ffbcef4a35a6bf0c85686d9f11c1532,18,2090,True,39aca52b748a1e8969413295fc736ea90fd930ea>b7c9b2632ffbcef4a35a6bf0c85686d9f11c1532
train,"These results reinforce literature data (Dantas et al., 1999; Ibusuki and Minamishima, 1990) demonstrating the ability of CV to increase NK cells activity.","These results reinforce literature data (Dantas et al., 1999; CITSEG) demonstrating the ability of CV to increase NK cells activity.","Ibusuki and Minamishima, 1990",result,supportive,1.0,1.0,4. Discussion,explicit,cb9ad487daf41b9b17888877f105b3c3608374c8,87b87427fcc090232f1a0a3d3eca6205b5d2e1cf,62,91,False,cb9ad487daf41b9b17888877f105b3c3608374c8>87b87427fcc090232f1a0a3d3eca6205b5d2e1cf
train,"In the subsequent studies, Yoshida et al. (2004b) and Ishii et al. (2004) confirmed the reversibility of 2,6-dihydroxybenzoate decarboxylase of Rhizobium sp. strain MTP-10005 and R.radiobacter WU-0108, respectively.","In the subsequent studies, CITSEG and Ishii et al. (2004) confirmed the reversibility of 2,6-dihydroxybenzoate decarboxylase of Rhizobium sp. strain MTP-10005 and R.radiobacter WU-0108, respectively.",Yoshida et al. (2004b),result,supportive,1.0,1.0,Discussion,explicit,19d3a5f60b9e670448af8e03a532fcf0d5ba7c86,795dea03985914118aff6306635fc53c3792b758,27,49,False,19d3a5f60b9e670448af8e03a532fcf0d5ba7c86>795dea03985914118aff6306635fc53c3792b758
train,"In support of this conclusion is the previous observation that the relative contribution of the nanosecond and microsecond processes to the HOOP mode decay was temperature-dependent (Dioumaev and Braiman, 1997a).",In support of this conclusion is the previous observation that the relative contribution of the nanosecond and microsecond processes to the HOOP mode decay was temperature-dependent (CITSEG).,"Dioumaev and Braiman, 1997a",result,supportive,0.7559999823570251,0.7559999823570251,DISCUSSION,explicit,24fe18db8ad1c3b1d77a73b1fea0f9a471434bf7,57220e5e1106b295bab12105c79f6307ab220e0f,183,210,False,24fe18db8ad1c3b1d77a73b1fea0f9a471434bf7>57220e5e1106b295bab12105c79f6307ab220e0f
train,This perhaps suggests that the inclusion of additional punisher ratios in the present study would have yielded similar results to Lie and Alsop (2009).,This perhaps suggests that the inclusion of additional punisher ratios in the present study would have yielded similar results to CITSEG.,Lie and Alsop (2009),result,supportive,1.0,1.0,DISCUSSION,explicit,0e6ddb7d089493b2deba4ce844d50b54e2b023d4,66cb6767c5ae25fa1177b12774cd506b8e9699ad,130,150,False,0e6ddb7d089493b2deba4ce844d50b54e2b023d4>66cb6767c5ae25fa1177b12774cd506b8e9699ad
train,"…P450 1A5 was immunoinhibited (reflecting the contribution of 3A37 only), TLMs produced exo-AFBO and AFQ1, best fitted by sigmoidal kinetic Hill plot in agreement with the previous reports for AFB1 metabolism catalyzed by human P450 3A4 (Ueng et al., 1995) and turkey P450 3A37 (Rawal et al., 2010b).","…P450 1A5 was immunoinhibited (reflecting the contribution of 3A37 only), TLMs produced exo-AFBO and AFQ1, best fitted by sigmoidal kinetic Hill plot in agreement with the previous reports for AFB1 metabolism catalyzed by human P450 3A4 (Ueng et al., 1995) and turkey P450 3A37 (CITSEG).","Rawal et al., 2010b",result,supportive,1.0,1.0,Discussion,explicit,77cc5c7417526334a60494acd658dcbf377cae1d,ced7e3c1f9c912dca5751664c86a7587b58b0854,279,298,False,77cc5c7417526334a60494acd658dcbf377cae1d>ced7e3c1f9c912dca5751664c86a7587b58b0854
train,"Thus, the specificity of topographic characteristics of the dynamics of EEG coherence supports the previous [1, 2] evidence that MM and RM are states determined by cognitive specific types of attention.","Thus, the specificity of topographic characteristics of the dynamics of EEG coherence supports the previous CITSEG evidence that MM and RM are states determined by cognitive specific types of attention.","[1, 2]",result,supportive,1.0,1.0,,explicit,15df16647fe08cfa55f6394466051a15de669bc0,6df06870159aba56e4a428513000e7bc4de96003,108,114,False,15df16647fe08cfa55f6394466051a15de669bc0>6df06870159aba56e4a428513000e7bc4de96003
train,"This finding corresponds well with the results of Askaer et al. (2011); Couwenberg et al. (2011); Schäfer et al. (2012) and Audet et al. (2013b), who all reported negligible CH4 emissions when GWL was 20–30 cm below the soil surface, which is attributed to a restricted methane production zone and…","This finding corresponds well with the results of CITSEG; Couwenberg et al. (2011); Schäfer et al. (2012) and Audet et al. (2013b), who all reported negligible CH4 emissions when GWL was 20–30 cm below the soil surface, which is attributed to a restricted methane production zone and…",Askaer et al. (2011),result,supportive,0.7240999937057495,0.7240999937057495,Discussion,explicit,b66eb0bfa520726f50d86a62388c086c7046a6cd,d8431c25f60a51517a29162ed70df2de35ee156f,50,70,True,b66eb0bfa520726f50d86a62388c086c7046a6cd>d8431c25f60a51517a29162ed70df2de35ee156f
train,"Additionally, we compare our results with the Mixed-Integer Evolution Strategy (MIES) (Li et al., 2013).","Additionally, we compare our results with the Mixed-Integer Evolution Strategy (MIES) (CITSEG).","Li et al., 2013",result,supportive,1.0,0.6556000113487244,8 Alternative Approaches,explicit,7a127168d23c4bf7ab4ad34afcf70dd90266e426,970c6cacc40e46aadec1dc0b4270b01f9d915359,87,102,True,7a127168d23c4bf7ab4ad34afcf70dd90266e426>970c6cacc40e46aadec1dc0b4270b01f9d915359
train,"Propionylations were found at 129 sites on the mid-stationary phase proteins in this study, in comparison to the 121 and 323 sites identified on midexponential and late stationary phase proteins, respectively, in our previous study (Okanishi et al. 2014).","Propionylations were found at 129 sites on the mid-stationary phase proteins in this study, in comparison to the 121 and 323 sites identified on midexponential and late stationary phase proteins, respectively, in our previous study (CITSEG).",Okanishi et al. 2014,result,supportive,0.7461000084877014,0.7461000084877014,Identification of lysine propionylation in five bacteria,explicit,560c67b8d5c6e4b2809fbbd308d373366241ea86,b0fe8d2727db77f58bc430fef29aba3308ecd3f2,233,253,False,560c67b8d5c6e4b2809fbbd308d373366241ea86>b0fe8d2727db77f58bc430fef29aba3308ecd3f2
train,"In agreement with previous reports that support DNA molecules as both spacer donors and interference targets (Barrangou et al., 2007; Brouns et al., 2008; Lillestøl et al., 2006; Marraffini & Sontheimer, 2008; Mojica et al., 2009; Semenova et al., 2009; Vestergaard et al., 2008), given a common…","In agreement with previous reports that support DNA molecules as both spacer donors and interference targets (Barrangou et al., 2007; CITSEG; Lillestøl et al., 2006; Marraffini & Sontheimer, 2008; Mojica et al., 2009; Semenova et al., 2009; Vestergaard et al., 2008), given a common…","Brouns et al., 2008",result,supportive,1.0,1.0,Spacer diversity,explicit,0751ca9d7eb15f21e90374b6fcdc299948d2111e,6520584cb0d400b610e60c6195c0abb66cf7de11,134,153,True,0751ca9d7eb15f21e90374b6fcdc299948d2111e>6520584cb0d400b610e60c6195c0abb66cf7de11
train,"…are in line with previous research on the use of referential expressions in narratives, which showed similar variations in the use of referential forms linked to different moments or discourse stages (e.g., Van der Lely, 1997; Colle et al., 2008; Hendriks et al., 2014; Contemori and Dussias, 2016).","…are in line with previous research on the use of referential expressions in narratives, which showed similar variations in the use of referential forms linked to different moments or discourse stages (e.g., Van der Lely, 1997; Colle et al., 2008; CITSEG; Contemori and Dussias, 2016).","Hendriks et al., 2014",result,supportive,0.7493000030517578,0.7493000030517578,Effects of Discourse Stages on Adjustment of Reference Markers,explicit,ed60fe5cf0b2947f812a3d19d533d0f644b67b0d,5af4e6e8d6e7a25cb37a9d52e87a1f28b4464e04,248,269,True,ed60fe5cf0b2947f812a3d19d533d0f644b67b0d>5af4e6e8d6e7a25cb37a9d52e87a1f28b4464e04
train,"In order to determine the coding potential of each MuLVERV isolate, the ORFs for gag, pol and env polypeptides were compared to the MuLV references (Supplementary Table S2) (Shinnick et al., 1981; Urisman et al., 2006).","In order to determine the coding potential of each MuLVERV isolate, the ORFs for gag, pol and env polypeptides were compared to the MuLV references (Supplementary Table S2) (CITSEG; Urisman et al., 2006).","Shinnick et al., 1981",result,supportive,0.7494000196456909,0.7494000196456909,RESULTS AND DISCUSSION,explicit,5bd3da496a49bdf01dd9f492ee76a7d90caf4c4d,d459f0f781a7ae7ca9e3afe0d7b62f9a2a6f6ec2,174,195,True,5bd3da496a49bdf01dd9f492ee76a7d90caf4c4d>d459f0f781a7ae7ca9e3afe0d7b62f9a2a6f6ec2
train,"These asymptotic rates match those obtained for the unconditional density estimator in Sriperumbudur et al., 2017.",These asymptotic rates match those obtained for the unconditional density estimator in CITSEG.,"Sriperumbudur et al., 2017",result,supportive,0.7384999990463257,0.7384999990463257,3 Empirical KCEF and consistency,explicit,c14687575d73745afea49899565009f12ae62dfb,5e57b8879a83e91af5daef8737ccda0c9556fd7e,87,113,False,c14687575d73745afea49899565009f12ae62dfb>5e57b8879a83e91af5daef8737ccda0c9556fd7e
train,"Imagebased models yielded joint kinematics, net joint moments, hip joint forces, muscle activation patterns and bone strains in the proximal-lateral femoral shaft in agreement with earlier studies (Aamodt et al., 1997; Bergmann et al., 2001; Inman et al., 1989; Kadaba et al., 1989; Stacoff et al., 2005). We found errors in the hip-joint-centre location of up to 2.01 cm for the scaled-generic model, which is similar to the 2.09 proximal shift of the hip-jointcentre location reported by Lenaerts et al. (2009). Errors in the flexion–extension moment arms of the hip-spanning muscles over the investigated activities were as high as 38.9% (Table 3), which agrees with the 36.3% error reported by Scheys et al. (2008) for gait. The 0.52 BW difference between scaled-generic and imagebased hip joint forces reported by Lenaerts et al. (2009) for walking compares well with the 0.","Imagebased models yielded joint kinematics, net joint moments, hip joint forces, muscle activation patterns and bone strains in the proximal-lateral femoral shaft in agreement with earlier studies (CITSEGfor walking compares well with the 0.","Aamodt et al., 1997; Bergmann et al., 2001; Inman et al., 1989; Kadaba et al., 1989; Stacoff et al., 2005). We found errors in the hip-joint-centre location of up to 2.01 cm for the scaled-generic model, which is similar to the 2.09 proximal shift of the hip-jointcentre location reported by Lenaerts et al. (2009). Errors in the flexion–extension moment arms of the hip-spanning muscles over the investigated activities were as high as 38.9% (Table 3), which agrees with the 36.3% error reported by Scheys et al. (2008) for gait. The 0.52 BW difference between scaled-generic and imagebased hip joint forces reported by Lenaerts et al. (2009) ",result,supportive,0.7454000115394592,0.7454000115394592,,explicit,0b8bdc9a685b682f08b6337296c98f5c5e731a08,a57e5cff0fcc4dfcdd552af023a3da0406401b89,198,842,True,0b8bdc9a685b682f08b6337296c98f5c5e731a08>a57e5cff0fcc4dfcdd552af023a3da0406401b89
train,"This susceptibility to proactive interference after hippocampal damage has already been reported by others [Owen and Butler, 1981; but for different results, see BeasonHeld et al. (1999) and Zola et al. (2000)] and suggests that, at delays lasting more than a few minutes, monkeys with hippocampal…","This susceptibility to proactive interference after hippocampal damage has already been reported by others [CITSEG; but for different results, see BeasonHeld et al. (1999) and Zola et al. (2000)] and suggests that, at delays lasting more than a few minutes, monkeys with hippocampal…","Owen and Butler, 1981",result,supportive,0.7562999725341797,0.27079999446868896,Discussion,explicit,4f4ec52726e13a12d7dccf631ebde6aaa47173fa,6bb96b0c74ace8699e68685a3ec9ac37a6f505ae,108,129,True,4f4ec52726e13a12d7dccf631ebde6aaa47173fa>6bb96b0c74ace8699e68685a3ec9ac37a6f505ae
train,"…coefficient)
CDa ¼ Zh
0
PADðzÞ uðzÞ 2
u0w0ð42 mÞ dz
0
@
1
A
1
ð10Þ
Both of the methods give plausible results (for the west wind sector: CD ¼ 0:130 and CDa ¼ 0:132) and they are very close to the values found in literature (e.g. Amiro 1990; Kerzenmacher and Gardiner 1998; Pinard and Wilson 2001).","…coefficient)
CDa ¼ Zh
0
PADðzÞ uðzÞ 2
u0w0ð42 mÞ dz
0
@
1
A
1
ð10Þ
Both of the methods give plausible results (for the west wind sector: CD ¼ 0:130 and CDa ¼ 0:132) and they are very close to the values found in literatCITSEGcher and Gardiner 1998; Pinard and Wilson 2001).",ure (e.g. Amiro 1990; Kerzenma,result,supportive,0.7556999921798706,0.7556999921798706,Results,explicit,ec63bab8f05f0b779c90458e72b6481a81af476b,c35328702c65f472ba54dab91ebf4d8f1b08707e,220,250,True,ec63bab8f05f0b779c90458e72b6481a81af476b>c35328702c65f472ba54dab91ebf4d8f1b08707e
train,"…have long regarded attitudes towards AAP beneficiaries and non-beneficiaries as related, but ultimately separable, and evidence supports that attitudes toward the in-group and the out-group have independent effects on individuals’ reactions to AAPs (Harrison et al., 2006; Lowery et al., 2006).","…have long regarded attitudes towards AAP beneficiaries and non-beneficiaries as related, but ultimately separable, and evidence supports that attitudes toward the in-group and the out-group have independent effects on individuals’ reactions to AAPs (Harrison et al., 2006;CITSEG6)."," Lowery et al., 200",result,supportive,1.0,1.0,Background literature,explicit,cfbaf43f37cd9d7ff3c7cd66ed17f9c029feb6cb,5a293e95b011cd143e393d0816831ae6f48a117c,273,292,True,cfbaf43f37cd9d7ff3c7cd66ed17f9c029feb6cb>5a293e95b011cd143e393d0816831ae6f48a117c
validation,"However, in support of this hypothesis, previous studies have found higher levels of residual viremia in EC patients showing CD4 depletion [9, 10, 38].","However, in support of this hypothesis, previous studies have found higher levels of residual viremia in EC patients showing CD4 depletion CITSEG.","[9, 10, 38]",result,supportive,1.0,1.0,Discussion,explicit,a3f9dca1829c774988bd41e4c81982d74413c42c,71a4ce8a9d50c611dff86278d41ce2f194817bc6,139,150,False,a3f9dca1829c774988bd41e4c81982d74413c42c>71a4ce8a9d50c611dff86278d41ce2f194817bc6
train,"Secondly, the results provide quantitative evidence regarding the difficulty of conveying privacy related functions and policies to users; earlier research has shown that users often do not read such policies [17, 19] or are not able to comprehend them [15, 19].","Secondly, the results provide quantitative evidence regarding the difficulty of conveying privacy related functions and policies to users; earlier research has shown that users often do not read such policies [17, 19] or are not able to comprehend them CITSEG.","[15, 19]",result,supportive,1.0,1.0,1 Introduction,explicit,e9b964c2a6b9d04f8fce97052e234abb777498a9,8b43412565e578bc1ac71cbc5db9c93f989679f4,253,261,False,e9b964c2a6b9d04f8fce97052e234abb777498a9>8b43412565e578bc1ac71cbc5db9c93f989679f4
train,"This result was first rigorously proved for the Maxwell type of interaction models by Bobylev, Carrillo and Gamba [12].","This result was first rigorously proved for the Maxwell type of interaction models by Bobylev, Carrillo and Gamba CITSEG.",[12],result,supportive,0.6313999891281128,0.6313999891281128,6. Some immediate applications,explicit,3abe7580a6f59fb831eb474e22db97a6eb06b682,458f4c638322b5e78986e367fb68566b8090c827,114,118,True,3abe7580a6f59fb831eb474e22db97a6eb06b682>458f4c638322b5e78986e367fb68566b8090c827
train,"Intrinsic properties of NT MSNs (n = 59) were not significantly different from those measured from both hWT (n = 62) and hMT neurons both from coronal and parasagittal slices (n = 76, 27, respectively) (Table 1), and did not differ from those previously described for mouse MSN in tissue slice preparations (Goldberg et al., 2005; Bonsi et al., 2008).","Intrinsic properties of NT MSNs (n = 59) were not significantly different from those measured from both hWT (n = 62) and hMT neurons both from coronal and parasagittal slices (n = 76, 27, respectively) (Table 1), and did not differ from those previously described for mouse MSN in tissue slice preparations CITSEG.","(Goldberg et al., 2005; Bonsi et al., 2008)",result,supportive,0.6090999841690063,0.6090999841690063,,explicit,9d1c38923868aad077de91a389a27f72d592d329,badee7f8b87dbf9d38775bebaad489d664fe0ef3,307,350,False,9d1c38923868aad077de91a389a27f72d592d329>badee7f8b87dbf9d38775bebaad489d664fe0ef3
train,"In the case of aversion towards ambiguity, the observed decrease in reservation value is similar to that in Nishimura and Ozaki (2007).","In the case of aversion towards ambiguity, the observed decrease in reservation value is similar to that in CITSEG.",Nishimura and Ozaki (2007),result,supportive,0.746999979019165,0.746999979019165,3. A REAL OPTION TO INVEST UNDER CHOQUET-BROWNIAN AMBIGUITY,explicit,aa2cd9d04362b7c84602e3fd6b0b0d91b945fb87,932de154c10090d21334811fd0b867ebb9d9dcff,108,134,True,aa2cd9d04362b7c84602e3fd6b0b0d91b945fb87>932de154c10090d21334811fd0b867ebb9d9dcff
train,"This finding is in line with past studies (e.g., Craik et al., 1996) which show that memory performance declines when attention is directed away from the memory task.","This finding is in line with past studies (e.g., CITSEG) which show that memory performance declines when attention is directed away from the memory task.","Craik et al., 1996",result,supportive,0.7494999766349792,0.5072000026702881,Discussion,explicit,95746f1690aac138821596f863097e851d462976,a7a252d73ff0f63ae9d444cded332c8c41552e28,49,67,True,95746f1690aac138821596f863097e851d462976>a7a252d73ff0f63ae9d444cded332c8c41552e28
train,"Hypermethylations of the RARb2 gene having been reported in many studies declared that the frequency of RARb methylation was found to be significantly higher in patients group compared with controls [21,26–37].",Hypermethylations of the RARb2 gene having been reported in many studies declared that the frequency of RARb methylation was found to be significantly higher in patients group compared with controls CITSEG.,"[21,26–37]",result,supportive,0.742900013923645,0.5091999769210815,Discussion,explicit,2eb4969576aa13487c087bcadfce196a46a96405,f375431b6149f1d5b2013ab305619799bcb4eefc,199,209,True,2eb4969576aa13487c087bcadfce196a46a96405>f375431b6149f1d5b2013ab305619799bcb4eefc
train,"We also found that most spa t437 isolates belonged to SCCmecIV, SCCmecVT, and ST59, similar to the results of a previous studies on CA-MRSA [7,49,50].","We also found that most spa t437 isolates belonged to SCCmecIV, SCCmecVT, and ST59, similar to the results of a previous studies on CA-MRSA CITSEG.","[7,49,50]",result,supportive,0.7361000180244446,0.7361000180244446,Discussion,explicit,7fffbd3a88df2310d612d9cb5672a9fad7c5713f,23167b1279f5d3543c3caa28cf6c2c44791ae195,140,149,True,7fffbd3a88df2310d612d9cb5672a9fad7c5713f>23167b1279f5d3543c3caa28cf6c2c44791ae195
train,"In accordance with other studies our analysis found that diabetes [6,10], COPD [2,19], impaired preoperative kidney function [4,20], and obesity [2,4,6,9,12] to be independent risk factors for mediastinitis.","In accordance with other studies our analysis found that diabetes [6,10], COPD CITSEG, impaired preoperative kidney function [4,20], and obesity [2,4,6,9,12] to be independent risk factors for mediastinitis.","[2,19]",result,supportive,0.7565000057220459,0.5145999789237976,30-59 1.86 (1.20-2.90) 1.56 (1.00-2.45),explicit,c7ce675b03bf0c7c3e6c95a9d5bc7724a1f42555,69299e7ddf15649e569463b69f1c62d16d4f5004,79,85,True,c7ce675b03bf0c7c3e6c95a9d5bc7724a1f42555>69299e7ddf15649e569463b69f1c62d16d4f5004
train,"…literature, we can further confirm that PEOU is positively related to PU (Lee and Park, 2008), PU is positively related to attitude and intention (Kim and Garrison, 2009), and that attitude is positively related
ba f 2b R2c Q2d q2e
H1: PIIT-PEOU 0.750** n/af 0.563 0.318 n/a H2: PIIT-PU 0.162 nsg…","…literature, we can further confirm that PEOU is positively related to PU (Lee and Park, 2008), PU is positively related to attitude and intention (CITSEG), and that attitude is positively related
ba f 2b R2c Q2d q2e
H1: PIIT-PEOU 0.750** n/af 0.563 0.318 n/a H2: PIIT-PU 0.162 nsg…","Kim and Garrison, 2009",result,supportive,0.6218000054359436,0.6218000054359436,4.2 Hypotheses testing,explicit,1ed8042c32b484573035db874ee8db00b77ba326,f08f08fab4db474ed6d556b908622d95afa2704f,148,170,True,1ed8042c32b484573035db874ee8db00b77ba326>f08f08fab4db474ed6d556b908622d95afa2704f
train,"Thus, apoB-48-containing TRLs were, on the whole, overestimated by about 10%, which is in line with previous works (15, 39).","Thus, apoB-48-containing TRLs were, on the whole, overestimated by about 10%, which is in line with previous works CITSEG.","(15, 39)",result,supportive,0.7483999729156494,0.7483999729156494,Analytical measurements and methods,explicit,fc696f76e0f779e40d825890dbb25e9e47ca4b48,5ce3f04999476cd3a1af82202ca8f511a2f4b6fc,115,123,True,fc696f76e0f779e40d825890dbb25e9e47ca4b48>5ce3f04999476cd3a1af82202ca8f511a2f4b6fc
train,"Using whole-Pg lysates, a Pg-specific lipopolysaccharide or recombinant citrullinated Pg PAD, other investigators have previously demonstrated increased frequencies of Pg antibody responses in patients with chronic RA compared with healthy control participants [5,13-16,22], as we did using whole-sonicate antigens.","Using whole-Pg lysates, a Pg-specific lipopolysaccharide or recombinant citrullinated Pg PAD, other investigators have previously demonstrated increased frequencies of Pg antibody responses in patients with chronic RA compared with healthy control participants CITSEG, as we did using whole-sonicate antigens.","[5,13-16,22]",result,supportive,1.0,1.0,Discussion,explicit,9889e6509ccfd7cb166b258c2487485fd0c4b145,fb70d25d466c3da340689424d944e8d278a3469f,261,273,True,9889e6509ccfd7cb166b258c2487485fd0c4b145>fb70d25d466c3da340689424d944e8d278a3469f
train,This is in accordance with the results of previous studies concerning other autoimmune disorders [12–14].,This is in accordance with the results of previous studies concerning other autoimmune disorders CITSEG.,[12–14],result,supportive,1.0,1.0,Discussion,explicit,3cd81a85fd7cbfd006384dfbff1c5d317fd32adb,18367eed9e76446a1e4e3563d4826fdac584bc68,97,104,True,3cd81a85fd7cbfd006384dfbff1c5d317fd32adb>18367eed9e76446a1e4e3563d4826fdac584bc68
train,"These findings are consistent with previous reports (10, 13, 24) that IL-1 and TNF-a increase ICAM-1 expression by .",These findings are consistent with previous reports CITSEG that IL-1 and TNF-a increase ICAM-1 expression by .,"(10, 13, 24)",result,supportive,1.0,1.0,DISCUSSION,explicit,9c98aece230c5879d554b4646eeab4b95554b627,d1ee5489f60e6078e9ecdbf62863374d14e4d643,52,64,True,9c98aece230c5879d554b4646eeab4b95554b627>d1ee5489f60e6078e9ecdbf62863374d14e4d643
train,"Conversely, the LOSs in our analysis were similar between groups, while studies usually describe a longer LOS for men (12, 13, 20, 21, 23).","Conversely, the LOSs in our analysis were similar between groups, while studies usually describe a longer LOS for men CITSEG.","(12, 13, 20, 21, 23)",result,supportive,1.0,0.6496000289916992,Discussion,explicit,e8eb0f16591adcaa04f7cacef7d21acf6c714dfd,8d84c5a43b35abb5b1fedbdf9d18a8ebe31c353e,118,138,False,e8eb0f16591adcaa04f7cacef7d21acf6c714dfd>8d84c5a43b35abb5b1fedbdf9d18a8ebe31c353e
train,"An effect of similar magnitude to our results was noted in the US Black Women’s Health Study (n 1⁄4 35,224) (15).","An effect of similar magnitude to our results was noted in the US Black Women’s Health Study (n 1⁄4 35,224) CITSEG.",(15),result,supportive,1.0,1.0,,explicit,ad17631e93d1cea903a86611e867623ad3cbc5f2,d2b6395a90b11ede755259a227dd3c47e6fa371e,108,112,True,ad17631e93d1cea903a86611e867623ad3cbc5f2>d2b6395a90b11ede755259a227dd3c47e6fa371e
train,The structure round function is partially same as of IDEA [10] and Akelarre [5][6].,The structure round function is partially same as of IDEA CITSEG and Akelarre [5][6].,[10],result,supportive,0.8004999756813049,0.6151000261306763,3.2.1 Message Expansion,explicit,08be600a24edc32238a8642c8591956ad9633da5,dc12e451cd61015a5ed0174ec1bb76867949dee3,58,62,True,08be600a24edc32238a8642c8591956ad9633da5>dc12e451cd61015a5ed0174ec1bb76867949dee3
train,"In this study, we generalized previous results regarding the quasi-Gaussian shape and the scalar property using the SBF model [13,21,52].","In this study, we generalized previous results regarding the quasi-Gaussian shape and the scalar property using the SBF model CITSEG.","[13,21,52]",result,supportive,1.0,0.6743000149726868,Background,explicit,2707175120ef1204a61c485f0ec84f8748cfc0c2,cbdfe987b406ca40a3171f7f1b5f16ad4ba2fdd5,126,136,True,2707175120ef1204a61c485f0ec84f8748cfc0c2>cbdfe987b406ca40a3171f7f1b5f16ad4ba2fdd5
train,"These results are in accordance with previous studies suggesting that miR-let7a may act as a tumor suppressor (it is poorly expressed in lung and colon cancer) [38, 39] and its downregulation has been reported to have a prognostic impact on the survival of surgically treated lung cancer patients [38].",These results are in accordance with previous studies suggesting that miR-let7a may act as a tumor suppressor (it is poorly expressed in lung and colon cancer) CITSEG and its downregulation has been reported to have a prognostic impact on the survival of surgically treated lung cancer patients [38].,"[38, 39]",result,supportive,1.0,1.0,4. Discussion,explicit,340300238e998780678ad5f97c8e1807be13766d,560e28cb2e297629602a33fd6358703dfc8711a3,160,168,False,340300238e998780678ad5f97c8e1807be13766d>560e28cb2e297629602a33fd6358703dfc8711a3
train,"As shown in previous studies in BMDMs or RAW macrophages (10, 11, 17), wild-type TLR9 trafficked through the Golgi compartment, whereas full-length, Endo H–resistant TLR9-GFP was barely detectable (Fig.","As shown in previous studies in BMDMs or RAW macrophages CITSEG, wild-type TLR9 trafficked through the Golgi compartment, whereas full-length, Endo H–resistant TLR9-GFP was barely detectable (Fig.","(10, 11, 17)",result,supportive,0.7577999830245972,0.7577999830245972,Results,explicit,05afd3e0fe8bcaabc5e4279a79ee72666344ad30,39b4d27e49570feb53d7946cbd73371999a364ad,57,69,True,05afd3e0fe8bcaabc5e4279a79ee72666344ad30>39b4d27e49570feb53d7946cbd73371999a364ad
train,"The lack of context switch effect found in group Partial-Both is also consistent with the idea that partial reinforcement leads contexts to become predictors of the outcome (see also Murphy et al., 2001).",The lack of context switch effect found in group Partial-Both is also consistent with the idea that partial reinforcement leads contexts to become predictors of the outcome (see also CITSEG).,"Murphy et al., 2001",result,supportive,0.6032999753952026,0.4072999954223633,"University of Jaén, Spain",explicit,90cec9f03970eda84cd1779f64780eddaebcb5c3,04affe89f2bc15dac4d8fb6438a7875b635759bc,183,202,False,90cec9f03970eda84cd1779f64780eddaebcb5c3>04affe89f2bc15dac4d8fb6438a7875b635759bc
train,"Our finding is consistent with other studies which have also highlighted the involvement of this novel molecule, Ara-LAM, in inducing proinflammatory responses (IL-8, TNF-a) in macrophages via interacting with TLR-2 [26,27].","Our finding is consistent with other studies which have also highlighted the involvement of this novel molecule, Ara-LAM, in inducing proinflammatory responses (IL-8, TNF-a) in macrophages via interacting with TLR-2 CITSEG.","[26,27]",result,supportive,0.7396000027656555,0.7396000027656555,,explicit,29fe703c3f5bc0e023f948e92c0ecc5b54df928f,45deba2e2ac79e34a41d90ecb706310c7c3d6fd0,216,223,True,29fe703c3f5bc0e023f948e92c0ecc5b54df928f>45deba2e2ac79e34a41d90ecb706310c7c3d6fd0
train,"Our results also support the findings of Safran et al. (2005) that channel steepness indices do not
depend systematically on underlying lithology (e.g., fig.","Our results also support the findings of CITSEG that channel steepness indices do not
depend systematically on underlying lithology (e.g., fig.",Safran et al. (2005),result,supportive,1.0,1.0,Results,explicit,636476286d6a98b5f782732d169bf431fec94b7f,2fe7a659d8ce9e6f024cebdf27511c8355c6ec10,41,61,True,636476286d6a98b5f782732d169bf431fec94b7f>2fe7a659d8ce9e6f024cebdf27511c8355c6ec10
train,"5% Cronobacter contamination of PIF in Malaysia was almost in agreement with reports of Cawthorn et al. (2008) and Witthuhn et al. (2006) who found the prevalence of Cronobacter in South African PIF were 14 and 18%, respectively. Muytjens et al. (1988) also reported that 14% of PIF samples were positive for Cronobacter contamination.",5% Cronobacter contamination of PIF in Malaysia was almost in agreement with reports of CITSEGalso reported that 14% of PIF samples were positive for Cronobacter contamination.,"Cawthorn et al. (2008) and Witthuhn et al. (2006) who found the prevalence of Cronobacter in South African PIF were 14 and 18%, respectively. Muytjens et al. (1988) ",result,supportive,1.0,1.0,RESULTS AND DISCUSSION,explicit,049b42404789093f7f9250dc8d01f8506ead8084,8ef70d9f439ba4acdddb480b6b6a4f3165dae7d0,88,253,True,049b42404789093f7f9250dc8d01f8506ead8084>8ef70d9f439ba4acdddb480b6b6a4f3165dae7d0
train,"Eight of the included studies examined the history of changes made to each registry record in order to compare published outcomes with the primary outcome as stated in the registry at either the time of study initiation or prior to completion of enrollment [7, 16, 20, 22, 24, 30, 31, 36].",Eight of the included studies examined the history of changes made to each registry record in order to compare published outcomes with the primary outcome as stated in the registry at either the time of study initiation or prior to completion of enrollment CITSEG.,"[7, 16, 20, 22, 24, 30, 31, 36]",result,supportive,0.7299000024795532,0.4943000078201294,Heterogeneity among studies,explicit,45edff55835cc98c06c893d5bed2a8dc2b308655,1e526b851137c3deca29c1cd0e3c852ef7744d3e,257,288,True,45edff55835cc98c06c893d5bed2a8dc2b308655>1e526b851137c3deca29c1cd0e3c852ef7744d3e
train,"Our experimental results showed that the weight combination lead to significantly higher classification accuracy, providing additional support to previous studies, which noted the importance of those components for discriminating AD for HC [16].","Our experimental results showed that the weight combination lead to significantly higher classification accuracy, providing additional support to previous studies, which noted the importance of those components for discriminating AD for HC CITSEG.",[16],result,supportive,0.7775999903678894,0.7775999903678894,IV. DISCUSSION AND CONCLUSION,explicit,9637a13499f3dcd6fcbeb6e28b63f0157d73d652,40bf427d49150e32e85ac817b96d81e3db0936c2,240,244,False,9637a13499f3dcd6fcbeb6e28b63f0157d73d652>40bf427d49150e32e85ac817b96d81e3db0936c2
train,"70, which is suggested as acceptable for research purposes; furthermore, the internal consistency of the total scale and the subscales ranged from good to excellent (Streiner and Norman, 2008) and were on the same or better level comparedwith other studies (Jocovic et al., 2002; Marshman et al., 2005; Brown and Al-Khayal., 2006; Goursand et al., 2008; McGrath et al., 2008).","70, which is suggested as acceptable for research purposes; furthermore, the internal consistency of the total scale and the subscales ranged from good to excellent (Streiner and Norman, 2008) and were on the same or better level comparedwith other studies CITSEG.","(Jocovic et al., 2002; Marshman et al., 2005; Brown and Al-Khayal., 2006; Goursand et al., 2008; McGrath et al., 2008)",result,supportive,1.0,1.0,DISCUSSION,explicit,591842a106001afa3d89b6c12d7715835f96cb4f,5bd0109fde4c01578b16a9d5a58d7870b0fd31fb,257,375,True,591842a106001afa3d89b6c12d7715835f96cb4f>5bd0109fde4c01578b16a9d5a58d7870b0fd31fb
train,"…the average amplitudes of contralateral PBR (cPBR) and ipsilateral NBR (iNBR) were negatively correlated as previously reported and thought to result from increased ipsilateral inhibition occurring concurrently with increased contralateral excitation (Klingner et al., 2010; Shmuel et al., 2002).","…the average amplitudes of contralateral PBR (cPBR) and ipsilateral NBR (iNBR) were negatively correlated as previously reported and thought to result from increased ipsilateral inhibition occurring concurrently with increased contralateral excitation (CITSEG; Shmuel et al., 2002).","Klingner et al., 2010",result,supportive,0.75,0.75,Discussion,explicit,45701ff05d3ed583a658f18aa998944c1d4eee7a,f89d87e5f4d58e9bb7d576ec6ae34a84240b9c5e,253,274,True,45701ff05d3ed583a658f18aa998944c1d4eee7a>f89d87e5f4d58e9bb7d576ec6ae34a84240b9c5e
train,"This observation corroborates findings from Olver & Jonker (1997) and Nir et al. (1994b), who also showed a direct relationship between the particle size of the ingredients or diet and the morphology of the digestive system.","This observation corroborates findings from Olver & Jonker (1997) and CITSEG, who also showed a direct relationship between the particle size of the ingredients or diet and the morphology of the digestive system.",Nir et al. (1994b),result,supportive,1.0,1.0,RESULTS AND DISCUSSION,explicit,fcbfb0dc4ea5f34129d8bd5bdac9f3071e53731c,4b557a30c883f974cf871d87b2646e1dc9cdff4a,70,88,True,fcbfb0dc4ea5f34129d8bd5bdac9f3071e53731c>4b557a30c883f974cf871d87b2646e1dc9cdff4a
train,"Compared to an earlier in-place list reversal example [47], the proof script was about the same structure and size, 67 lines.","Compared to an earlier in-place list reversal example CITSEG, the proof script was about the same structure and size, 67 lines.",[47],result,supportive,1.0,1.0,8 Case study: In-place list reversal,explicit,65cf6a69def40e663be79b7c489afc04eea20cfa,40f7030000e3c31501030cbb1ddd9bd1657bd64f,54,58,False,65cf6a69def40e663be79b7c489afc04eea20cfa>40f7030000e3c31501030cbb1ddd9bd1657bd64f
train,"Studies by Ross and Lindsay (1965), Sandham (1986), Horswell (1991), Hoenig and Schoener (1992), Ugar and Semb (2001), Giannakari (2004), Rajion et al. (2006), Lima et al. (2009) supported this finding and confirmed the association between upper cervical vertebral anomalies and cleft lip and/or…","Studies by Ross and Lindsay (1965), Sandham (1986), Horswell (1991), Hoenig and Schoener (1992), Ugar and Semb (2001), Giannakari (2004), CITSEG, Lima et al. (2009) supported this finding and confirmed the association between upper cervical vertebral anomalies and cleft lip and/or…",Rajion et al. (2006),result,supportive,1.0,1.0,Discussion,explicit,7bd4d852a85a5499d01fb0073de471d0480d0964,06e639a3a5bec03e0218014c07d210a0007313af,138,158,True,7bd4d852a85a5499d01fb0073de471d0480d0964>06e639a3a5bec03e0218014c07d210a0007313af
train,"In (Premebida et al 2015), and in accordance with the experiments carried out in (Ullah et al 2008), exhaustive experimental results were reported for different conditions of illumination and portions (“A” and “B”), and separately for STD and EXT sequences.","In (Premebida et al 2015), and in accordance with the experiments carried out in (CITSEG), exhaustive experimental results were reported for different conditions of illumination and portions (“A” and “B”), and separately for STD and EXT sequences.",Ullah et al 2008,result,supportive,0.6029000282287598,0.4074000120162964,5 Experiments and performance evaluation,explicit,3482f1c9c2180cd5edc1fa8bfbe2480ccaea92dd,0891bece3a201c5d0897e8b1d12264eb0b820dcd,82,98,True,3482f1c9c2180cd5edc1fa8bfbe2480ccaea92dd>0891bece3a201c5d0897e8b1d12264eb0b820dcd
train,"In accordance with previous studies (Haas et al., 2002; Houser, 1990) a GCL width of 160 μmandmorewas considered as GCD.","In accordance with previous studies (Haas et al., 2002; CITSEG) a GCL width of 160 μmandmorewas considered as GCD.","Houser, 1990",result,supportive,0.6100000143051147,0.6100000143051147,Tissue preparation,explicit,fd954be600a25a685dece1dd7118035e270ffc7a,13d455598df90628864bca0122480b04a8879ac6,56,68,True,fd954be600a25a685dece1dd7118035e270ffc7a>13d455598df90628864bca0122480b04a8879ac6
train,"We report results compared to [23] and test-time dropout, as those were the best competitors from Section 4.","We report results compared to CITSEG and test-time dropout, as those were the best competitors from Section 4.",[23],result,supportive,0.7014999985694885,0.35530000925064087,4.2. Predicting traffic flows,explicit,c4b477f669c1e58394ebf4915f7eb59c770b0fcb,7c989cda97694cd13d10b92ff1813362e2750197,30,34,True,c4b477f669c1e58394ebf4915f7eb59c770b0fcb>7c989cda97694cd13d10b92ff1813362e2750197
train,"Our results provide guidance to clinicians and patients as they demonstrate that the changes in bleeding and/or spotting days observed following insertion of the LNG-IUS in women with HMB follows a similar pattern to that observed in women using the intrauterine system for contraception [1,4,5,21], except that women with HMB may have more B/S days over the first year of use (see below).","Our results provide guidance to clinicians and patients as they demonstrate that the changes in bleeding and/or spotting days observed following insertion of the LNG-IUS in women with HMB follows a similar pattern to that observed in women using the intrauterine system for contraception CITSEG, except that women with HMB may have more B/S days over the first year of use (see below).","[1,4,5,21]",result,supportive,0.7361000180244446,0.7361000180244446,4. Discussion,explicit,3f50975c58d861e4fbd3b4fd065f0658b1aa1e10,d16a1d95e6947da69797bb0cb59148057174e35a,288,298,True,3f50975c58d861e4fbd3b4fd065f0658b1aa1e10>d16a1d95e6947da69797bb0cb59148057174e35a
train,"These data are different from those reported by Nir et al. (1994b), who showed a negative relationship between particle size and pH, as particle size decreased there was an increase in gastric pH.","These data are different from those reported by CITSEG, who showed a negative relationship between particle size and pH, as particle size decreased there was an increase in gastric pH.",Nir et al. (1994b),result,supportive,1.0,0.6909000277519226,RESULTS AND DISCUSSION,explicit,fcbfb0dc4ea5f34129d8bd5bdac9f3071e53731c,4b557a30c883f974cf871d87b2646e1dc9cdff4a,48,66,True,fcbfb0dc4ea5f34129d8bd5bdac9f3071e53731c>4b557a30c883f974cf871d87b2646e1dc9cdff4a
train,A comparison between the findings of Krajcarski et al. (1999) and the rested values in the present study revealed similar effects of pre- load and added load on peak trunk flexion and extensor moments.,A comparison between the findings of CITSEG and the rested values in the present study revealed similar effects of pre- load and added load on peak trunk flexion and extensor moments.,Krajcarski et al. (1999),result,supportive,0.7458999752998352,0.7458999752998352,Results & Discussion,explicit,551c30c8c3ffd11bb00ffef7d89fa3bec52a1102,f25f4beb189c66b5d0e805ab5a667765137f1787,37,61,True,551c30c8c3ffd11bb00ffef7d89fa3bec52a1102>f25f4beb189c66b5d0e805ab5a667765137f1787
train,"These results are supported by previous published data highlighting that the miR-34 family, including miR-34a and miR-34b/c, acts as a tumor suppressor, able to inhibit different human tumor growth and invasion [36–39], including human LSCC [31–34].","These results are supported by previous published data highlighting that the miR-34 family, including miR-34a and miR-34b/c, acts as a tumor suppressor, able to inhibit different human tumor growth and invasion CITSEG, including human LSCC [31–34].",[36–39],result,supportive,0.7202000021934509,0.7202000021934509,4. Discussion,explicit,340300238e998780678ad5f97c8e1807be13766d,560e28cb2e297629602a33fd6358703dfc8711a3,211,218,False,340300238e998780678ad5f97c8e1807be13766d>560e28cb2e297629602a33fd6358703dfc8711a3
train,"This is in contrast to the situation with the enveloped virus fusion machines, where spatial relationships between the binding and fusion components frequently influence the folding, stability or triggering of the pre-fusion complex and/or coordinated progression through the fusion reaction [7,8,10].","This is in contrast to the situation with the enveloped virus fusion machines, where spatial relationships between the binding and fusion components frequently influence the folding, stability or triggering of the pre-fusion complex and/or coordinated progression through the fusion reaction CITSEG.","[7,8,10]",result,supportive,1.0,0.6414999961853027,Discussion,explicit,e6f54fcf3460165fb558903e975a526bc98e4eba,eca33814fd547e45230423849d69e6cd4fa6184e,292,300,False,e6f54fcf3460165fb558903e975a526bc98e4eba>eca33814fd547e45230423849d69e6cd4fa6184e
train,"br A recent work (Bhuiyan et al., 2004) in the SCNT bovine field demonstrated that transfected ear fibroblasts were less able to develop to the blastocyst stage than their non-transfected counterpart, regardless of passage number (early or late). More likely, discrepancies among results reported up to now are due to differences in vector type, transfection protocols (Bhuiyan et al., 2004), NT methods and donor cell culture conditions (Wells et al., 2003; Miyoshi et al., 2003). Furthermore, the site of gene(s) integration(s), the transgene used and its possible interference in endogenous gene expression could influence results (Hodges and Stice, 2003). Another aspect to consider is donor cell lines and genotypes, since Heyman et al. (2002) found that four different subcultures isolated from a single skin biopsy resulted in significantly different NT blastocyst rates (ranging from 5 to 30%), and Kühholzer et al. (2001) even found different morula and blastocyst rates among clonal colonies obtained from the same donor cell fetus. In our investigation of in vivo developmental capacity after transfer of NT embryos to recipient cows, we did not observe significant differences in initial pregnancy (< day 40 of gestation) rates between transfected and non-transfected donor cells, which was also reported by Zakhartchenko et al. (2001). In contrast, Forsberg et al.","br A recent work (CITSEG In contrast, Forsberg et al.","Bhuiyan et al., 2004) in the SCNT bovine field demonstrated that transfected ear fibroblasts were less able to develop to the blastocyst stage than their non-transfected counterpart, regardless of passage number (early or late). More likely, discrepancies among results reported up to now are due to differences in vector type, transfection protocols (Bhuiyan et al., 2004), NT methods and donor cell culture conditions (Wells et al., 2003; Miyoshi et al., 2003). Furthermore, the site of gene(s) integration(s), the transgene used and its possible interference in endogenous gene expression could influence results (Hodges and Stice, 2003). Another aspect to consider is donor cell lines and genotypes, since Heyman et al. (2002) found that four different subcultures isolated from a single skin biopsy resulted in significantly different NT blastocyst rates (ranging from 5 to 30%), and Kühholzer et al. (2001) even found different morula and blastocyst rates among clonal colonies obtained from the same donor cell fetus. In our investigation of in vivo developmental capacity after transfer of NT embryos to recipient cows, we did not observe significant differences in initial pregnancy (< day 40 of gestation) rates between transfected and non-transfected donor cells, which was also reported by Zakhartchenko et al. (2001).",result,supportive,0.7508000135421753,0.5084999799728394,,explicit,39aca52b748a1e8969413295fc736ea90fd930ea,b7c9b2632ffbcef4a35a6bf0c85686d9f11c1532,18,1348,True,39aca52b748a1e8969413295fc736ea90fd930ea>b7c9b2632ffbcef4a35a6bf0c85686d9f11c1532
train,"The genetic differentiation in PT is comparable to that observed in Castelvolturno (Spagnuolo et al. 2007), apart from a lower
number of haplotypes in the first than in the second (12/35 and 43/45, respectively).","The genetic differentiation in PT is comparable to that observed in Castelvolturno (CITSEG), apart from a lower
number of haplotypes in the first than in the second (12/35 and 43/45, respectively).",Spagnuolo et al. 2007,result,supportive,0.6195999979972839,0.6195999979972839,Discussion,explicit,291ca965a80c0b484e70533599b2898f3c9b7cf7,63daf1741972395162371e6e9bf12348828cfe44,84,105,False,291ca965a80c0b484e70533599b2898f3c9b7cf7>63daf1741972395162371e6e9bf12348828cfe44
train,"Our observations are compatible with those of Verdijk et al, who expressed an N-terminal cytoplasmic GFP-tagged Langerin mutant in human fibroblastic cells [26].","Our observations are compatible with those of Verdijk et al, who expressed an N-terminal cytoplasmic GFP-tagged Langerin mutant in human fibroblastic cells CITSEG.",[26],result,supportive,1.0,1.0,Discussion,explicit,b29c56f40df8e90fd6ade3d06f8aa0defa49dabe,c84da4003b647b2b9d9c61a31e8e65d87e80e483,156,160,True,b29c56f40df8e90fd6ade3d06f8aa0defa49dabe>c84da4003b647b2b9d9c61a31e8e65d87e80e483
validation,"However, Lie and Alsop (2009) arranged four punisher ratios (5:1, 2:1, 1:2, 1:5) in a similar procedure from the same participant pool as the present study and found no significant differences in discriminability across the four ratios.","However, CITSEG arranged four punisher ratios (5:1, 2:1, 1:2, 1:5) in a similar procedure from the same participant pool as the present study and found no significant differences in discriminability across the four ratios.",Lie and Alsop (2009),result,supportive,0.6015999913215637,0.396699994802475,DISCUSSION,explicit,0e6ddb7d089493b2deba4ce844d50b54e2b023d4,66cb6767c5ae25fa1177b12774cd506b8e9699ad,9,29,False,0e6ddb7d089493b2deba4ce844d50b54e2b023d4>66cb6767c5ae25fa1177b12774cd506b8e9699ad
