file,sentence,citance,citance_masked_citseg,sentence_id,sentence_index,div_path,left_3,left_2,left_1,right_1,right_2,right_3,left_context,right_context,citance_context,sequence_masked_citseg,raw_ref_text,CFunc,TYPE,SELF,tag,attributes
Teufel_original_dataset/CFC_distribution/additional/0011020.cfc-scixml,"On the other hand, the efficiency gains are not as big as those reported by Samuelsson 1994.","On the other hand, the efficiency gains are not as big as those reported by Samuelsson 1994.","On the other hand, the efficiency gains are not as big as those reported by (CITSEG).",S-119,119,DIV-9,"The experiments are only sketched, to indicate the applicability of the instrumentation technique, and not to directly compete with other proposals on grammar specialization.","For example, the work reported in Samuelsson 1994, Samuelsson 1994 differs from the one presented below in several aspects: They induce a grammar from a treebank, while I propose to annotate the grammar based on all solutions it produces.","No criteria for tree decomposition and category specialization are needed here, and the standard parsing algorithm can be used.",,,,"The experiments are only sketched, to indicate the applicability of the instrumentation technique, and not to directly compete with other proposals on grammar specialization. For example, the work reported in Samuelsson 1994, Samuelsson 1994 differs from the one presented below in several aspects: They induce a grammar from a treebank, while I propose to annotate the grammar based on all solutions it produces. No criteria for tree decomposition and category specialization are needed here, and the standard parsing algorithm can be used.",,"The experiments are only sketched, to indicate the applicability of the instrumentation technique, and not to directly compete with other proposals on grammar specialization. For example, the work reported in Samuelsson 1994, Samuelsson 1994 differs from the one presented below in several aspects: They induce a grammar from a treebank, while I propose to annotate the grammar based on all solutions it produces. No criteria for tree decomposition and category specialization are needed here, and the standard parsing algorithm can be used. On the other hand, the efficiency gains are not as big as those reported by Samuelsson 1994.","The experiments are only sketched, to indicate the applicability of the instrumentation technique, and not to directly compete with other proposals on grammar specialization. For example, the work reported in Samuelsson 1994, Samuelsson 1994 differs from the one presented below in several aspects: They induce a grammar from a treebank, while I propose to annotate the grammar based on all solutions it produces. No criteria for tree decomposition and category specialization are needed here, and the standard parsing algorithm can be used. On the other hand, the efficiency gains are not as big as those reported by (CITSEG).",Samuelsson 1994,CoCoR0,,False,REF,"{""CFunc"": ""CoCoR0"", ""ID"": ""R-18""}"
Teufel_original_dataset/CFC_distribution/additional/0011020.cfc-scixml,"On the other hand, the efficiency gains are not as big as those reported by Rayner and Carter 1996 (but note that we cannot measure parsing times alone, so we need to compare to their speed-up factor of 10).","On the other hand, the efficiency gains are not as big as those reported by Rayner and Carter 1996 (but note that we cannot measure parsing times alone, so we need to compare to their speed-up factor of 10).","On the other hand, the efficiency gains are not as big as those reported by (CITSEG) (but note that we cannot measure parsing times alone, so we need to compare to their speed-up factor of 10).",S-156,156,DIV-9 > DIV-12,"Due to the derivation of the grammar from a corpus sample, they observed a decrease in recall of 7.3% and an increase of precision of 1.6%.","The differences to the approach described here are clear: Starting from the grammar, rather than from a treebank, we annotate the rules, rather than inducing them from scratch.","We do not need criteria for tree decomposition and category specialization, and we can use the standard parsing algorithm.","And we did not (yet) start from a treebank, but from the raw set of solutions.",,,"Due to the derivation of the grammar from a corpus sample, they observed a decrease in recall of 7.3% and an increase of precision of 1.6%. The differences to the approach described here are clear: Starting from the grammar, rather than from a treebank, we annotate the rules, rather than inducing them from scratch. We do not need criteria for tree decomposition and category specialization, and we can use the standard parsing algorithm.","And we did not (yet) start from a treebank, but from the raw set of solutions.","Due to the derivation of the grammar from a corpus sample, they observed a decrease in recall of 7.3% and an increase of precision of 1.6%. The differences to the approach described here are clear: Starting from the grammar, rather than from a treebank, we annotate the rules, rather than inducing them from scratch. We do not need criteria for tree decomposition and category specialization, and we can use the standard parsing algorithm. On the other hand, the efficiency gains are not as big as those reported by Rayner and Carter 1996 (but note that we cannot measure parsing times alone, so we need to compare to their speed-up factor of 10). And we did not (yet) start from a treebank, but from the raw set of solutions.","Due to the derivation of the grammar from a corpus sample, they observed a decrease in recall of 7.3% and an increase of precision of 1.6%. The differences to the approach described here are clear: Starting from the grammar, rather than from a treebank, we annotate the rules, rather than inducing them from scratch. We do not need criteria for tree decomposition and category specialization, and we can use the standard parsing algorithm. On the other hand, the efficiency gains are not as big as those reported by (CITSEG) (but note that we cannot measure parsing times alone, so we need to compare to their speed-up factor of 10). And we did not (yet) start from a treebank, but from the raw set of solutions.",Rayner and Carter 1996,CoCoR0,,False,REF,"{""CFunc"": ""CoCoR0"", ""ID"": ""R-23""}"
Teufel_original_dataset/CFC_distribution/additional/0005015.cfc-scixml,"The overall system reached an F score of 83.79 and this is slightly better than the best rate reported at the CoNLL-99 workshop (82.98 CoNLL 1999, an error reduction of 5%).","The overall system reached an F score of 83.79 and this is slightly better than the best rate reported at the CoNLL-99 workshop (82.98 CoNLL 1999, an error reduction of 5%).","The overall system reached an F score of 83.79 and this is slightly better than the best rate reported at the CoNLL-99 workshop (82.98 (CITSEG), an error reduction of 5%).",S-117,117,DIV-7,The O+C representation outperformed the other four representations by a large margin for the validation data.,This caused the combined output of all five representations being worse than the O+C result.,Therefore we have only used the O+C representation for recognizing non-baseNPs.,,,,The O+C representation outperformed the other four representations by a large margin for the validation data. This caused the combined output of all five representations being worse than the O+C result. Therefore we have only used the O+C representation for recognizing non-baseNPs.,,"The O+C representation outperformed the other four representations by a large margin for the validation data. This caused the combined output of all five representations being worse than the O+C result. Therefore we have only used the O+C representation for recognizing non-baseNPs. The overall system reached an F score of 83.79 and this is slightly better than the best rate reported at the CoNLL-99 workshop (82.98 CoNLL 1999, an error reduction of 5%).","The O+C representation outperformed the other four representations by a large margin for the validation data. This caused the combined output of all five representations being worse than the O+C result. Therefore we have only used the O+C representation for recognizing non-baseNPs. The overall system reached an F score of 83.79 and this is slightly better than the best rate reported at the CoNLL-99 workshop (82.98 (CITSEG), an error reduction of 5%).",CoNLL 1999,CoRes-,,False,REF,"{""CFunc"": ""CoRes-"", ""ID"": ""R-24""}"
Teufel_original_dataset/CFC_distribution/additional/0008034.cfc-scixml,A comparison of the performance gain due to grammar lexicalization shows that our results are on a par with that reported in Charniak 1997.,A comparison of the performance gain due to grammar lexicalization shows that our results are on a par with that reported in Charniak 1997.,A comparison of the performance gain due to grammar lexicalization shows that our results are on a par with that reported in (CITSEG).,S-129,129,DIV-13,"There, a 70.4% precision is reported on a verb frame recognition task on 584 examples.","However, the gain achieved by Beil et al. 1999 due to grammar lexicalizaton is only 2%, compared to about 10% in our case.","A comparison is difficult also for most other state-of-the-art PCFG - based statistical parsers, since different training and test data, and most importantly, different evaluation criteria were used.",,,,"There, a 70.4% precision is reported on a verb frame recognition task on 584 examples. However, the gain achieved by Beil et al. 1999 due to grammar lexicalizaton is only 2%, compared to about 10% in our case. A comparison is difficult also for most other state-of-the-art PCFG - based statistical parsers, since different training and test data, and most importantly, different evaluation criteria were used.",,"There, a 70.4% precision is reported on a verb frame recognition task on 584 examples. However, the gain achieved by Beil et al. 1999 due to grammar lexicalizaton is only 2%, compared to about 10% in our case. A comparison is difficult also for most other state-of-the-art PCFG - based statistical parsers, since different training and test data, and most importantly, different evaluation criteria were used. A comparison of the performance gain due to grammar lexicalization shows that our results are on a par with that reported in Charniak 1997.","There, a 70.4% precision is reported on a verb frame recognition task on 584 examples. However, the gain achieved by Beil et al. 1999 due to grammar lexicalizaton is only 2%, compared to about 10% in our case. A comparison is difficult also for most other state-of-the-art PCFG - based statistical parsers, since different training and test data, and most importantly, different evaluation criteria were used. A comparison of the performance gain due to grammar lexicalization shows that our results are on a par with that reported in (CITSEG).",Charniak 1997,CoCoR0,,False,REF,"{""CFunc"": ""CoCoR0"", ""ID"": ""R-28""}"
Teufel_original_dataset/CFC_distribution/additional/0003055.cfc-scixml,The Penn Treebank results reported here for the Markov model approach are at least equivalent to those reported for the Maximum Entropy approach in Ratnaparkhi 1996.,The Penn Treebank results reported here for the Markov model approach are at least equivalent to those reported for the Maximum Entropy approach in Ratnaparkhi 1996.,The Penn Treebank results reported here for the Markov model approach are at least equivalent to those reported for the Maximum Entropy approach in (CITSEG).,S-19,19,DIV-1,We argue that it is not only the choice of the general model that determines the result of the tagger but also the various `` small '' decisions on alternatives.,The aim of this paper is to give a detailed account of the techniques used in TnT.,"Additionally, we present results of the tagger on the NEGRA corpus Brants et al. 1999 and the Penn Treebank Marcus et al. 1993.","For a comparison to other taggers, the reader is referred to Zavrel and Daelemans 1999.",,,"We argue that it is not only the choice of the general model that determines the result of the tagger but also the various `` small '' decisions on alternatives. The aim of this paper is to give a detailed account of the techniques used in TnT. Additionally, we present results of the tagger on the NEGRA corpus Brants et al. 1999 and the Penn Treebank Marcus et al. 1993.","For a comparison to other taggers, the reader is referred to Zavrel and Daelemans 1999.","We argue that it is not only the choice of the general model that determines the result of the tagger but also the various `` small '' decisions on alternatives. The aim of this paper is to give a detailed account of the techniques used in TnT. Additionally, we present results of the tagger on the NEGRA corpus Brants et al. 1999 and the Penn Treebank Marcus et al. 1993. The Penn Treebank results reported here for the Markov model approach are at least equivalent to those reported for the Maximum Entropy approach in Ratnaparkhi 1996. For a comparison to other taggers, the reader is referred to Zavrel and Daelemans 1999.","We argue that it is not only the choice of the general model that determines the result of the tagger but also the various `` small '' decisions on alternatives. The aim of this paper is to give a detailed account of the techniques used in TnT. Additionally, we present results of the tagger on the NEGRA corpus Brants et al. 1999 and the Penn Treebank Marcus et al. 1993. The Penn Treebank results reported here for the Markov model approach are at least equivalent to those reported for the Maximum Entropy approach in (CITSEG). For a comparison to other taggers, the reader is referred to Zavrel and Daelemans 1999.",Ratnaparkhi 1996,CoCoR0,,False,REF,"{""CFunc"": ""CoCoR0"", ""ID"": ""R-12""}"
Teufel_original_dataset/CFC_distribution/additional/0003055.cfc-scixml,"According to current tagger comparisons Halteren et al. 1998, Zavrel and Daelemans 1999, and according to a comparsion of the results presented here with those in Ratnaparkhi 1996, the Maximum Entropy framework seems to be the only other approach yielding comparable results to the one presented here.","According to current tagger comparisons Halteren et al. 1998, Zavrel and Daelemans 1999, and according to a comparsion of the results presented here with those in Ratnaparkhi 1996, the Maximum Entropy framework seems to be the only other approach yielding comparable results to the one presented here.","According to current tagger comparisons Halteren et al. 1998, Zavrel and Daelemans 1999, and according to a comparsion of the results presented here with those in (CITSEG), the Maximum Entropy framework seems to be the only other approach yielding comparable results to the one presented here.",S-175,175,DIV-12,Note that the decisions we made yield good results for both the German and the English Corpus.,They do so for several other corpora as well.,The architecture remains applicable to a large variety of languages.,"It is a very interesting future research topic to determine the advantages of either of these approaches, to find the reason for their high accuracies, and to find a good combination of both.",TnT is freely available to universities and related organizations for research purposes (see http: //www.coli.uni-sb.de/~thorsten/tnt).,,Note that the decisions we made yield good results for both the German and the English Corpus. They do so for several other corpora as well. The architecture remains applicable to a large variety of languages.,"It is a very interesting future research topic to determine the advantages of either of these approaches, to find the reason for their high accuracies, and to find a good combination of both. TnT is freely available to universities and related organizations for research purposes (see http: //www.coli.uni-sb.de/~thorsten/tnt).","Note that the decisions we made yield good results for both the German and the English Corpus. They do so for several other corpora as well. The architecture remains applicable to a large variety of languages. According to current tagger comparisons Halteren et al. 1998, Zavrel and Daelemans 1999, and according to a comparsion of the results presented here with those in Ratnaparkhi 1996, the Maximum Entropy framework seems to be the only other approach yielding comparable results to the one presented here. It is a very interesting future research topic to determine the advantages of either of these approaches, to find the reason for their high accuracies, and to find a good combination of both. TnT is freely available to universities and related organizations for research purposes (see http: //www.coli.uni-sb.de/~thorsten/tnt).","Note that the decisions we made yield good results for both the German and the English Corpus. They do so for several other corpora as well. The architecture remains applicable to a large variety of languages. According to current tagger comparisons Halteren et al. 1998, Zavrel and Daelemans 1999, and according to a comparsion of the results presented here with those in (CITSEG), the Maximum Entropy framework seems to be the only other approach yielding comparable results to the one presented here. It is a very interesting future research topic to determine the advantages of either of these approaches, to find the reason for their high accuracies, and to find a good combination of both. TnT is freely available to universities and related organizations for research purposes (see http: //www.coli.uni-sb.de/~thorsten/tnt).",Ratnaparkhi 1996,CoCoR0,,False,REF,"{""CFunc"": ""CoCoR0"", ""ID"": ""R-24""}"
Teufel_original_dataset/CFC_distribution/additional/0008035.cfc-scixml,We evaluated this simple method on a large number of real-world translations and got results comparable to related approaches such as that of Dagan and Itai Dagan and Itai 1994 where much more selectional information is used.,We evaluated this simple method on a large number of real-world translations and got results comparable to related approaches such as that of Dagan and Itai Dagan and Itai 1994 where much more selectional information is used.,We evaluated this simple method on a large number of real-world translations and got results comparable to related approaches such as that of Dagan and Itai (CITSEG) where much more selectional information is used.,S-22,22,DIV-1,Disambiguation then is done by a simple look-up in the probabilistic lexicon.,We restrict our attention to a definition of senses as alternative translations of source-words.,Our approach provides a very natural solution for such a target-language disambiguation task--look for the most frequent target-noun whose semantics fits best with the semantics required by the target-verb.,,,,Disambiguation then is done by a simple look-up in the probabilistic lexicon. We restrict our attention to a definition of senses as alternative translations of source-words. Our approach provides a very natural solution for such a target-language disambiguation task--look for the most frequent target-noun whose semantics fits best with the semantics required by the target-verb.,,Disambiguation then is done by a simple look-up in the probabilistic lexicon. We restrict our attention to a definition of senses as alternative translations of source-words. Our approach provides a very natural solution for such a target-language disambiguation task--look for the most frequent target-noun whose semantics fits best with the semantics required by the target-verb. We evaluated this simple method on a large number of real-world translations and got results comparable to related approaches such as that of Dagan and Itai Dagan and Itai 1994 where much more selectional information is used.,Disambiguation then is done by a simple look-up in the probabilistic lexicon. We restrict our attention to a definition of senses as alternative translations of source-words. Our approach provides a very natural solution for such a target-language disambiguation task--look for the most frequent target-noun whose semantics fits best with the semantics required by the target-verb. We evaluated this simple method on a large number of real-world translations and got results comparable to related approaches such as that of Dagan and Itai (CITSEG) where much more selectional information is used.,Dagan and Itai 1994,CoCoR0,,False,REF,"{""CFunc"": ""CoCoR0"", ""ID"": ""R-5""}"
Teufel_original_dataset/CFC_distribution/additional/0008035.cfc-scixml,The most direct point of comparison is the method of Dagan and Itai Dagan and Itai 1994 which gives 91.4 % precision (92.7 % standardized) and 62.1 % effectiveness (66.8 % standardized) on 103 test examples for target word selection in the transfer of Hebrew to English.,The most direct point of comparison is the method of Dagan and Itai Dagan and Itai 1994 which gives 91.4 % precision (92.7 % standardized) and 62.1 % effectiveness (66.8 % standardized) on 103 test examples for target word selection in the transfer of Hebrew to English.,The most direct point of comparison is the method of Dagan and Itai (CITSEG) which gives 91.4 % precision (92.7 % standardized) and 62.1 % effectiveness (66.8 % standardized) on 103 test examples for target word selection in the transfer of Hebrew to English.,S-122,122,DIV-7,50 % for all approaches.,The standardized precision of our approach is ca.,79 % on all test corpora.,"However, compensating this high precision measure for the low effectiveness gives values comparable to our results.","Dagan and Itai ' s Dagan and Itai 1994 method is based on a large variety of grammatical relations for verbal, nominal, and adjectival predicates, but no class-based information or slot-labeling is used.",Resnik Resnik 1997 presented a disambiguation method which yields 44.3 % precision (63.8 % standardized) for a test set of 88 verb-object tokens.,50 % for all approaches. The standardized precision of our approach is ca. 79 % on all test corpora.,"However, compensating this high precision measure for the low effectiveness gives values comparable to our results. Dagan and Itai ' s Dagan and Itai 1994 method is based on a large variety of grammatical relations for verbal, nominal, and adjectival predicates, but no class-based information or slot-labeling is used. Resnik Resnik 1997 presented a disambiguation method which yields 44.3 % precision (63.8 % standardized) for a test set of 88 verb-object tokens.","50 % for all approaches. The standardized precision of our approach is ca. 79 % on all test corpora. The most direct point of comparison is the method of Dagan and Itai Dagan and Itai 1994 which gives 91.4 % precision (92.7 % standardized) and 62.1 % effectiveness (66.8 % standardized) on 103 test examples for target word selection in the transfer of Hebrew to English. However, compensating this high precision measure for the low effectiveness gives values comparable to our results. Dagan and Itai ' s Dagan and Itai 1994 method is based on a large variety of grammatical relations for verbal, nominal, and adjectival predicates, but no class-based information or slot-labeling is used. Resnik Resnik 1997 presented a disambiguation method which yields 44.3 % precision (63.8 % standardized) for a test set of 88 verb-object tokens.","50 % for all approaches. The standardized precision of our approach is ca. 79 % on all test corpora. The most direct point of comparison is the method of Dagan and Itai (CITSEG) which gives 91.4 % precision (92.7 % standardized) and 62.1 % effectiveness (66.8 % standardized) on 103 test examples for target word selection in the transfer of Hebrew to English. However, compensating this high precision measure for the low effectiveness gives values comparable to our results. Dagan and Itai ' s Dagan and Itai 1994 method is based on a large variety of grammatical relations for verbal, nominal, and adjectival predicates, but no class-based information or slot-labeling is used. Resnik Resnik 1997 presented a disambiguation method which yields 44.3 % precision (63.8 % standardized) for a test set of 88 verb-object tokens.",Dagan and Itai 1994,CoCoR0,,False,REF,"{""CFunc"": ""CoCoR0"", ""ID"": ""R-15""}"
Teufel_original_dataset/CFC_distribution/additional/0008012.cfc-scixml,"This is different from the combination results presented in Van Halteren et al. Halteren et al. 1998, in which pairwise voting performed best.","This is different from the combination results presented in Van Halteren et al. Halteren et al. 1998, in which pairwise voting performed best.","This is different from the combination results presented in Van Halteren et al. (CITSEG), in which pairwise voting performed best.",S-138,138,DIV-7,The bracket accuracies and the F scores for test data can be found in Table.,All combinations improve the results of the best individual classifier.,The best results were obtained with a memory-based stacked classifier.,"However, in their later work stacked classifiers outperform voting methods as well Halteren et al. to appear.",Based on an earlier combination study Tjong and Sang 2000 we had expected the voting methods to do better.,We suspect that their performance is below that of the stacked classifiers because the difference between the best and the worst individual system is larger than in our earlier study.,The bracket accuracies and the F scores for test data can be found in Table. All combinations improve the results of the best individual classifier. The best results were obtained with a memory-based stacked classifier.,"However, in their later work stacked classifiers outperform voting methods as well Halteren et al. to appear. Based on an earlier combination study Tjong and Sang 2000 we had expected the voting methods to do better. We suspect that their performance is below that of the stacked classifiers because the difference between the best and the worst individual system is larger than in our earlier study.","The bracket accuracies and the F scores for test data can be found in Table. All combinations improve the results of the best individual classifier. The best results were obtained with a memory-based stacked classifier. This is different from the combination results presented in Van Halteren et al. Halteren et al. 1998, in which pairwise voting performed best. However, in their later work stacked classifiers outperform voting methods as well Halteren et al. to appear. Based on an earlier combination study Tjong and Sang 2000 we had expected the voting methods to do better. We suspect that their performance is below that of the stacked classifiers because the difference between the best and the worst individual system is larger than in our earlier study.","The bracket accuracies and the F scores for test data can be found in Table. All combinations improve the results of the best individual classifier. The best results were obtained with a memory-based stacked classifier. This is different from the combination results presented in Van Halteren et al. (CITSEG), in which pairwise voting performed best. However, in their later work stacked classifiers outperform voting methods as well Halteren et al. to appear. Based on an earlier combination study Tjong and Sang 2000 we had expected the voting methods to do better. We suspect that their performance is below that of the stacked classifiers because the difference between the best and the worst individual system is larger than in our earlier study.",Halteren et al. 1998,CoCoR0,,True,REF,"{""CFunc"": ""CoCoR0"", ""ID"": ""R-63"", ""SELF"": ""YES""}"
Teufel_original_dataset/CFC_distribution/additional/0102019.cfc-scixml,"Tesar and Smolensky show that the learner converges after seeing at most O (n2) suboptimal attested forms, and hence after at most O (n2) passes through.","Tesar and Smolensky show that the learner converges after seeing at most O (n2) suboptimal attested forms, and hence after at most O (n2) passes through.","Tesar and (CITSEG) show that the learner converges after seeing at most O (n2) suboptimal attested forms, and hence after at most O (n2) passes through.",S-158,158,DIV-8 > DIV-10,"This is identical to the `` online '' CD algorithm of;, except that for each attested form x that is presented to the learner, EDCD automatically chooses a competitor, where is the ranking at the time.","If the supply of attested forms is limited, as assumed in this paper, one may iterate over them repeatedly, modifying, until they are all optimal.","When an attested form x is suboptimal, the algorithm takes time O (nE) to compile x, y into a disjunctive clause and time O (n) to process that clause using CD.","Hence the total time is O (n3E+mn2P), where P is the time required by OPT.","This is superficially worse than our RCDALL, which takes time O (mn2P), but really about as good since P dominates (see;).","Mainly, RCDALL is simpler.","This is identical to the `` online '' CD algorithm of;, except that for each attested form x that is presented to the learner, EDCD automatically chooses a competitor, where is the ranking at the time. If the supply of attested forms is limited, as assumed in this paper, one may iterate over them repeatedly, modifying, until they are all optimal. When an attested form x is suboptimal, the algorithm takes time O (nE) to compile x, y into a disjunctive clause and time O (n) to process that clause using CD.","Hence the total time is O (n3E+mn2P), where P is the time required by OPT. This is superficially worse than our RCDALL, which takes time O (mn2P), but really about as good since P dominates (see;). Mainly, RCDALL is simpler.","This is identical to the `` online '' CD algorithm of;, except that for each attested form x that is presented to the learner, EDCD automatically chooses a competitor, where is the ranking at the time. If the supply of attested forms is limited, as assumed in this paper, one may iterate over them repeatedly, modifying, until they are all optimal. When an attested form x is suboptimal, the algorithm takes time O (nE) to compile x, y into a disjunctive clause and time O (n) to process that clause using CD. Tesar and Smolensky show that the learner converges after seeing at most O (n2) suboptimal attested forms, and hence after at most O (n2) passes through. Hence the total time is O (n3E+mn2P), where P is the time required by OPT. This is superficially worse than our RCDALL, which takes time O (mn2P), but really about as good since P dominates (see;). Mainly, RCDALL is simpler.","This is identical to the `` online '' CD algorithm of;, except that for each attested form x that is presented to the learner, EDCD automatically chooses a competitor, where is the ranking at the time. If the supply of attested forms is limited, as assumed in this paper, one may iterate over them repeatedly, modifying, until they are all optimal. When an attested form x is suboptimal, the algorithm takes time O (nE) to compile x, y into a disjunctive clause and time O (n) to process that clause using CD. Tesar and (CITSEG) show that the learner converges after seeing at most O (n2) suboptimal attested forms, and hence after at most O (n2) passes through. Hence the total time is O (n3E+mn2P), where P is the time required by OPT. This is superficially worse than our RCDALL, which takes time O (mn2P), but really about as good since P dominates (see;). Mainly, RCDALL is simpler.",Smolensky,CoCoR0,,False,REFAUTHOR,"{""CFunc"": ""CoCoR0"", ""ID"": ""R-45""}"
Teufel_original_dataset/CFC_distribution/additional/0011007.cfc-scixml,"Being 10 - 12% better than SCFGs, comparable with the Minimal model and Magerman 1995 and about 7.0% worse than the best system, it is fair to say that (depth 5) T-grams perform more like bilexicalized dependency systems than bare SCFGs.","Being 10 - 12% better than SCFGs, comparable with the Minimal model and Magerman 1995 and about 7.0% worse than the best system, it is fair to say that (depth 5) T-grams perform more like bilexicalized dependency systems than bare SCFGs.","Being 10 - 12% better than SCFGs, comparable with the Minimal model and (CITSEG) and about 7.0% worse than the best system, it is fair to say that (depth 5) T-grams perform more like bilexicalized dependency systems than bare SCFGs.",S-135,135,DIV-11,Table shows the results of some systems including ours.,Systems conditioning mostly on lexical information are contrasted to SCFGs and T-grams.,Our result shows that T-grams improve on SCFGs but fall short of the best lexical-dependency systems.,Table exhibits results of various T-gram systems.,Columns 1 - 2 exhibit the traditional DOP observation about the effect of the size of subtrees/T-grams on performance.,"Columns 3 - 5 are more interesting: they show that even when T-gram size is kept fixed, systems that are pre-head enriched improve on systems that are not pre-head enriched (0PH).",Table shows the results of some systems including ours. Systems conditioning mostly on lexical information are contrasted to SCFGs and T-grams. Our result shows that T-grams improve on SCFGs but fall short of the best lexical-dependency systems.,"Table exhibits results of various T-gram systems. Columns 1 - 2 exhibit the traditional DOP observation about the effect of the size of subtrees/T-grams on performance. Columns 3 - 5 are more interesting: they show that even when T-gram size is kept fixed, systems that are pre-head enriched improve on systems that are not pre-head enriched (0PH).","Table shows the results of some systems including ours. Systems conditioning mostly on lexical information are contrasted to SCFGs and T-grams. Our result shows that T-grams improve on SCFGs but fall short of the best lexical-dependency systems. Being 10 - 12% better than SCFGs, comparable with the Minimal model and Magerman 1995 and about 7.0% worse than the best system, it is fair to say that (depth 5) T-grams perform more like bilexicalized dependency systems than bare SCFGs. Table exhibits results of various T-gram systems. Columns 1 - 2 exhibit the traditional DOP observation about the effect of the size of subtrees/T-grams on performance. Columns 3 - 5 are more interesting: they show that even when T-gram size is kept fixed, systems that are pre-head enriched improve on systems that are not pre-head enriched (0PH).","Table shows the results of some systems including ours. Systems conditioning mostly on lexical information are contrasted to SCFGs and T-grams. Our result shows that T-grams improve on SCFGs but fall short of the best lexical-dependency systems. Being 10 - 12% better than SCFGs, comparable with the Minimal model and (CITSEG) and about 7.0% worse than the best system, it is fair to say that (depth 5) T-grams perform more like bilexicalized dependency systems than bare SCFGs. Table exhibits results of various T-gram systems. Columns 1 - 2 exhibit the traditional DOP observation about the effect of the size of subtrees/T-grams on performance. Columns 3 - 5 are more interesting: they show that even when T-gram size is kept fixed, systems that are pre-head enriched improve on systems that are not pre-head enriched (0PH).",Magerman 1995,CoCoR0,,False,REF,"{""CFunc"": ""CoCoR0"", ""ID"": ""R-28""}"
Teufel_original_dataset/CFC_distribution/additional/0011007.cfc-scixml,This is supported by the result of column 1 in contrast to SCFG and Collins 1997 (table): the D1 T-gram system differs from Collins 1997 almost only in pre-head vs. head enrichment and indeed performs midway between SCFG and Collins 1997.,This is supported by the result of column 1 in contrast to SCFG and Collins 1997 (table): the D1 T-gram system differs from Collins 1997 almost only in pre-head vs. head enrichment and indeed performs midway between SCFG and Collins 1997.,This is supported by the result of column 1 in contrast to SCFG and (CITSEG) (table): the D1 T-gram system differs from Collins 1997 almost only in pre-head vs. head enrichment and indeed performs midway between SCFG and Collins 1997.,S-139,139,DIV-11,Table exhibits results of various T-gram systems.,Columns 1 - 2 exhibit the traditional DOP observation about the effect of the size of subtrees/T-grams on performance.,"Columns 3 - 5 are more interesting: they show that even when T-gram size is kept fixed, systems that are pre-head enriched improve on systems that are not pre-head enriched (0PH).",This all suggests that allowing bilexical dependencies in T-gram models should improve performance.,It is noteworthy that pre-head enriched systems are also more efficient in time and space.,Column 6 shows that adding Markovian conditioning to subcat frames further improves performance suggesting that further study of the conditional probabilities of dependent T-grams is necessary.,"Table exhibits results of various T-gram systems. Columns 1 - 2 exhibit the traditional DOP observation about the effect of the size of subtrees/T-grams on performance. Columns 3 - 5 are more interesting: they show that even when T-gram size is kept fixed, systems that are pre-head enriched improve on systems that are not pre-head enriched (0PH).",This all suggests that allowing bilexical dependencies in T-gram models should improve performance. It is noteworthy that pre-head enriched systems are also more efficient in time and space. Column 6 shows that adding Markovian conditioning to subcat frames further improves performance suggesting that further study of the conditional probabilities of dependent T-grams is necessary.,"Table exhibits results of various T-gram systems. Columns 1 - 2 exhibit the traditional DOP observation about the effect of the size of subtrees/T-grams on performance. Columns 3 - 5 are more interesting: they show that even when T-gram size is kept fixed, systems that are pre-head enriched improve on systems that are not pre-head enriched (0PH). This is supported by the result of column 1 in contrast to SCFG and Collins 1997 (table): the D1 T-gram system differs from Collins 1997 almost only in pre-head vs. head enrichment and indeed performs midway between SCFG and Collins 1997. This all suggests that allowing bilexical dependencies in T-gram models should improve performance. It is noteworthy that pre-head enriched systems are also more efficient in time and space. Column 6 shows that adding Markovian conditioning to subcat frames further improves performance suggesting that further study of the conditional probabilities of dependent T-grams is necessary.","Table exhibits results of various T-gram systems. Columns 1 - 2 exhibit the traditional DOP observation about the effect of the size of subtrees/T-grams on performance. Columns 3 - 5 are more interesting: they show that even when T-gram size is kept fixed, systems that are pre-head enriched improve on systems that are not pre-head enriched (0PH). This is supported by the result of column 1 in contrast to SCFG and (CITSEG) (table): the D1 T-gram system differs from Collins 1997 almost only in pre-head vs. head enrichment and indeed performs midway between SCFG and Collins 1997. This all suggests that allowing bilexical dependencies in T-gram models should improve performance. It is noteworthy that pre-head enriched systems are also more efficient in time and space. Column 6 shows that adding Markovian conditioning to subcat frames further improves performance suggesting that further study of the conditional probabilities of dependent T-grams is necessary.",Collins 1997,CoCoR0,,False,REF,"{""CFunc"": ""CoCoR0"", ""ID"": ""R-29""}"
Teufel_original_dataset/CFC_distribution/additional/0011007.cfc-scixml,This is supported by the result of column 1 in contrast to SCFG and Collins 1997 (table): the D1 T-gram system differs from Collins 1997 almost only in pre-head vs. head enrichment and indeed performs midway between SCFG and Collins 1997.,This is supported by the result of column 1 in contrast to SCFG and Collins 1997 (table): the D1 T-gram system differs from Collins 1997 almost only in pre-head vs. head enrichment and indeed performs midway between SCFG and Collins 1997.,This is supported by the result of column 1 in contrast to SCFG and (CITSEG) (table): the D1 T-gram system differs from Collins 1997 almost only in pre-head vs. head enrichment and indeed performs midway between SCFG and Collins 1997.,S-139,139,DIV-11,Table exhibits results of various T-gram systems.,Columns 1 - 2 exhibit the traditional DOP observation about the effect of the size of subtrees/T-grams on performance.,"Columns 3 - 5 are more interesting: they show that even when T-gram size is kept fixed, systems that are pre-head enriched improve on systems that are not pre-head enriched (0PH).",This all suggests that allowing bilexical dependencies in T-gram models should improve performance.,It is noteworthy that pre-head enriched systems are also more efficient in time and space.,Column 6 shows that adding Markovian conditioning to subcat frames further improves performance suggesting that further study of the conditional probabilities of dependent T-grams is necessary.,"Table exhibits results of various T-gram systems. Columns 1 - 2 exhibit the traditional DOP observation about the effect of the size of subtrees/T-grams on performance. Columns 3 - 5 are more interesting: they show that even when T-gram size is kept fixed, systems that are pre-head enriched improve on systems that are not pre-head enriched (0PH).",This all suggests that allowing bilexical dependencies in T-gram models should improve performance. It is noteworthy that pre-head enriched systems are also more efficient in time and space. Column 6 shows that adding Markovian conditioning to subcat frames further improves performance suggesting that further study of the conditional probabilities of dependent T-grams is necessary.,"Table exhibits results of various T-gram systems. Columns 1 - 2 exhibit the traditional DOP observation about the effect of the size of subtrees/T-grams on performance. Columns 3 - 5 are more interesting: they show that even when T-gram size is kept fixed, systems that are pre-head enriched improve on systems that are not pre-head enriched (0PH). This is supported by the result of column 1 in contrast to SCFG and Collins 1997 (table): the D1 T-gram system differs from Collins 1997 almost only in pre-head vs. head enrichment and indeed performs midway between SCFG and Collins 1997. This all suggests that allowing bilexical dependencies in T-gram models should improve performance. It is noteworthy that pre-head enriched systems are also more efficient in time and space. Column 6 shows that adding Markovian conditioning to subcat frames further improves performance suggesting that further study of the conditional probabilities of dependent T-grams is necessary.","Table exhibits results of various T-gram systems. Columns 1 - 2 exhibit the traditional DOP observation about the effect of the size of subtrees/T-grams on performance. Columns 3 - 5 are more interesting: they show that even when T-gram size is kept fixed, systems that are pre-head enriched improve on systems that are not pre-head enriched (0PH). This is supported by the result of column 1 in contrast to SCFG and (CITSEG) (table): the D1 T-gram system differs from Collins 1997 almost only in pre-head vs. head enrichment and indeed performs midway between SCFG and Collins 1997. This all suggests that allowing bilexical dependencies in T-gram models should improve performance. It is noteworthy that pre-head enriched systems are also more efficient in time and space. Column 6 shows that adding Markovian conditioning to subcat frames further improves performance suggesting that further study of the conditional probabilities of dependent T-grams is necessary.",Collins 1997,CoCoR0,,False,REF,"{""CFunc"": ""CoCoR0"", ""ID"": ""R-31""}"
Teufel_original_dataset/CFC_distribution/additional/9907013.cfc-scixml,The scheme is superficially similar to a syntactic dependency analysis in the style of Lin 1995.,The scheme is superficially similar to a syntactic dependency analysis in the style of Lin 1995.,The scheme is superficially similar to a syntactic dependency analysis in the style of (CITSEG).,S-46,46,DIV-2,"Relations mod, arg_mod, clausal, and their descendants have slots filled by a type, a head, and its dependent; arg_mod has an additional fourth slot initial_gr.","Descendants of subj, and also dobj have the three slots head, dependent, and initial_gr.",The x and c prefixes to relation names differentiate clausal control alternatives.,"However, the scheme contains a specific, fixed inventory of relations.",Other significant differences are:,"the GR analysis of control relations could not be expressed as a strict dependency tree since a single nominal head would be a dependent of two (or more) verbal heads (as with ncsubj (decide, government, _) ncsubj (drop, government, _) in the figure example...the government decides to drop it);","Relations mod, arg_mod, clausal, and their descendants have slots filled by a type, a head, and its dependent; arg_mod has an additional fourth slot initial_gr. Descendants of subj, and also dobj have the three slots head, dependent, and initial_gr. The x and c prefixes to relation names differentiate clausal control alternatives.","However, the scheme contains a specific, fixed inventory of relations. Other significant differences are: the GR analysis of control relations could not be expressed as a strict dependency tree since a single nominal head would be a dependent of two (or more) verbal heads (as with ncsubj (decide, government, _) ncsubj (drop, government, _) in the figure example...the government decides to drop it);","Relations mod, arg_mod, clausal, and their descendants have slots filled by a type, a head, and its dependent; arg_mod has an additional fourth slot initial_gr. Descendants of subj, and also dobj have the three slots head, dependent, and initial_gr. The x and c prefixes to relation names differentiate clausal control alternatives. The scheme is superficially similar to a syntactic dependency analysis in the style of Lin 1995. However, the scheme contains a specific, fixed inventory of relations. Other significant differences are: the GR analysis of control relations could not be expressed as a strict dependency tree since a single nominal head would be a dependent of two (or more) verbal heads (as with ncsubj (decide, government, _) ncsubj (drop, government, _) in the figure example...the government decides to drop it);","Relations mod, arg_mod, clausal, and their descendants have slots filled by a type, a head, and its dependent; arg_mod has an additional fourth slot initial_gr. Descendants of subj, and also dobj have the three slots head, dependent, and initial_gr. The x and c prefixes to relation names differentiate clausal control alternatives. The scheme is superficially similar to a syntactic dependency analysis in the style of (CITSEG). However, the scheme contains a specific, fixed inventory of relations. Other significant differences are: the GR analysis of control relations could not be expressed as a strict dependency tree since a single nominal head would be a dependent of two (or more) verbal heads (as with ncsubj (decide, government, _) ncsubj (drop, government, _) in the figure example...the government decides to drop it);",Lin 1995,CoCoGM,,False,REF,"{""CFunc"": ""CoCoGM"", ""ID"": ""R-21"", ""LinkS"": ""s34 - related to paper; enough?""}"
Teufel_original_dataset/CFC_distribution/additional/9907013.cfc-scixml,Inter - annotator agreement was around 95% which is somewhat better than previously reported figures for syntactic markup (e.g. Leech and Garside 1991.,Inter - annotator agreement was around 95% which is somewhat better than previously reported figures for syntactic markup (e.g. Leech and Garside 1991.,Inter - annotator agreement was around 95% which is somewhat better than previously reported figures for syntactic markup (e.g. (CITSEG).,S-71,71,DIV-3 > DIV-4,Our corpus consists of 500 sentences (10K words) covering a number of written genres.,"The sentences were taken from the SUSANNE corpus, and each was marked up manually by two annotators.",The manual analysis was performed by the first author and was checked and extended by the third author.,Marking up was done semi-automatically by first generating the set of relations predicted by the evaluation software from the closest system analysis to the treebank annotation and then manually correcting and extending these.,The mean number of GRs per corpus sentence is 9.72.,Table quantifies the distribution of relations occurring in the corpus.,"Our corpus consists of 500 sentences (10K words) covering a number of written genres. The sentences were taken from the SUSANNE corpus, and each was marked up manually by two annotators. The manual analysis was performed by the first author and was checked and extended by the third author.",Marking up was done semi-automatically by first generating the set of relations predicted by the evaluation software from the closest system analysis to the treebank annotation and then manually correcting and extending these. The mean number of GRs per corpus sentence is 9.72. Table quantifies the distribution of relations occurring in the corpus.,"Our corpus consists of 500 sentences (10K words) covering a number of written genres. The sentences were taken from the SUSANNE corpus, and each was marked up manually by two annotators. The manual analysis was performed by the first author and was checked and extended by the third author. Inter - annotator agreement was around 95% which is somewhat better than previously reported figures for syntactic markup (e.g. Leech and Garside 1991. Marking up was done semi-automatically by first generating the set of relations predicted by the evaluation software from the closest system analysis to the treebank annotation and then manually correcting and extending these. The mean number of GRs per corpus sentence is 9.72. Table quantifies the distribution of relations occurring in the corpus.","Our corpus consists of 500 sentences (10K words) covering a number of written genres. The sentences were taken from the SUSANNE corpus, and each was marked up manually by two annotators. The manual analysis was performed by the first author and was checked and extended by the third author. Inter - annotator agreement was around 95% which is somewhat better than previously reported figures for syntactic markup (e.g. (CITSEG). Marking up was done semi-automatically by first generating the set of relations predicted by the evaluation software from the closest system analysis to the treebank annotation and then manually correcting and extending these. The mean number of GRs per corpus sentence is 9.72. Table quantifies the distribution of relations occurring in the corpus.",Leech and Garside 1991,CoCo-,,False,REF,"{""CFunc"": ""CoCo-"", ""ID"": ""R-23"", ""LinkS"": ""better""}"
Teufel_original_dataset/CFC_distribution/additional/9912004.cfc-scixml,A lot of work has been done in Japanese pronoun resolution Kameyama 1986 Yamamura et al. 1992 Walker et al. 1994 Takada and Doi 1994 Nakaiwa and Ikehara 1995.,A lot of work has been done in Japanese pronoun resolution Kameyama 1986 Yamamura et al. 1992 Walker et al. 1994 Takada and Doi 1994 Nakaiwa and Ikehara 1995.,A lot of work has been done in Japanese pronoun resolution (CITSEG) Yamamura et al. 1992 Walker et al. 1994 Takada and Doi 1994 Nakaiwa and Ikehara 1995.,S-4,4,DIV-1,Pronoun resolution is especially important for machine translation.,"For example, if the system cannot resolve zero pronouns, it cannot translate sentences containing them from Japanese into English.","When the word order of sentences is changed and the pronominalized words are changed in translation into English, the system must detect the referents of the pronouns.",The main distinguishing features of our work are as follows:,"In conventional pronoun resolution methods, semantic markers have been used for semantic constraints.","On the other hand, we use examples for semantic constraints and show in our experiments that examples are as useful as semantic markers.","Pronoun resolution is especially important for machine translation. For example, if the system cannot resolve zero pronouns, it cannot translate sentences containing them from Japanese into English. When the word order of sentences is changed and the pronominalized words are changed in translation into English, the system must detect the referents of the pronouns.","The main distinguishing features of our work are as follows: In conventional pronoun resolution methods, semantic markers have been used for semantic constraints. On the other hand, we use examples for semantic constraints and show in our experiments that examples are as useful as semantic markers.","Pronoun resolution is especially important for machine translation. For example, if the system cannot resolve zero pronouns, it cannot translate sentences containing them from Japanese into English. When the word order of sentences is changed and the pronominalized words are changed in translation into English, the system must detect the referents of the pronouns. A lot of work has been done in Japanese pronoun resolution Kameyama 1986 Yamamura et al. 1992 Walker et al. 1994 Takada and Doi 1994 Nakaiwa and Ikehara 1995. The main distinguishing features of our work are as follows: In conventional pronoun resolution methods, semantic markers have been used for semantic constraints. On the other hand, we use examples for semantic constraints and show in our experiments that examples are as useful as semantic markers.","Pronoun resolution is especially important for machine translation. For example, if the system cannot resolve zero pronouns, it cannot translate sentences containing them from Japanese into English. When the word order of sentences is changed and the pronominalized words are changed in translation into English, the system must detect the referents of the pronouns. A lot of work has been done in Japanese pronoun resolution (CITSEG) Yamamura et al. 1992 Walker et al. 1994 Takada and Doi 1994 Nakaiwa and Ikehara 1995. The main distinguishing features of our work are as follows: In conventional pronoun resolution methods, semantic markers have been used for semantic constraints. On the other hand, we use examples for semantic constraints and show in our experiments that examples are as useful as semantic markers.",Kameyama 1986,CoCoGM,,False,REF,"{""CFunc"": ""CoCoGM"", ""ID"": ""R-0"", ""LinkS"": ""s-5; distinguishing; our work""}"
Teufel_original_dataset/CFC_distribution/additional/9912004.cfc-scixml,A lot of work has been done in Japanese pronoun resolution Kameyama 1986 Yamamura et al. 1992 Walker et al. 1994 Takada and Doi 1994 Nakaiwa and Ikehara 1995.,A lot of work has been done in Japanese pronoun resolution Kameyama 1986 Yamamura et al. 1992 Walker et al. 1994 Takada and Doi 1994 Nakaiwa and Ikehara 1995.,A lot of work has been done in Japanese pronoun resolution Kameyama 1986 (CITSEG) Walker et al. 1994 Takada and Doi 1994 Nakaiwa and Ikehara 1995.,S-4,4,DIV-1,Pronoun resolution is especially important for machine translation.,"For example, if the system cannot resolve zero pronouns, it cannot translate sentences containing them from Japanese into English.","When the word order of sentences is changed and the pronominalized words are changed in translation into English, the system must detect the referents of the pronouns.",The main distinguishing features of our work are as follows:,"In conventional pronoun resolution methods, semantic markers have been used for semantic constraints.","On the other hand, we use examples for semantic constraints and show in our experiments that examples are as useful as semantic markers.","Pronoun resolution is especially important for machine translation. For example, if the system cannot resolve zero pronouns, it cannot translate sentences containing them from Japanese into English. When the word order of sentences is changed and the pronominalized words are changed in translation into English, the system must detect the referents of the pronouns.","The main distinguishing features of our work are as follows: In conventional pronoun resolution methods, semantic markers have been used for semantic constraints. On the other hand, we use examples for semantic constraints and show in our experiments that examples are as useful as semantic markers.","Pronoun resolution is especially important for machine translation. For example, if the system cannot resolve zero pronouns, it cannot translate sentences containing them from Japanese into English. When the word order of sentences is changed and the pronominalized words are changed in translation into English, the system must detect the referents of the pronouns. A lot of work has been done in Japanese pronoun resolution Kameyama 1986 Yamamura et al. 1992 Walker et al. 1994 Takada and Doi 1994 Nakaiwa and Ikehara 1995. The main distinguishing features of our work are as follows: In conventional pronoun resolution methods, semantic markers have been used for semantic constraints. On the other hand, we use examples for semantic constraints and show in our experiments that examples are as useful as semantic markers.","Pronoun resolution is especially important for machine translation. For example, if the system cannot resolve zero pronouns, it cannot translate sentences containing them from Japanese into English. When the word order of sentences is changed and the pronominalized words are changed in translation into English, the system must detect the referents of the pronouns. A lot of work has been done in Japanese pronoun resolution Kameyama 1986 (CITSEG) Walker et al. 1994 Takada and Doi 1994 Nakaiwa and Ikehara 1995. The main distinguishing features of our work are as follows: In conventional pronoun resolution methods, semantic markers have been used for semantic constraints. On the other hand, we use examples for semantic constraints and show in our experiments that examples are as useful as semantic markers.",Yamamura et al. 1992,CoCoGM,,False,REF,"{""CFunc"": ""CoCoGM"", ""ID"": ""R-1""}"
Teufel_original_dataset/CFC_distribution/additional/9912004.cfc-scixml,A lot of work has been done in Japanese pronoun resolution Kameyama 1986 Yamamura et al. 1992 Walker et al. 1994 Takada and Doi 1994 Nakaiwa and Ikehara 1995.,A lot of work has been done in Japanese pronoun resolution Kameyama 1986 Yamamura et al. 1992 Walker et al. 1994 Takada and Doi 1994 Nakaiwa and Ikehara 1995.,A lot of work has been done in Japanese pronoun resolution Kameyama 1986 Yamamura et al. 1992 (CITSEG) Takada and Doi 1994 Nakaiwa and Ikehara 1995.,S-4,4,DIV-1,Pronoun resolution is especially important for machine translation.,"For example, if the system cannot resolve zero pronouns, it cannot translate sentences containing them from Japanese into English.","When the word order of sentences is changed and the pronominalized words are changed in translation into English, the system must detect the referents of the pronouns.",The main distinguishing features of our work are as follows:,"In conventional pronoun resolution methods, semantic markers have been used for semantic constraints.","On the other hand, we use examples for semantic constraints and show in our experiments that examples are as useful as semantic markers.","Pronoun resolution is especially important for machine translation. For example, if the system cannot resolve zero pronouns, it cannot translate sentences containing them from Japanese into English. When the word order of sentences is changed and the pronominalized words are changed in translation into English, the system must detect the referents of the pronouns.","The main distinguishing features of our work are as follows: In conventional pronoun resolution methods, semantic markers have been used for semantic constraints. On the other hand, we use examples for semantic constraints and show in our experiments that examples are as useful as semantic markers.","Pronoun resolution is especially important for machine translation. For example, if the system cannot resolve zero pronouns, it cannot translate sentences containing them from Japanese into English. When the word order of sentences is changed and the pronominalized words are changed in translation into English, the system must detect the referents of the pronouns. A lot of work has been done in Japanese pronoun resolution Kameyama 1986 Yamamura et al. 1992 Walker et al. 1994 Takada and Doi 1994 Nakaiwa and Ikehara 1995. The main distinguishing features of our work are as follows: In conventional pronoun resolution methods, semantic markers have been used for semantic constraints. On the other hand, we use examples for semantic constraints and show in our experiments that examples are as useful as semantic markers.","Pronoun resolution is especially important for machine translation. For example, if the system cannot resolve zero pronouns, it cannot translate sentences containing them from Japanese into English. When the word order of sentences is changed and the pronominalized words are changed in translation into English, the system must detect the referents of the pronouns. A lot of work has been done in Japanese pronoun resolution Kameyama 1986 Yamamura et al. 1992 (CITSEG) Takada and Doi 1994 Nakaiwa and Ikehara 1995. The main distinguishing features of our work are as follows: In conventional pronoun resolution methods, semantic markers have been used for semantic constraints. On the other hand, we use examples for semantic constraints and show in our experiments that examples are as useful as semantic markers.",Walker et al. 1994,CoCoGM,,False,REF,"{""CFunc"": ""CoCoGM"", ""ID"": ""R-2""}"
Teufel_original_dataset/CFC_distribution/additional/9912004.cfc-scixml,A lot of work has been done in Japanese pronoun resolution Kameyama 1986 Yamamura et al. 1992 Walker et al. 1994 Takada and Doi 1994 Nakaiwa and Ikehara 1995.,A lot of work has been done in Japanese pronoun resolution Kameyama 1986 Yamamura et al. 1992 Walker et al. 1994 Takada and Doi 1994 Nakaiwa and Ikehara 1995.,A lot of work has been done in Japanese pronoun resolution Kameyama 1986 Yamamura et al. 1992 Walker et al. 1994 (CITSEG) Nakaiwa and Ikehara 1995.,S-4,4,DIV-1,Pronoun resolution is especially important for machine translation.,"For example, if the system cannot resolve zero pronouns, it cannot translate sentences containing them from Japanese into English.","When the word order of sentences is changed and the pronominalized words are changed in translation into English, the system must detect the referents of the pronouns.",The main distinguishing features of our work are as follows:,"In conventional pronoun resolution methods, semantic markers have been used for semantic constraints.","On the other hand, we use examples for semantic constraints and show in our experiments that examples are as useful as semantic markers.","Pronoun resolution is especially important for machine translation. For example, if the system cannot resolve zero pronouns, it cannot translate sentences containing them from Japanese into English. When the word order of sentences is changed and the pronominalized words are changed in translation into English, the system must detect the referents of the pronouns.","The main distinguishing features of our work are as follows: In conventional pronoun resolution methods, semantic markers have been used for semantic constraints. On the other hand, we use examples for semantic constraints and show in our experiments that examples are as useful as semantic markers.","Pronoun resolution is especially important for machine translation. For example, if the system cannot resolve zero pronouns, it cannot translate sentences containing them from Japanese into English. When the word order of sentences is changed and the pronominalized words are changed in translation into English, the system must detect the referents of the pronouns. A lot of work has been done in Japanese pronoun resolution Kameyama 1986 Yamamura et al. 1992 Walker et al. 1994 Takada and Doi 1994 Nakaiwa and Ikehara 1995. The main distinguishing features of our work are as follows: In conventional pronoun resolution methods, semantic markers have been used for semantic constraints. On the other hand, we use examples for semantic constraints and show in our experiments that examples are as useful as semantic markers.","Pronoun resolution is especially important for machine translation. For example, if the system cannot resolve zero pronouns, it cannot translate sentences containing them from Japanese into English. When the word order of sentences is changed and the pronominalized words are changed in translation into English, the system must detect the referents of the pronouns. A lot of work has been done in Japanese pronoun resolution Kameyama 1986 Yamamura et al. 1992 Walker et al. 1994 (CITSEG) Nakaiwa and Ikehara 1995. The main distinguishing features of our work are as follows: In conventional pronoun resolution methods, semantic markers have been used for semantic constraints. On the other hand, we use examples for semantic constraints and show in our experiments that examples are as useful as semantic markers.",Takada and Doi 1994,CoCoGM,,False,REF,"{""CFunc"": ""CoCoGM"", ""ID"": ""R-3""}"
Teufel_original_dataset/CFC_distribution/additional/9912004.cfc-scixml,A lot of work has been done in Japanese pronoun resolution Kameyama 1986 Yamamura et al. 1992 Walker et al. 1994 Takada and Doi 1994 Nakaiwa and Ikehara 1995.,A lot of work has been done in Japanese pronoun resolution Kameyama 1986 Yamamura et al. 1992 Walker et al. 1994 Takada and Doi 1994 Nakaiwa and Ikehara 1995.,A lot of work has been done in Japanese pronoun resolution Kameyama 1986 Yamamura et al. 1992 Walker et al. 1994 Takada and Doi 1994 (CITSEG).,S-4,4,DIV-1,Pronoun resolution is especially important for machine translation.,"For example, if the system cannot resolve zero pronouns, it cannot translate sentences containing them from Japanese into English.","When the word order of sentences is changed and the pronominalized words are changed in translation into English, the system must detect the referents of the pronouns.",The main distinguishing features of our work are as follows:,"In conventional pronoun resolution methods, semantic markers have been used for semantic constraints.","On the other hand, we use examples for semantic constraints and show in our experiments that examples are as useful as semantic markers.","Pronoun resolution is especially important for machine translation. For example, if the system cannot resolve zero pronouns, it cannot translate sentences containing them from Japanese into English. When the word order of sentences is changed and the pronominalized words are changed in translation into English, the system must detect the referents of the pronouns.","The main distinguishing features of our work are as follows: In conventional pronoun resolution methods, semantic markers have been used for semantic constraints. On the other hand, we use examples for semantic constraints and show in our experiments that examples are as useful as semantic markers.","Pronoun resolution is especially important for machine translation. For example, if the system cannot resolve zero pronouns, it cannot translate sentences containing them from Japanese into English. When the word order of sentences is changed and the pronominalized words are changed in translation into English, the system must detect the referents of the pronouns. A lot of work has been done in Japanese pronoun resolution Kameyama 1986 Yamamura et al. 1992 Walker et al. 1994 Takada and Doi 1994 Nakaiwa and Ikehara 1995. The main distinguishing features of our work are as follows: In conventional pronoun resolution methods, semantic markers have been used for semantic constraints. On the other hand, we use examples for semantic constraints and show in our experiments that examples are as useful as semantic markers.","Pronoun resolution is especially important for machine translation. For example, if the system cannot resolve zero pronouns, it cannot translate sentences containing them from Japanese into English. When the word order of sentences is changed and the pronominalized words are changed in translation into English, the system must detect the referents of the pronouns. A lot of work has been done in Japanese pronoun resolution Kameyama 1986 Yamamura et al. 1992 Walker et al. 1994 Takada and Doi 1994 (CITSEG). The main distinguishing features of our work are as follows: In conventional pronoun resolution methods, semantic markers have been used for semantic constraints. On the other hand, we use examples for semantic constraints and show in our experiments that examples are as useful as semantic markers.",Nakaiwa and Ikehara 1995,CoCoGM,,False,REF,"{""CFunc"": ""CoCoGM"", ""ID"": ""R-4""}"
Teufel_original_dataset/CFC_distribution/additional/0008022.cfc-scixml,The results are comparable to other results reported using the Inside / Outside method Ramshaw and Marcus 1995 (see Table.,The results are comparable to other results reported using the Inside / Outside method Ramshaw and Marcus 1995 (see Table.,The results are comparable to other results reported using the Inside / Outside method (CITSEG) (see Table.,S-142,142,DIV-15 > DIV-16,,,The results of each of the predictors used in the Inside / Outside method are presented in Table.,"We have observed that most of the mistaken predictions of base NPs involve predictions with respect to conjunctions, gerunds, adverbial NPs and some punctuation marks.","As reported in Argamon et al. 1998, most base NPs present in the data are less or equal than 4 words long.",This implies that our predictors tend to break up long base NPs into smaller ones.,The results of each of the predictors used in the Inside / Outside method are presented in Table.,"We have observed that most of the mistaken predictions of base NPs involve predictions with respect to conjunctions, gerunds, adverbial NPs and some punctuation marks. As reported in Argamon et al. 1998, most base NPs present in the data are less or equal than 4 words long. This implies that our predictors tend to break up long base NPs into smaller ones.","The results of each of the predictors used in the Inside / Outside method are presented in Table. The results are comparable to other results reported using the Inside / Outside method Ramshaw and Marcus 1995 (see Table. We have observed that most of the mistaken predictions of base NPs involve predictions with respect to conjunctions, gerunds, adverbial NPs and some punctuation marks. As reported in Argamon et al. 1998, most base NPs present in the data are less or equal than 4 words long. This implies that our predictors tend to break up long base NPs into smaller ones.","The results of each of the predictors used in the Inside / Outside method are presented in Table. The results are comparable to other results reported using the Inside / Outside method (CITSEG) (see Table. We have observed that most of the mistaken predictions of base NPs involve predictions with respect to conjunctions, gerunds, adverbial NPs and some punctuation marks. As reported in Argamon et al. 1998, most base NPs present in the data are less or equal than 4 words long. This implies that our predictors tend to break up long base NPs into smaller ones.",Ramshaw and Marcus 1995,CoCoR0,,False,REF,"{""CFunc"": ""CoCoR0"", ""ID"": ""R-36""}"
Teufel_original_dataset/CFC_distribution/additional/0008022.cfc-scixml,This is similar to results in the literature Ramshaw and Marcus 1995.,This is similar to results in the literature Ramshaw and Marcus 1995.,This is similar to results in the literature (CITSEG).,S-147,147,DIV-15 > DIV-16,"As reported in Argamon et al. 1998, most base NPs present in the data are less or equal than 4 words long.",This implies that our predictors tend to break up long base NPs into smaller ones.,The results also show that lexical information improves the performance by nearly 2%.,"What we found surprising is that the second predictor, that uses additional information about the OIB status of the local context, did not do much better than the first predictor, which relies only on POS and lexical information.",A control experiment has verified that this is not due to the noisy features that the first predictor supplies to the second predictor.,"Finally, the Inside / Outside method was also tested on predicting SV phrases, yielding poor results that are not shown here.","As reported in Argamon et al. 1998, most base NPs present in the data are less or equal than 4 words long. This implies that our predictors tend to break up long base NPs into smaller ones. The results also show that lexical information improves the performance by nearly 2%.","What we found surprising is that the second predictor, that uses additional information about the OIB status of the local context, did not do much better than the first predictor, which relies only on POS and lexical information. A control experiment has verified that this is not due to the noisy features that the first predictor supplies to the second predictor. Finally, the Inside / Outside method was also tested on predicting SV phrases, yielding poor results that are not shown here.","As reported in Argamon et al. 1998, most base NPs present in the data are less or equal than 4 words long. This implies that our predictors tend to break up long base NPs into smaller ones. The results also show that lexical information improves the performance by nearly 2%. This is similar to results in the literature Ramshaw and Marcus 1995. What we found surprising is that the second predictor, that uses additional information about the OIB status of the local context, did not do much better than the first predictor, which relies only on POS and lexical information. A control experiment has verified that this is not due to the noisy features that the first predictor supplies to the second predictor. Finally, the Inside / Outside method was also tested on predicting SV phrases, yielding poor results that are not shown here.","As reported in Argamon et al. 1998, most base NPs present in the data are less or equal than 4 words long. This implies that our predictors tend to break up long base NPs into smaller ones. The results also show that lexical information improves the performance by nearly 2%. This is similar to results in the literature (CITSEG). What we found surprising is that the second predictor, that uses additional information about the OIB status of the local context, did not do much better than the first predictor, which relies only on POS and lexical information. A control experiment has verified that this is not due to the noisy features that the first predictor supplies to the second predictor. Finally, the Inside / Outside method was also tested on predicting SV phrases, yielding poor results that are not shown here.",Ramshaw and Marcus 1995,CoCoR0,,False,REF,"{""CFunc"": ""CoCoR0"", ""ID"": ""R-38"", ""LinkS"": ""The results... thiis is similar""}"
Teufel_original_dataset/CFC_distribution/additional/0008026.cfc-scixml,R & S reported a ratio of.17 valid to total entries for both the vehicle and weapon categories (see table 2).,R & S reported a ratio of.17 valid to total entries for both the vehicle and weapon categories (see table 2).,(CITSEG) reported a ratio of.17 valid to total entries for both the vehicle and weapon categories (see table 2).,S-140,140,DIV-7,"Most common adjectives are dropped in our compound noun analysis, since they occur with a wide variety of heads.",We determined three ways to evaluate the output of the algorithm for usefulness.,The first is the ratio of valid entries to total entries produced.,"On the same corpus, our algorithm yielded a ratio of.329 valid to total entries for the category vehicle, and.36 for the category weapon.",This can be seen in the slope of the graphs in figure 1.,Tables 2 and 5 give the relevant data for the categories that we investigated.,"Most common adjectives are dropped in our compound noun analysis, since they occur with a wide variety of heads. We determined three ways to evaluate the output of the algorithm for usefulness. The first is the ratio of valid entries to total entries produced.","On the same corpus, our algorithm yielded a ratio of.329 valid to total entries for the category vehicle, and.36 for the category weapon. This can be seen in the slope of the graphs in figure 1. Tables 2 and 5 give the relevant data for the categories that we investigated.","Most common adjectives are dropped in our compound noun analysis, since they occur with a wide variety of heads. We determined three ways to evaluate the output of the algorithm for usefulness. The first is the ratio of valid entries to total entries produced. R & S reported a ratio of.17 valid to total entries for both the vehicle and weapon categories (see table 2). On the same corpus, our algorithm yielded a ratio of.329 valid to total entries for the category vehicle, and.36 for the category weapon. This can be seen in the slope of the graphs in figure 1. Tables 2 and 5 give the relevant data for the categories that we investigated.","Most common adjectives are dropped in our compound noun analysis, since they occur with a wide variety of heads. We determined three ways to evaluate the output of the algorithm for usefulness. The first is the ratio of valid entries to total entries produced. (CITSEG) reported a ratio of.17 valid to total entries for both the vehicle and weapon categories (see table 2). On the same corpus, our algorithm yielded a ratio of.329 valid to total entries for the category vehicle, and.36 for the category weapon. This can be seen in the slope of the graphs in figure 1. Tables 2 and 5 give the relevant data for the categories that we investigated.",R & S,CoCoR0,,False,REFAUTHOR,"{""CFunc"": ""CoCoR0"", ""ID"": ""R-21""}"
Teufel_original_dataset/CFC_distribution/additional/0008026.cfc-scixml,"As can be seen from the numbers reported in table 2, our algorithm generated from 2.4 to nearly 3 times as many valid terms for the two contrasting categories from the MUC corpus than the algorithm of R & S.","As can be seen from the numbers reported in table 2, our algorithm generated from 2.4 to nearly 3 times as many valid terms for the two contrasting categories from the MUC corpus than the algorithm of R & S.","As can be seen from the numbers reported in table 2, our algorithm generated from 2.4 to nearly 3 times as many valid terms for the two contrasting categories from the MUC corpus than the algorithm of (CITSEG).",S-146,146,DIV-7,Tables 2 and 5 give the relevant data for the categories that we investigated.,"In general, the ratio of valid to total entries fell between.2 and.4, even in the cases that the output was relatively small.",A second way to evaluate the algorithm is by the total number of valid entries produced.,Even more valid terms were generated for appropriate categories using the Wall Street Journal.,Another way to evaluate the algorithm is with the number of valid entries produced that are not in Wordnet.,Table 2 presents these numbers for the categories vehicle and weapon.,"Tables 2 and 5 give the relevant data for the categories that we investigated. In general, the ratio of valid to total entries fell between.2 and.4, even in the cases that the output was relatively small. A second way to evaluate the algorithm is by the total number of valid entries produced.",Even more valid terms were generated for appropriate categories using the Wall Street Journal. Another way to evaluate the algorithm is with the number of valid entries produced that are not in Wordnet. Table 2 presents these numbers for the categories vehicle and weapon.,"Tables 2 and 5 give the relevant data for the categories that we investigated. In general, the ratio of valid to total entries fell between.2 and.4, even in the cases that the output was relatively small. A second way to evaluate the algorithm is by the total number of valid entries produced. As can be seen from the numbers reported in table 2, our algorithm generated from 2.4 to nearly 3 times as many valid terms for the two contrasting categories from the MUC corpus than the algorithm of R & S. Even more valid terms were generated for appropriate categories using the Wall Street Journal. Another way to evaluate the algorithm is with the number of valid entries produced that are not in Wordnet. Table 2 presents these numbers for the categories vehicle and weapon.","Tables 2 and 5 give the relevant data for the categories that we investigated. In general, the ratio of valid to total entries fell between.2 and.4, even in the cases that the output was relatively small. A second way to evaluate the algorithm is by the total number of valid entries produced. As can be seen from the numbers reported in table 2, our algorithm generated from 2.4 to nearly 3 times as many valid terms for the two contrasting categories from the MUC corpus than the algorithm of (CITSEG). Even more valid terms were generated for appropriate categories using the Wall Street Journal. Another way to evaluate the algorithm is with the number of valid entries produced that are not in Wordnet. Table 2 presents these numbers for the categories vehicle and weapon.",R & S,CoCoR0,,False,REFAUTHOR,"{""CFunc"": ""CoCoR0"", ""ID"": ""R-22"", ""LinkS"": ""2.4 to nearly 3 times as many X than the algorightm of Y""}"
Teufel_original_dataset/CFC_distribution/additional/0008026.cfc-scixml,"Whereas the R & S algorithm produced just 11 terms not already present in Wordnet for the two categories combined, our algorithm produced 106, or over 3 for every 5 valid terms produced.","Whereas the R & S algorithm produced just 11 terms not already present in Wordnet for the two categories combined, our algorithm produced 106, or over 3 for every 5 valid terms produced.","Whereas the (CITSEG) algorithm produced just 11 terms not already present in Wordnet for the two categories combined, our algorithm produced 106, or over 3 for every 5 valid terms produced.",S-150,150,DIV-7,Even more valid terms were generated for appropriate categories using the Wall Street Journal.,Another way to evaluate the algorithm is with the number of valid entries produced that are not in Wordnet.,Table 2 presents these numbers for the categories vehicle and weapon.,It is for this reason that we are billing our algorithm as something that could enhance existing broad-coverage resources with domain-specific lexical information.,,,Even more valid terms were generated for appropriate categories using the Wall Street Journal. Another way to evaluate the algorithm is with the number of valid entries produced that are not in Wordnet. Table 2 presents these numbers for the categories vehicle and weapon.,It is for this reason that we are billing our algorithm as something that could enhance existing broad-coverage resources with domain-specific lexical information.,"Even more valid terms were generated for appropriate categories using the Wall Street Journal. Another way to evaluate the algorithm is with the number of valid entries produced that are not in Wordnet. Table 2 presents these numbers for the categories vehicle and weapon. Whereas the R & S algorithm produced just 11 terms not already present in Wordnet for the two categories combined, our algorithm produced 106, or over 3 for every 5 valid terms produced. It is for this reason that we are billing our algorithm as something that could enhance existing broad-coverage resources with domain-specific lexical information.","Even more valid terms were generated for appropriate categories using the Wall Street Journal. Another way to evaluate the algorithm is with the number of valid entries produced that are not in Wordnet. Table 2 presents these numbers for the categories vehicle and weapon. Whereas the (CITSEG) algorithm produced just 11 terms not already present in Wordnet for the two categories combined, our algorithm produced 106, or over 3 for every 5 valid terms produced. It is for this reason that we are billing our algorithm as something that could enhance existing broad-coverage resources with domain-specific lexical information.",R & S,CoCoR0,,False,REFAUTHOR,"{""CFunc"": ""CoCoR0"", ""ID"": ""R-23"", ""LinkS"": ""whereas X produced X, our algorithm produced 106""}"
Teufel_original_dataset/CFC_distribution/additional/0010020.cfc-scixml,One may note that the error reductions here are smaller than Palmer 1997 ' s error reductions.,One may note that the error reductions here are smaller than Palmer 1997 ' s error reductions.,One may note that the error reductions here are smaller than (CITSEG) ' s error reductions.,S-78,78,DIV-2 > DIV-4,"Here, the differences in recall and F-score between NI and either IaB or IaC (but not between IaB and IaC) are statistically significant.",The differences in precision is not.,"In these results, most of the modest F-score gain came from increasing recall.","Besides being for different tasks (word segmentation versus GRs), the reductions are also computed using a different type of baseline.","In Palmer 1997, the baseline is how well an existing system performs before the rules are run.","In this paper, the baseline is the performance of the rules learned without first using an existing system.","Here, the differences in recall and F-score between NI and either IaB or IaC (but not between IaB and IaC) are statistically significant. The differences in precision is not. In these results, most of the modest F-score gain came from increasing recall.","Besides being for different tasks (word segmentation versus GRs), the reductions are also computed using a different type of baseline. In Palmer 1997, the baseline is how well an existing system performs before the rules are run. In this paper, the baseline is the performance of the rules learned without first using an existing system.","Here, the differences in recall and F-score between NI and either IaB or IaC (but not between IaB and IaC) are statistically significant. The differences in precision is not. In these results, most of the modest F-score gain came from increasing recall. One may note that the error reductions here are smaller than Palmer 1997 ' s error reductions. Besides being for different tasks (word segmentation versus GRs), the reductions are also computed using a different type of baseline. In Palmer 1997, the baseline is how well an existing system performs before the rules are run. In this paper, the baseline is the performance of the rules learned without first using an existing system.","Here, the differences in recall and F-score between NI and either IaB or IaC (but not between IaB and IaC) are statistically significant. The differences in precision is not. In these results, most of the modest F-score gain came from increasing recall. One may note that the error reductions here are smaller than (CITSEG) ' s error reductions. Besides being for different tasks (word segmentation versus GRs), the reductions are also computed using a different type of baseline. In Palmer 1997, the baseline is how well an existing system performs before the rules are run. In this paper, the baseline is the performance of the rules learned without first using an existing system.",Palmer 1997,CoCoR0,,False,REF,"{""CFunc"": ""CoCoR0"", ""ID"": ""R-33""}"
Teufel_original_dataset/CFC_distribution/2006_paper_training/9503023.cfc-scixml,Atwell 1987 and Church 1989 have used this approach.,Atwell 1987 and Church 1989 have used this approach.,(CITSEG) and Church 1989 have used this approach.,S-64,64,DIV-3 > DIV-4,,"In the same way that tags are allocated to words, or to punctuation marks, they can represent the boundaries of syntactic constituents, such as noun phrases and verb phrases.","Boundary markers can be considered invisible tags, or hypertags, which have probabilistic relationships with adjacent tags in the same way that words do.","If embedded syntactic constituents are sought in a single pass, this can lead to computation al overload Pocock and Atwell 1994.","Our approach uses a similar concept, but differs in that embedded syntactic constituents are detected one at a time in separate steps.",There are only 2 hypertags - the opening and closing brackets marking the possible location (s) of the syntactic constituent in question.,"In the same way that tags are allocated to words, or to punctuation marks, they can represent the boundaries of syntactic constituents, such as noun phrases and verb phrases. Boundary markers can be considered invisible tags, or hypertags, which have probabilistic relationships with adjacent tags in the same way that words do.","If embedded syntactic constituents are sought in a single pass, this can lead to computation al overload Pocock and Atwell 1994. Our approach uses a similar concept, but differs in that embedded syntactic constituents are detected one at a time in separate steps. There are only 2 hypertags - the opening and closing brackets marking the possible location (s) of the syntactic constituent in question.","In the same way that tags are allocated to words, or to punctuation marks, they can represent the boundaries of syntactic constituents, such as noun phrases and verb phrases. Boundary markers can be considered invisible tags, or hypertags, which have probabilistic relationships with adjacent tags in the same way that words do. Atwell 1987 and Church 1989 have used this approach. If embedded syntactic constituents are sought in a single pass, this can lead to computation al overload Pocock and Atwell 1994. Our approach uses a similar concept, but differs in that embedded syntactic constituents are detected one at a time in separate steps. There are only 2 hypertags - the opening and closing brackets marking the possible location (s) of the syntactic constituent in question.","In the same way that tags are allocated to words, or to punctuation marks, they can represent the boundaries of syntactic constituents, such as noun phrases and verb phrases. Boundary markers can be considered invisible tags, or hypertags, which have probabilistic relationships with adjacent tags in the same way that words do. (CITSEG) and Church 1989 have used this approach. If embedded syntactic constituents are sought in a single pass, this can lead to computation al overload Pocock and Atwell 1994. Our approach uses a similar concept, but differs in that embedded syntactic constituents are detected one at a time in separate steps. There are only 2 hypertags - the opening and closing brackets marking the possible location (s) of the syntactic constituent in question.",Atwell 1987,CoCoGM,A,False,REF,"{""CFunc"": ""CoCoGM"", ""ID"": ""R-5"", ""LinkS"": ""differs in that (S-66)"", ""TYPE"": ""A""}"
Teufel_original_dataset/CFC_distribution/2006_paper_training/9503023.cfc-scixml,Atwell 1987 and Church 1989 have used this approach.,Atwell 1987 and Church 1989 have used this approach.,Atwell 1987 and (CITSEG) have used this approach.,S-64,64,DIV-3 > DIV-4,,"In the same way that tags are allocated to words, or to punctuation marks, they can represent the boundaries of syntactic constituents, such as noun phrases and verb phrases.","Boundary markers can be considered invisible tags, or hypertags, which have probabilistic relationships with adjacent tags in the same way that words do.","If embedded syntactic constituents are sought in a single pass, this can lead to computation al overload Pocock and Atwell 1994.","Our approach uses a similar concept, but differs in that embedded syntactic constituents are detected one at a time in separate steps.",There are only 2 hypertags - the opening and closing brackets marking the possible location (s) of the syntactic constituent in question.,"In the same way that tags are allocated to words, or to punctuation marks, they can represent the boundaries of syntactic constituents, such as noun phrases and verb phrases. Boundary markers can be considered invisible tags, or hypertags, which have probabilistic relationships with adjacent tags in the same way that words do.","If embedded syntactic constituents are sought in a single pass, this can lead to computation al overload Pocock and Atwell 1994. Our approach uses a similar concept, but differs in that embedded syntactic constituents are detected one at a time in separate steps. There are only 2 hypertags - the opening and closing brackets marking the possible location (s) of the syntactic constituent in question.","In the same way that tags are allocated to words, or to punctuation marks, they can represent the boundaries of syntactic constituents, such as noun phrases and verb phrases. Boundary markers can be considered invisible tags, or hypertags, which have probabilistic relationships with adjacent tags in the same way that words do. Atwell 1987 and Church 1989 have used this approach. If embedded syntactic constituents are sought in a single pass, this can lead to computation al overload Pocock and Atwell 1994. Our approach uses a similar concept, but differs in that embedded syntactic constituents are detected one at a time in separate steps. There are only 2 hypertags - the opening and closing brackets marking the possible location (s) of the syntactic constituent in question.","In the same way that tags are allocated to words, or to punctuation marks, they can represent the boundaries of syntactic constituents, such as noun phrases and verb phrases. Boundary markers can be considered invisible tags, or hypertags, which have probabilistic relationships with adjacent tags in the same way that words do. Atwell 1987 and (CITSEG) have used this approach. If embedded syntactic constituents are sought in a single pass, this can lead to computation al overload Pocock and Atwell 1994. Our approach uses a similar concept, but differs in that embedded syntactic constituents are detected one at a time in separate steps. There are only 2 hypertags - the opening and closing brackets marking the possible location (s) of the syntactic constituent in question.",Church 1989,CoCoGM,A,False,REF,"{""CFunc"": ""CoCoGM"", ""ID"": ""R-6"", ""TYPE"": ""A""}"
Teufel_original_dataset/CFC_distribution/2006_paper_training/9604022.cfc-scixml,This estimation of the rule value in fact resembles that used by Tzoukermann et al. 1995 for scoring POS - disambiguation rules for the French tagger.,This estimation of the rule value in fact resembles that used by Tzoukermann et al. 1995 for scoring POS - disambiguation rules for the French tagger.,This estimation of the rule value in fact resembles that used by (CITSEG) for scoring POS - disambiguation rules for the French tagger.,S-91,91,DIV-2 > DIV-6,This function favours the rules with higher estimates obtained over larger samples.,"Even if one rule has a high estimate but that estimate was obtained over a small sample, another rule with a lower estimate but over a large sample might be valued higher.",Note also that since itself is smoothed we will not have zeros in positive () or negative () outcome probabilities.,The main difference between the two functions is that there the z value was implicitly assumed to be 1 which corresponds to the confidence of 68 %.,A more standard approach is to adopt a rather high confidence value in the range of 90 - 95 %.,We adopted 90 % confidence for which.,"This function favours the rules with higher estimates obtained over larger samples. Even if one rule has a high estimate but that estimate was obtained over a small sample, another rule with a lower estimate but over a large sample might be valued higher. Note also that since itself is smoothed we will not have zeros in positive () or negative () outcome probabilities.",The main difference between the two functions is that there the z value was implicitly assumed to be 1 which corresponds to the confidence of 68 %. A more standard approach is to adopt a rather high confidence value in the range of 90 - 95 %. We adopted 90 % confidence for which.,"This function favours the rules with higher estimates obtained over larger samples. Even if one rule has a high estimate but that estimate was obtained over a small sample, another rule with a lower estimate but over a large sample might be valued higher. Note also that since itself is smoothed we will not have zeros in positive () or negative () outcome probabilities. This estimation of the rule value in fact resembles that used by Tzoukermann et al. 1995 for scoring POS - disambiguation rules for the French tagger. The main difference between the two functions is that there the z value was implicitly assumed to be 1 which corresponds to the confidence of 68 %. A more standard approach is to adopt a rather high confidence value in the range of 90 - 95 %. We adopted 90 % confidence for which.","This function favours the rules with higher estimates obtained over larger samples. Even if one rule has a high estimate but that estimate was obtained over a small sample, another rule with a lower estimate but over a large sample might be valued higher. Note also that since itself is smoothed we will not have zeros in positive () or negative () outcome probabilities. This estimation of the rule value in fact resembles that used by (CITSEG) for scoring POS - disambiguation rules for the French tagger. The main difference between the two functions is that there the z value was implicitly assumed to be 1 which corresponds to the confidence of 68 %. A more standard approach is to adopt a rather high confidence value in the range of 90 - 95 %. We adopted 90 % confidence for which.",Tzoukermann et al. 1995,CoCoGM,A,False,REF,"{""CFunc"": ""CoCoGM"", ""ID"": ""R-10"", ""LinkS"": "" The main difference"", ""TYPE"": ""A""}"
Teufel_original_dataset/CFC_distribution/2006_paper_training/9604022.cfc-scixml,The cascading guesser performed better than Brill 's original guesser by about 8 % boosting the performance on the unknown words from 84.5 % to 92.2 %.,The cascading guesser performed better than Brill 's original guesser by about 8 % boosting the performance on the unknown words from 84.5 % to 92.2 %.,The cascading guesser performed better than (CITSEG) 's original guesser by about 8 % boosting the performance on the unknown words from 84.5 % to 92.2 %.,S-187,187,DIV-9,"When using the Xerox tagger with its original guesser, 63 unknown words were incorrectly tagged and the accuracy on the unknown words was measured at 81.8 %.",When the Xerox tagger was equipped with our cascading guesser its accuracy on unknown words increased by almost 9 % upto 90.5 %.,The same situation was detected with Brill 's tagger which in general was slightly more accurate than the Xerox one.,The accuracy of the taggers on the set of 347 unknown words when they were made known to the lexicon was detected at 98.5 % for both taggers.,In the second experiment we tagged the same text in the same way but with the small lexicon.,"Out of 5,970 words of the text, 2,215 were unknown to the small lexicon.","When using the Xerox tagger with its original guesser, 63 unknown words were incorrectly tagged and the accuracy on the unknown words was measured at 81.8 %. When the Xerox tagger was equipped with our cascading guesser its accuracy on unknown words increased by almost 9 % upto 90.5 %. The same situation was detected with Brill 's tagger which in general was slightly more accurate than the Xerox one.","The accuracy of the taggers on the set of 347 unknown words when they were made known to the lexicon was detected at 98.5 % for both taggers. In the second experiment we tagged the same text in the same way but with the small lexicon. Out of 5,970 words of the text, 2,215 were unknown to the small lexicon.","When using the Xerox tagger with its original guesser, 63 unknown words were incorrectly tagged and the accuracy on the unknown words was measured at 81.8 %. When the Xerox tagger was equipped with our cascading guesser its accuracy on unknown words increased by almost 9 % upto 90.5 %. The same situation was detected with Brill 's tagger which in general was slightly more accurate than the Xerox one. The cascading guesser performed better than Brill 's original guesser by about 8 % boosting the performance on the unknown words from 84.5 % to 92.2 %. The accuracy of the taggers on the set of 347 unknown words when they were made known to the lexicon was detected at 98.5 % for both taggers. In the second experiment we tagged the same text in the same way but with the small lexicon. Out of 5,970 words of the text, 2,215 were unknown to the small lexicon.","When using the Xerox tagger with its original guesser, 63 unknown words were incorrectly tagged and the accuracy on the unknown words was measured at 81.8 %. When the Xerox tagger was equipped with our cascading guesser its accuracy on unknown words increased by almost 9 % upto 90.5 %. The same situation was detected with Brill 's tagger which in general was slightly more accurate than the Xerox one. The cascading guesser performed better than (CITSEG) 's original guesser by about 8 % boosting the performance on the unknown words from 84.5 % to 92.2 %. The accuracy of the taggers on the set of 347 unknown words when they were made known to the lexicon was detected at 98.5 % for both taggers. In the second experiment we tagged the same text in the same way but with the small lexicon. Out of 5,970 words of the text, 2,215 were unknown to the small lexicon.",Brill,CoCo-,,False,REFAUTHOR,"{""CFunc"": ""CoCo-"", ""ID"": ""R-16"", ""LinkS"": ""performed better than""}"
Teufel_original_dataset/CFC_distribution/2006_paper_training/9604022.cfc-scixml,The cascading guesser outperformed the guesser supplied with the Xerox tagger by about 8 - 9 % and the guesser supplied with Brill 's tagger by about 6 - 7 %.,The cascading guesser outperformed the guesser supplied with the Xerox tagger by about 8 - 9 % and the guesser supplied with Brill 's tagger by about 6 - 7 %.,The cascading guesser outperformed the guesser supplied with the Xerox tagger by about 8 - 9 % and the guesser supplied with (CITSEG) 's tagger by about 6 - 7 %.,S-207,207,DIV-10,"Using these training data three types of guessing rules are learned: prefix morphological rules, suffix morphological rules and ending-guessing rules.","To select best performing guessing rule-sets we suggested an evaluation methodology, which is solely dedicated to the performance of part-of-speech guessers.",Evaluation of tagging accuracy on unknown words using texts unseen by the guessers and the taggers at the training phase showed that tagging with the automatically induced cascading guesser was consistently more accurate than previously quoted results known to the author (85 %).,Tagging accuracy on unknown words using the cascading guesser was detected at 90 - 92 % when tagging with the full-fledged lexicon and 86 - 88 % when tagging with the closed-class and short word lexicon.,When the unknown words were made known to the lexicon the accuracy of tagging was detected at 96 - 98 % and 90 - 92 % respectively.,This makes the accuracy drop caused by the cascading guesser to be less than 6 % in general.,"Using these training data three types of guessing rules are learned: prefix morphological rules, suffix morphological rules and ending-guessing rules. To select best performing guessing rule-sets we suggested an evaluation methodology, which is solely dedicated to the performance of part-of-speech guessers. Evaluation of tagging accuracy on unknown words using texts unseen by the guessers and the taggers at the training phase showed that tagging with the automatically induced cascading guesser was consistently more accurate than previously quoted results known to the author (85 %).",Tagging accuracy on unknown words using the cascading guesser was detected at 90 - 92 % when tagging with the full-fledged lexicon and 86 - 88 % when tagging with the closed-class and short word lexicon. When the unknown words were made known to the lexicon the accuracy of tagging was detected at 96 - 98 % and 90 - 92 % respectively. This makes the accuracy drop caused by the cascading guesser to be less than 6 % in general.,"Using these training data three types of guessing rules are learned: prefix morphological rules, suffix morphological rules and ending-guessing rules. To select best performing guessing rule-sets we suggested an evaluation methodology, which is solely dedicated to the performance of part-of-speech guessers. Evaluation of tagging accuracy on unknown words using texts unseen by the guessers and the taggers at the training phase showed that tagging with the automatically induced cascading guesser was consistently more accurate than previously quoted results known to the author (85 %). The cascading guesser outperformed the guesser supplied with the Xerox tagger by about 8 - 9 % and the guesser supplied with Brill 's tagger by about 6 - 7 %. Tagging accuracy on unknown words using the cascading guesser was detected at 90 - 92 % when tagging with the full-fledged lexicon and 86 - 88 % when tagging with the closed-class and short word lexicon. When the unknown words were made known to the lexicon the accuracy of tagging was detected at 96 - 98 % and 90 - 92 % respectively. This makes the accuracy drop caused by the cascading guesser to be less than 6 % in general.","Using these training data three types of guessing rules are learned: prefix morphological rules, suffix morphological rules and ending-guessing rules. To select best performing guessing rule-sets we suggested an evaluation methodology, which is solely dedicated to the performance of part-of-speech guessers. Evaluation of tagging accuracy on unknown words using texts unseen by the guessers and the taggers at the training phase showed that tagging with the automatically induced cascading guesser was consistently more accurate than previously quoted results known to the author (85 %). The cascading guesser outperformed the guesser supplied with the Xerox tagger by about 8 - 9 % and the guesser supplied with (CITSEG) 's tagger by about 6 - 7 %. Tagging accuracy on unknown words using the cascading guesser was detected at 90 - 92 % when tagging with the full-fledged lexicon and 86 - 88 % when tagging with the closed-class and short word lexicon. When the unknown words were made known to the lexicon the accuracy of tagging was detected at 96 - 98 % and 90 - 92 % respectively. This makes the accuracy drop caused by the cascading guesser to be less than 6 % in general.",Brill,CoCo-,,False,REFAUTHOR,"{""CFunc"": ""CoCo-"", ""ID"": ""R-19"", ""LinkS"": ""outperformed""}"
Teufel_original_dataset/CFC_distribution/2006_paper_training/9706013.cfc-scixml,"Our approach was motivated by Yarowsky's word sense disambiguation algorithm Yarowsky 1992 and the notion of statistical salience, although our system uses somewhat different statistical measures and techniques.","Our approach was motivated by Yarowsky's word sense disambiguation algorithm Yarowsky 1992 and the notion of statistical salience, although our system uses somewhat different statistical measures and techniques.","Our approach was motivated by Yarowsky's word sense disambiguation algorithm (CITSEG) and the notion of statistical salience, although our system uses somewhat different statistical measures and techniques.",S-21,21,DIV-2,"Our work is based on the observation that category members are often surrounded by other category members in text, for example in conjunctions (lions and tigers and bears), lists (lions, tigers, bears...","), appositives (the stallion, a white Arabian), and nominal compounds (Arabian stallion; tuna fish).","Given a few category members, we wondered whether it would be possible to collect surrounding contexts and use statistics to identify other words that also belong to the category.",We begin with a small set of seed words for a category.,"We experimented with different numbers of seed words, but were surprised to find that only 5 seed words per category worked quite well.","As an example, the seed word lists used in our experiments are shown below.","Our work is based on the observation that category members are often surrounded by other category members in text, for example in conjunctions (lions and tigers and bears), lists (lions, tigers, bears... ), appositives (the stallion, a white Arabian), and nominal compounds (Arabian stallion; tuna fish). Given a few category members, we wondered whether it would be possible to collect surrounding contexts and use statistics to identify other words that also belong to the category.","We begin with a small set of seed words for a category. We experimented with different numbers of seed words, but were surprised to find that only 5 seed words per category worked quite well. As an example, the seed word lists used in our experiments are shown below.","Our work is based on the observation that category members are often surrounded by other category members in text, for example in conjunctions (lions and tigers and bears), lists (lions, tigers, bears... ), appositives (the stallion, a white Arabian), and nominal compounds (Arabian stallion; tuna fish). Given a few category members, we wondered whether it would be possible to collect surrounding contexts and use statistics to identify other words that also belong to the category. Our approach was motivated by Yarowsky's word sense disambiguation algorithm Yarowsky 1992 and the notion of statistical salience, although our system uses somewhat different statistical measures and techniques. We begin with a small set of seed words for a category. We experimented with different numbers of seed words, but were surprised to find that only 5 seed words per category worked quite well. As an example, the seed word lists used in our experiments are shown below.","Our work is based on the observation that category members are often surrounded by other category members in text, for example in conjunctions (lions and tigers and bears), lists (lions, tigers, bears... ), appositives (the stallion, a white Arabian), and nominal compounds (Arabian stallion; tuna fish). Given a few category members, we wondered whether it would be possible to collect surrounding contexts and use statistics to identify other words that also belong to the category. Our approach was motivated by Yarowsky's word sense disambiguation algorithm (CITSEG) and the notion of statistical salience, although our system uses somewhat different statistical measures and techniques. We begin with a small set of seed words for a category. We experimented with different numbers of seed words, but were surprised to find that only 5 seed words per category worked quite well. As an example, the seed word lists used in our experiments are shown below.",Yarowsky 1992,CoCoGM,,False,REF,"{""CFunc"": ""CoCoGM"", ""ID"": ""R-3""}"
Teufel_original_dataset/CFC_distribution/2006_paper_training/9706013.cfc-scixml,Note that our context window is much narrower than those used by other researchers Yarowsky 1992.,Note that our context window is much narrower than those used by other researchers Yarowsky 1992.,Note that our context window is much narrower than those used by other researchers (CITSEG).,S-40,40,DIV-2,"We use a very narrow context window consisting of only two words, the first noun to the word's right and the first noun to its left.","We collected only nouns under the assumption that most, if not all, true category members would be nouns.",The context windows do not cut across sentence boundaries.,We experimented with larger window sizes and found that the narrow windows more consistently included words related to the target category.,3.,"Given the context windows for a category, we compute a category score for each word, which is essentially the conditional probability that the word appears in a category context.","We use a very narrow context window consisting of only two words, the first noun to the word's right and the first noun to its left. We collected only nouns under the assumption that most, if not all, true category members would be nouns. The context windows do not cut across sentence boundaries.","We experimented with larger window sizes and found that the narrow windows more consistently included words related to the target category. 3. Given the context windows for a category, we compute a category score for each word, which is essentially the conditional probability that the word appears in a category context.","We use a very narrow context window consisting of only two words, the first noun to the word's right and the first noun to its left. We collected only nouns under the assumption that most, if not all, true category members would be nouns. The context windows do not cut across sentence boundaries. Note that our context window is much narrower than those used by other researchers Yarowsky 1992. We experimented with larger window sizes and found that the narrow windows more consistently included words related to the target category. 3. Given the context windows for a category, we compute a category score for each word, which is essentially the conditional probability that the word appears in a category context.","We use a very narrow context window consisting of only two words, the first noun to the word's right and the first noun to its left. We collected only nouns under the assumption that most, if not all, true category members would be nouns. The context windows do not cut across sentence boundaries. Note that our context window is much narrower than those used by other researchers (CITSEG). We experimented with larger window sizes and found that the narrow windows more consistently included words related to the target category. 3. Given the context windows for a category, we compute a category score for each word, which is essentially the conditional probability that the word appears in a category context.",Yarowsky 1992,CoCoGM,,False,REF,"{""CFunc"": ""CoCoGM"", ""ID"": ""R-4""}"
Teufel_original_dataset/CFC_distribution/2006_paper_training/9706013.cfc-scixml,"Some systems learn the meanings of unknown words using expectations derived from other word definitions in the surrounding context (e.g., Granger 1977, Carbonell 1979, Jacobs and Zernik 1988, Hastings and Lytinen 1994).","Some systems learn the meanings of unknown words using expectations derived from other word definitions in the surrounding context (e.g., Granger 1977, Carbonell 1979, Jacobs and Zernik 1988, Hastings and Lytinen 1994).","Some systems learn the meanings of unknown words using expectations derived from other word definitions in the surrounding context (e.g., (CITSEG), Carbonell 1979, Jacobs and Zernik 1988, Hastings and Lytinen 1994).",S-168,168,DIV-5,"Building semantic lexicons will always be a subjective process, and the quality of a semantic lexicon is highly dependent on the task for which it will be used.",But there is no question that semantic knowledge is essential for many problems in natural language processing.,"Most of the time semantic knowledge is defined manually for the target application, but several techniques have been developed for generating semantic knowledge automatically.","Other approaches use example or case-based methods to match unknown word contexts against previously seen word contexts (e.g., Berwick 1989, Cardie 1993).","Our task orientation is a bit different because we are trying to construct a semantic lexicon for a target category, instead of classifying unknown or polysemous words in context.","To our knowledge, our system is the first one aimed at building semantic lexicons from raw text without using any additional semantic knowledge.","Building semantic lexicons will always be a subjective process, and the quality of a semantic lexicon is highly dependent on the task for which it will be used. But there is no question that semantic knowledge is essential for many problems in natural language processing. Most of the time semantic knowledge is defined manually for the target application, but several techniques have been developed for generating semantic knowledge automatically.","Other approaches use example or case-based methods to match unknown word contexts against previously seen word contexts (e.g., Berwick 1989, Cardie 1993). Our task orientation is a bit different because we are trying to construct a semantic lexicon for a target category, instead of classifying unknown or polysemous words in context. To our knowledge, our system is the first one aimed at building semantic lexicons from raw text without using any additional semantic knowledge.","Building semantic lexicons will always be a subjective process, and the quality of a semantic lexicon is highly dependent on the task for which it will be used. But there is no question that semantic knowledge is essential for many problems in natural language processing. Most of the time semantic knowledge is defined manually for the target application, but several techniques have been developed for generating semantic knowledge automatically. Some systems learn the meanings of unknown words using expectations derived from other word definitions in the surrounding context (e.g., Granger 1977, Carbonell 1979, Jacobs and Zernik 1988, Hastings and Lytinen 1994). Other approaches use example or case-based methods to match unknown word contexts against previously seen word contexts (e.g., Berwick 1989, Cardie 1993). Our task orientation is a bit different because we are trying to construct a semantic lexicon for a target category, instead of classifying unknown or polysemous words in context. To our knowledge, our system is the first one aimed at building semantic lexicons from raw text without using any additional semantic knowledge.","Building semantic lexicons will always be a subjective process, and the quality of a semantic lexicon is highly dependent on the task for which it will be used. But there is no question that semantic knowledge is essential for many problems in natural language processing. Most of the time semantic knowledge is defined manually for the target application, but several techniques have been developed for generating semantic knowledge automatically. Some systems learn the meanings of unknown words using expectations derived from other word definitions in the surrounding context (e.g., (CITSEG), Carbonell 1979, Jacobs and Zernik 1988, Hastings and Lytinen 1994). Other approaches use example or case-based methods to match unknown word contexts against previously seen word contexts (e.g., Berwick 1989, Cardie 1993). Our task orientation is a bit different because we are trying to construct a semantic lexicon for a target category, instead of classifying unknown or polysemous words in context. To our knowledge, our system is the first one aimed at building semantic lexicons from raw text without using any additional semantic knowledge.",Granger 1977,CoCoGM,,False,REF,"{""CFunc"": ""CoCoGM"", ""ID"": ""R-7""}"
Teufel_original_dataset/CFC_distribution/2006_paper_training/9706013.cfc-scixml,"Some systems learn the meanings of unknown words using expectations derived from other word definitions in the surrounding context (e.g., Granger 1977, Carbonell 1979, Jacobs and Zernik 1988, Hastings and Lytinen 1994).","Some systems learn the meanings of unknown words using expectations derived from other word definitions in the surrounding context (e.g., Granger 1977, Carbonell 1979, Jacobs and Zernik 1988, Hastings and Lytinen 1994).","Some systems learn the meanings of unknown words using expectations derived from other word definitions in the surrounding context (e.g., Granger 1977, (CITSEG), Jacobs and Zernik 1988, Hastings and Lytinen 1994).",S-168,168,DIV-5,"Building semantic lexicons will always be a subjective process, and the quality of a semantic lexicon is highly dependent on the task for which it will be used.",But there is no question that semantic knowledge is essential for many problems in natural language processing.,"Most of the time semantic knowledge is defined manually for the target application, but several techniques have been developed for generating semantic knowledge automatically.","Other approaches use example or case-based methods to match unknown word contexts against previously seen word contexts (e.g., Berwick 1989, Cardie 1993).","Our task orientation is a bit different because we are trying to construct a semantic lexicon for a target category, instead of classifying unknown or polysemous words in context.","To our knowledge, our system is the first one aimed at building semantic lexicons from raw text without using any additional semantic knowledge.","Building semantic lexicons will always be a subjective process, and the quality of a semantic lexicon is highly dependent on the task for which it will be used. But there is no question that semantic knowledge is essential for many problems in natural language processing. Most of the time semantic knowledge is defined manually for the target application, but several techniques have been developed for generating semantic knowledge automatically.","Other approaches use example or case-based methods to match unknown word contexts against previously seen word contexts (e.g., Berwick 1989, Cardie 1993). Our task orientation is a bit different because we are trying to construct a semantic lexicon for a target category, instead of classifying unknown or polysemous words in context. To our knowledge, our system is the first one aimed at building semantic lexicons from raw text without using any additional semantic knowledge.","Building semantic lexicons will always be a subjective process, and the quality of a semantic lexicon is highly dependent on the task for which it will be used. But there is no question that semantic knowledge is essential for many problems in natural language processing. Most of the time semantic knowledge is defined manually for the target application, but several techniques have been developed for generating semantic knowledge automatically. Some systems learn the meanings of unknown words using expectations derived from other word definitions in the surrounding context (e.g., Granger 1977, Carbonell 1979, Jacobs and Zernik 1988, Hastings and Lytinen 1994). Other approaches use example or case-based methods to match unknown word contexts against previously seen word contexts (e.g., Berwick 1989, Cardie 1993). Our task orientation is a bit different because we are trying to construct a semantic lexicon for a target category, instead of classifying unknown or polysemous words in context. To our knowledge, our system is the first one aimed at building semantic lexicons from raw text without using any additional semantic knowledge.","Building semantic lexicons will always be a subjective process, and the quality of a semantic lexicon is highly dependent on the task for which it will be used. But there is no question that semantic knowledge is essential for many problems in natural language processing. Most of the time semantic knowledge is defined manually for the target application, but several techniques have been developed for generating semantic knowledge automatically. Some systems learn the meanings of unknown words using expectations derived from other word definitions in the surrounding context (e.g., Granger 1977, (CITSEG), Jacobs and Zernik 1988, Hastings and Lytinen 1994). Other approaches use example or case-based methods to match unknown word contexts against previously seen word contexts (e.g., Berwick 1989, Cardie 1993). Our task orientation is a bit different because we are trying to construct a semantic lexicon for a target category, instead of classifying unknown or polysemous words in context. To our knowledge, our system is the first one aimed at building semantic lexicons from raw text without using any additional semantic knowledge.",Carbonell 1979,CoCoGM,,False,REF,"{""CFunc"": ""CoCoGM"", ""ID"": ""R-8""}"
Teufel_original_dataset/CFC_distribution/2006_paper_training/9706013.cfc-scixml,"Some systems learn the meanings of unknown words using expectations derived from other word definitions in the surrounding context (e.g., Granger 1977, Carbonell 1979, Jacobs and Zernik 1988, Hastings and Lytinen 1994).","Some systems learn the meanings of unknown words using expectations derived from other word definitions in the surrounding context (e.g., Granger 1977, Carbonell 1979, Jacobs and Zernik 1988, Hastings and Lytinen 1994).","Some systems learn the meanings of unknown words using expectations derived from other word definitions in the surrounding context (e.g., Granger 1977, Carbonell 1979, (CITSEG), Hastings and Lytinen 1994).",S-168,168,DIV-5,"Building semantic lexicons will always be a subjective process, and the quality of a semantic lexicon is highly dependent on the task for which it will be used.",But there is no question that semantic knowledge is essential for many problems in natural language processing.,"Most of the time semantic knowledge is defined manually for the target application, but several techniques have been developed for generating semantic knowledge automatically.","Other approaches use example or case-based methods to match unknown word contexts against previously seen word contexts (e.g., Berwick 1989, Cardie 1993).","Our task orientation is a bit different because we are trying to construct a semantic lexicon for a target category, instead of classifying unknown or polysemous words in context.","To our knowledge, our system is the first one aimed at building semantic lexicons from raw text without using any additional semantic knowledge.","Building semantic lexicons will always be a subjective process, and the quality of a semantic lexicon is highly dependent on the task for which it will be used. But there is no question that semantic knowledge is essential for many problems in natural language processing. Most of the time semantic knowledge is defined manually for the target application, but several techniques have been developed for generating semantic knowledge automatically.","Other approaches use example or case-based methods to match unknown word contexts against previously seen word contexts (e.g., Berwick 1989, Cardie 1993). Our task orientation is a bit different because we are trying to construct a semantic lexicon for a target category, instead of classifying unknown or polysemous words in context. To our knowledge, our system is the first one aimed at building semantic lexicons from raw text without using any additional semantic knowledge.","Building semantic lexicons will always be a subjective process, and the quality of a semantic lexicon is highly dependent on the task for which it will be used. But there is no question that semantic knowledge is essential for many problems in natural language processing. Most of the time semantic knowledge is defined manually for the target application, but several techniques have been developed for generating semantic knowledge automatically. Some systems learn the meanings of unknown words using expectations derived from other word definitions in the surrounding context (e.g., Granger 1977, Carbonell 1979, Jacobs and Zernik 1988, Hastings and Lytinen 1994). Other approaches use example or case-based methods to match unknown word contexts against previously seen word contexts (e.g., Berwick 1989, Cardie 1993). Our task orientation is a bit different because we are trying to construct a semantic lexicon for a target category, instead of classifying unknown or polysemous words in context. To our knowledge, our system is the first one aimed at building semantic lexicons from raw text without using any additional semantic knowledge.","Building semantic lexicons will always be a subjective process, and the quality of a semantic lexicon is highly dependent on the task for which it will be used. But there is no question that semantic knowledge is essential for many problems in natural language processing. Most of the time semantic knowledge is defined manually for the target application, but several techniques have been developed for generating semantic knowledge automatically. Some systems learn the meanings of unknown words using expectations derived from other word definitions in the surrounding context (e.g., Granger 1977, Carbonell 1979, (CITSEG), Hastings and Lytinen 1994). Other approaches use example or case-based methods to match unknown word contexts against previously seen word contexts (e.g., Berwick 1989, Cardie 1993). Our task orientation is a bit different because we are trying to construct a semantic lexicon for a target category, instead of classifying unknown or polysemous words in context. To our knowledge, our system is the first one aimed at building semantic lexicons from raw text without using any additional semantic knowledge.",Jacobs and Zernik 1988,CoCoGM,,False,REF,"{""CFunc"": ""CoCoGM"", ""ID"": ""R-9""}"
Teufel_original_dataset/CFC_distribution/2006_paper_training/9706013.cfc-scixml,"Some systems learn the meanings of unknown words using expectations derived from other word definitions in the surrounding context (e.g., Granger 1977, Carbonell 1979, Jacobs and Zernik 1988, Hastings and Lytinen 1994).","Some systems learn the meanings of unknown words using expectations derived from other word definitions in the surrounding context (e.g., Granger 1977, Carbonell 1979, Jacobs and Zernik 1988, Hastings and Lytinen 1994).","Some systems learn the meanings of unknown words using expectations derived from other word definitions in the surrounding context (e.g., Granger 1977, Carbonell 1979, Jacobs and Zernik 1988, (CITSEG)).",S-168,168,DIV-5,"Building semantic lexicons will always be a subjective process, and the quality of a semantic lexicon is highly dependent on the task for which it will be used.",But there is no question that semantic knowledge is essential for many problems in natural language processing.,"Most of the time semantic knowledge is defined manually for the target application, but several techniques have been developed for generating semantic knowledge automatically.","Other approaches use example or case-based methods to match unknown word contexts against previously seen word contexts (e.g., Berwick 1989, Cardie 1993).","Our task orientation is a bit different because we are trying to construct a semantic lexicon for a target category, instead of classifying unknown or polysemous words in context.","To our knowledge, our system is the first one aimed at building semantic lexicons from raw text without using any additional semantic knowledge.","Building semantic lexicons will always be a subjective process, and the quality of a semantic lexicon is highly dependent on the task for which it will be used. But there is no question that semantic knowledge is essential for many problems in natural language processing. Most of the time semantic knowledge is defined manually for the target application, but several techniques have been developed for generating semantic knowledge automatically.","Other approaches use example or case-based methods to match unknown word contexts against previously seen word contexts (e.g., Berwick 1989, Cardie 1993). Our task orientation is a bit different because we are trying to construct a semantic lexicon for a target category, instead of classifying unknown or polysemous words in context. To our knowledge, our system is the first one aimed at building semantic lexicons from raw text without using any additional semantic knowledge.","Building semantic lexicons will always be a subjective process, and the quality of a semantic lexicon is highly dependent on the task for which it will be used. But there is no question that semantic knowledge is essential for many problems in natural language processing. Most of the time semantic knowledge is defined manually for the target application, but several techniques have been developed for generating semantic knowledge automatically. Some systems learn the meanings of unknown words using expectations derived from other word definitions in the surrounding context (e.g., Granger 1977, Carbonell 1979, Jacobs and Zernik 1988, Hastings and Lytinen 1994). Other approaches use example or case-based methods to match unknown word contexts against previously seen word contexts (e.g., Berwick 1989, Cardie 1993). Our task orientation is a bit different because we are trying to construct a semantic lexicon for a target category, instead of classifying unknown or polysemous words in context. To our knowledge, our system is the first one aimed at building semantic lexicons from raw text without using any additional semantic knowledge.","Building semantic lexicons will always be a subjective process, and the quality of a semantic lexicon is highly dependent on the task for which it will be used. But there is no question that semantic knowledge is essential for many problems in natural language processing. Most of the time semantic knowledge is defined manually for the target application, but several techniques have been developed for generating semantic knowledge automatically. Some systems learn the meanings of unknown words using expectations derived from other word definitions in the surrounding context (e.g., Granger 1977, Carbonell 1979, Jacobs and Zernik 1988, (CITSEG)). Other approaches use example or case-based methods to match unknown word contexts against previously seen word contexts (e.g., Berwick 1989, Cardie 1993). Our task orientation is a bit different because we are trying to construct a semantic lexicon for a target category, instead of classifying unknown or polysemous words in context. To our knowledge, our system is the first one aimed at building semantic lexicons from raw text without using any additional semantic knowledge.",Hastings and Lytinen 1994,CoCoGM,,False,REF,"{""CFunc"": ""CoCoGM"", ""ID"": ""R-10""}"
Teufel_original_dataset/CFC_distribution/2006_paper_training/9706013.cfc-scixml,"Other approaches use example or case-based methods to match unknown word contexts against previously seen word contexts (e.g., Berwick 1989, Cardie 1993).","Other approaches use example or case-based methods to match unknown word contexts against previously seen word contexts (e.g., Berwick 1989, Cardie 1993).","Other approaches use example or case-based methods to match unknown word contexts against previously seen word contexts (e.g., (CITSEG), Cardie 1993).",S-169,169,DIV-5,But there is no question that semantic knowledge is essential for many problems in natural language processing.,"Most of the time semantic knowledge is defined manually for the target application, but several techniques have been developed for generating semantic knowledge automatically.","Some systems learn the meanings of unknown words using expectations derived from other word definitions in the surrounding context (e.g., Granger 1977, Carbonell 1979, Jacobs and Zernik 1988, Hastings and Lytinen 1994).","Our task orientation is a bit different because we are trying to construct a semantic lexicon for a target category, instead of classifying unknown or polysemous words in context.","To our knowledge, our system is the first one aimed at building semantic lexicons from raw text without using any additional semantic knowledge.",The only lexical knowledge used by our parser is a part-of-speech dictionary for syntactic processing.,"But there is no question that semantic knowledge is essential for many problems in natural language processing. Most of the time semantic knowledge is defined manually for the target application, but several techniques have been developed for generating semantic knowledge automatically. Some systems learn the meanings of unknown words using expectations derived from other word definitions in the surrounding context (e.g., Granger 1977, Carbonell 1979, Jacobs and Zernik 1988, Hastings and Lytinen 1994).","Our task orientation is a bit different because we are trying to construct a semantic lexicon for a target category, instead of classifying unknown or polysemous words in context. To our knowledge, our system is the first one aimed at building semantic lexicons from raw text without using any additional semantic knowledge. The only lexical knowledge used by our parser is a part-of-speech dictionary for syntactic processing.","But there is no question that semantic knowledge is essential for many problems in natural language processing. Most of the time semantic knowledge is defined manually for the target application, but several techniques have been developed for generating semantic knowledge automatically. Some systems learn the meanings of unknown words using expectations derived from other word definitions in the surrounding context (e.g., Granger 1977, Carbonell 1979, Jacobs and Zernik 1988, Hastings and Lytinen 1994). Other approaches use example or case-based methods to match unknown word contexts against previously seen word contexts (e.g., Berwick 1989, Cardie 1993). Our task orientation is a bit different because we are trying to construct a semantic lexicon for a target category, instead of classifying unknown or polysemous words in context. To our knowledge, our system is the first one aimed at building semantic lexicons from raw text without using any additional semantic knowledge. The only lexical knowledge used by our parser is a part-of-speech dictionary for syntactic processing.","But there is no question that semantic knowledge is essential for many problems in natural language processing. Most of the time semantic knowledge is defined manually for the target application, but several techniques have been developed for generating semantic knowledge automatically. Some systems learn the meanings of unknown words using expectations derived from other word definitions in the surrounding context (e.g., Granger 1977, Carbonell 1979, Jacobs and Zernik 1988, Hastings and Lytinen 1994). Other approaches use example or case-based methods to match unknown word contexts against previously seen word contexts (e.g., (CITSEG), Cardie 1993). Our task orientation is a bit different because we are trying to construct a semantic lexicon for a target category, instead of classifying unknown or polysemous words in context. To our knowledge, our system is the first one aimed at building semantic lexicons from raw text without using any additional semantic knowledge. The only lexical knowledge used by our parser is a part-of-speech dictionary for syntactic processing.",Berwick 1989,CoCoGM,,False,REF,"{""CFunc"": ""CoCoGM"", ""ID"": ""R-11""}"
Teufel_original_dataset/CFC_distribution/2006_paper_training/9706013.cfc-scixml,"Other approaches use example or case-based methods to match unknown word contexts against previously seen word contexts (e.g., Berwick 1989, Cardie 1993).","Other approaches use example or case-based methods to match unknown word contexts against previously seen word contexts (e.g., Berwick 1989, Cardie 1993).","Other approaches use example or case-based methods to match unknown word contexts against previously seen word contexts (e.g., Berwick 1989, (CITSEG)).",S-169,169,DIV-5,But there is no question that semantic knowledge is essential for many problems in natural language processing.,"Most of the time semantic knowledge is defined manually for the target application, but several techniques have been developed for generating semantic knowledge automatically.","Some systems learn the meanings of unknown words using expectations derived from other word definitions in the surrounding context (e.g., Granger 1977, Carbonell 1979, Jacobs and Zernik 1988, Hastings and Lytinen 1994).","Our task orientation is a bit different because we are trying to construct a semantic lexicon for a target category, instead of classifying unknown or polysemous words in context.","To our knowledge, our system is the first one aimed at building semantic lexicons from raw text without using any additional semantic knowledge.",The only lexical knowledge used by our parser is a part-of-speech dictionary for syntactic processing.,"But there is no question that semantic knowledge is essential for many problems in natural language processing. Most of the time semantic knowledge is defined manually for the target application, but several techniques have been developed for generating semantic knowledge automatically. Some systems learn the meanings of unknown words using expectations derived from other word definitions in the surrounding context (e.g., Granger 1977, Carbonell 1979, Jacobs and Zernik 1988, Hastings and Lytinen 1994).","Our task orientation is a bit different because we are trying to construct a semantic lexicon for a target category, instead of classifying unknown or polysemous words in context. To our knowledge, our system is the first one aimed at building semantic lexicons from raw text without using any additional semantic knowledge. The only lexical knowledge used by our parser is a part-of-speech dictionary for syntactic processing.","But there is no question that semantic knowledge is essential for many problems in natural language processing. Most of the time semantic knowledge is defined manually for the target application, but several techniques have been developed for generating semantic knowledge automatically. Some systems learn the meanings of unknown words using expectations derived from other word definitions in the surrounding context (e.g., Granger 1977, Carbonell 1979, Jacobs and Zernik 1988, Hastings and Lytinen 1994). Other approaches use example or case-based methods to match unknown word contexts against previously seen word contexts (e.g., Berwick 1989, Cardie 1993). Our task orientation is a bit different because we are trying to construct a semantic lexicon for a target category, instead of classifying unknown or polysemous words in context. To our knowledge, our system is the first one aimed at building semantic lexicons from raw text without using any additional semantic knowledge. The only lexical knowledge used by our parser is a part-of-speech dictionary for syntactic processing.","But there is no question that semantic knowledge is essential for many problems in natural language processing. Most of the time semantic knowledge is defined manually for the target application, but several techniques have been developed for generating semantic knowledge automatically. Some systems learn the meanings of unknown words using expectations derived from other word definitions in the surrounding context (e.g., Granger 1977, Carbonell 1979, Jacobs and Zernik 1988, Hastings and Lytinen 1994). Other approaches use example or case-based methods to match unknown word contexts against previously seen word contexts (e.g., Berwick 1989, (CITSEG)). Our task orientation is a bit different because we are trying to construct a semantic lexicon for a target category, instead of classifying unknown or polysemous words in context. To our knowledge, our system is the first one aimed at building semantic lexicons from raw text without using any additional semantic knowledge. The only lexical knowledge used by our parser is a part-of-speech dictionary for syntactic processing.",Cardie 1993,CoCoGM,,False,REF,"{""CFunc"": ""CoCoGM"", ""ID"": ""R-12""}"
Teufel_original_dataset/CFC_distribution/2006_paper_training/9506004.cfc-scixml,"Also, whereas Park 1992 requires careful consideration of handling of determiners with coordination, here such sentences are handled just like any others.","Also, whereas Park 1992 requires careful consideration of handling of determiners with coordination, here such sentences are handled just like any others.","Also, whereas (CITSEG) requires careful consideration of handling of determiners with coordination, here such sentences are handled just like any others.",S-118,118,DIV-4,"For example, the following query",corresponds to rule.,"Note also that the use of the same bound variable names obj and sub causes no difficulty since the use of scoped-constants, meta-level - reduction, and higher-order unification is used to access and manipulate the inner terms.","For example, the sentence `` Mary gave every dog a bone and some policeman a flower '' results in the LF:","Thus, `` generalized coordination '', instead of being a family of separate rules, can be expressed as a single rule on recursive descent through logical forms.","Steedman 1990 also discusses `` generalized composition '', and it may well be that a similar implementation is possible for that family of rules as well.","For example, the following query corresponds to rule. Note also that the use of the same bound variable names obj and sub causes no difficulty since the use of scoped-constants, meta-level - reduction, and higher-order unification is used to access and manipulate the inner terms.","For example, the sentence `` Mary gave every dog a bone and some policeman a flower '' results in the LF: Thus, `` generalized coordination '', instead of being a family of separate rules, can be expressed as a single rule on recursive descent through logical forms. Steedman 1990 also discusses `` generalized composition '', and it may well be that a similar implementation is possible for that family of rules as well.","For example, the following query corresponds to rule. Note also that the use of the same bound variable names obj and sub causes no difficulty since the use of scoped-constants, meta-level - reduction, and higher-order unification is used to access and manipulate the inner terms. Also, whereas Park 1992 requires careful consideration of handling of determiners with coordination, here such sentences are handled just like any others. For example, the sentence `` Mary gave every dog a bone and some policeman a flower '' results in the LF: Thus, `` generalized coordination '', instead of being a family of separate rules, can be expressed as a single rule on recursive descent through logical forms. Steedman 1990 also discusses `` generalized composition '', and it may well be that a similar implementation is possible for that family of rules as well.","For example, the following query corresponds to rule. Note also that the use of the same bound variable names obj and sub causes no difficulty since the use of scoped-constants, meta-level - reduction, and higher-order unification is used to access and manipulate the inner terms. Also, whereas (CITSEG) requires careful consideration of handling of determiners with coordination, here such sentences are handled just like any others. For example, the sentence `` Mary gave every dog a bone and some policeman a flower '' results in the LF: Thus, `` generalized coordination '', instead of being a family of separate rules, can be expressed as a single rule on recursive descent through logical forms. Steedman 1990 also discusses `` generalized composition '', and it may well be that a similar implementation is possible for that family of rules as well.",Park 1992,CoCoGM,A,False,REF,"{""CFunc"": ""CoCoGM"", ""ID"": ""R-13"", ""LinkS"": ""whereas"", ""TYPE"": ""A""}"
Teufel_original_dataset/CFC_distribution/2006_paper_training/9502018.cfc-scixml,"This approach improves upon earlier work on discourse structure such as Lascarides and Asher 1991 and Kehler 1994a in reducing the number of possible ambiguities; it is also more precise than the Kamp / Hinrichs / Partee approach in that it takes into account ways in which the apparent defaults can be overridden and differentiates between events and activities, which behave differently in narrative progression.","This approach improves upon earlier work on discourse structure such as Lascarides and Asher 1991 and Kehler 1994a in reducing the number of possible ambiguities; it is also more precise than the Kamp / Hinrichs / Partee approach in that it takes into account ways in which the apparent defaults can be overridden and differentiates between events and activities, which behave differently in narrative progression.","This approach improves upon earlier work on discourse structure such as (CITSEG) and Kehler 1994a in reducing the number of possible ambiguities; it is also more precise than the Kamp / Hinrichs / Partee approach in that it takes into account ways in which the apparent defaults can be overridden and differentiates between events and activities, which behave differently in narrative progression.",S-83,83,DIV-3,"TENSE: past, pres, fut","ASPECT: simple, perf, prog, perf_prog.","To allow the above-mentioned types of information to mutually constrain each other, we employ a hierarchy of rhetorical and temporal relations (illustrated in Figure), using the ALE system in such a way that clues such as tense and cue words work together to reduce the number of possible temporal structures.","Tense, aspect, rhetorical relations and temporal expressions affect the value of the RHET_RELN type that expresses the relationship between two DCUs: cue words are lexically marked according to what rhetorical relation they specify, and this relation is passed on to the DCU.",Explicit relation markers such as cue words and temporal relations must be consistent and take priority over indicators such as tense and aspect.,"For example, sentence will be ruled out because the cue phrase as a result conflicts with the temporal expression ten minutes earlier:","TENSE: past, pres, fut ASPECT: simple, perf, prog, perf_prog. To allow the above-mentioned types of information to mutually constrain each other, we employ a hierarchy of rhetorical and temporal relations (illustrated in Figure), using the ALE system in such a way that clues such as tense and cue words work together to reduce the number of possible temporal structures.","Tense, aspect, rhetorical relations and temporal expressions affect the value of the RHET_RELN type that expresses the relationship between two DCUs: cue words are lexically marked according to what rhetorical relation they specify, and this relation is passed on to the DCU. Explicit relation markers such as cue words and temporal relations must be consistent and take priority over indicators such as tense and aspect. For example, sentence will be ruled out because the cue phrase as a result conflicts with the temporal expression ten minutes earlier:","TENSE: past, pres, fut ASPECT: simple, perf, prog, perf_prog. To allow the above-mentioned types of information to mutually constrain each other, we employ a hierarchy of rhetorical and temporal relations (illustrated in Figure), using the ALE system in such a way that clues such as tense and cue words work together to reduce the number of possible temporal structures. This approach improves upon earlier work on discourse structure such as Lascarides and Asher 1991 and Kehler 1994a in reducing the number of possible ambiguities; it is also more precise than the Kamp / Hinrichs / Partee approach in that it takes into account ways in which the apparent defaults can be overridden and differentiates between events and activities, which behave differently in narrative progression. Tense, aspect, rhetorical relations and temporal expressions affect the value of the RHET_RELN type that expresses the relationship between two DCUs: cue words are lexically marked according to what rhetorical relation they specify, and this relation is passed on to the DCU. Explicit relation markers such as cue words and temporal relations must be consistent and take priority over indicators such as tense and aspect. For example, sentence will be ruled out because the cue phrase as a result conflicts with the temporal expression ten minutes earlier:","TENSE: past, pres, fut ASPECT: simple, perf, prog, perf_prog. To allow the above-mentioned types of information to mutually constrain each other, we employ a hierarchy of rhetorical and temporal relations (illustrated in Figure), using the ALE system in such a way that clues such as tense and cue words work together to reduce the number of possible temporal structures. This approach improves upon earlier work on discourse structure such as (CITSEG) and Kehler 1994a in reducing the number of possible ambiguities; it is also more precise than the Kamp / Hinrichs / Partee approach in that it takes into account ways in which the apparent defaults can be overridden and differentiates between events and activities, which behave differently in narrative progression. Tense, aspect, rhetorical relations and temporal expressions affect the value of the RHET_RELN type that expresses the relationship between two DCUs: cue words are lexically marked according to what rhetorical relation they specify, and this relation is passed on to the DCU. Explicit relation markers such as cue words and temporal relations must be consistent and take priority over indicators such as tense and aspect. For example, sentence will be ruled out because the cue phrase as a result conflicts with the temporal expression ten minutes earlier:",Lascarides and Asher 1991,CoCo-,A,False,REF,"{""CFunc"": ""CoCo-"", ""ID"": ""R-28"", ""LinkS"": ""improves upon"", ""TYPE"": ""A""}"
Teufel_original_dataset/CFC_distribution/2006_paper_training/9502018.cfc-scixml,"This approach improves upon earlier work on discourse structure such as Lascarides and Asher 1991 and Kehler 1994a in reducing the number of possible ambiguities; it is also more precise than the Kamp / Hinrichs / Partee approach in that it takes into account ways in which the apparent defaults can be overridden and differentiates between events and activities, which behave differently in narrative progression.","This approach improves upon earlier work on discourse structure such as Lascarides and Asher 1991 and Kehler 1994a in reducing the number of possible ambiguities; it is also more precise than the Kamp / Hinrichs / Partee approach in that it takes into account ways in which the apparent defaults can be overridden and differentiates between events and activities, which behave differently in narrative progression.","This approach improves upon earlier work on discourse structure such as Lascarides and Asher 1991 and (CITSEG) in reducing the number of possible ambiguities; it is also more precise than the Kamp / Hinrichs / Partee approach in that it takes into account ways in which the apparent defaults can be overridden and differentiates between events and activities, which behave differently in narrative progression.",S-83,83,DIV-3,"TENSE: past, pres, fut","ASPECT: simple, perf, prog, perf_prog.","To allow the above-mentioned types of information to mutually constrain each other, we employ a hierarchy of rhetorical and temporal relations (illustrated in Figure), using the ALE system in such a way that clues such as tense and cue words work together to reduce the number of possible temporal structures.","Tense, aspect, rhetorical relations and temporal expressions affect the value of the RHET_RELN type that expresses the relationship between two DCUs: cue words are lexically marked according to what rhetorical relation they specify, and this relation is passed on to the DCU.",Explicit relation markers such as cue words and temporal relations must be consistent and take priority over indicators such as tense and aspect.,"For example, sentence will be ruled out because the cue phrase as a result conflicts with the temporal expression ten minutes earlier:","TENSE: past, pres, fut ASPECT: simple, perf, prog, perf_prog. To allow the above-mentioned types of information to mutually constrain each other, we employ a hierarchy of rhetorical and temporal relations (illustrated in Figure), using the ALE system in such a way that clues such as tense and cue words work together to reduce the number of possible temporal structures.","Tense, aspect, rhetorical relations and temporal expressions affect the value of the RHET_RELN type that expresses the relationship between two DCUs: cue words are lexically marked according to what rhetorical relation they specify, and this relation is passed on to the DCU. Explicit relation markers such as cue words and temporal relations must be consistent and take priority over indicators such as tense and aspect. For example, sentence will be ruled out because the cue phrase as a result conflicts with the temporal expression ten minutes earlier:","TENSE: past, pres, fut ASPECT: simple, perf, prog, perf_prog. To allow the above-mentioned types of information to mutually constrain each other, we employ a hierarchy of rhetorical and temporal relations (illustrated in Figure), using the ALE system in such a way that clues such as tense and cue words work together to reduce the number of possible temporal structures. This approach improves upon earlier work on discourse structure such as Lascarides and Asher 1991 and Kehler 1994a in reducing the number of possible ambiguities; it is also more precise than the Kamp / Hinrichs / Partee approach in that it takes into account ways in which the apparent defaults can be overridden and differentiates between events and activities, which behave differently in narrative progression. Tense, aspect, rhetorical relations and temporal expressions affect the value of the RHET_RELN type that expresses the relationship between two DCUs: cue words are lexically marked according to what rhetorical relation they specify, and this relation is passed on to the DCU. Explicit relation markers such as cue words and temporal relations must be consistent and take priority over indicators such as tense and aspect. For example, sentence will be ruled out because the cue phrase as a result conflicts with the temporal expression ten minutes earlier:","TENSE: past, pres, fut ASPECT: simple, perf, prog, perf_prog. To allow the above-mentioned types of information to mutually constrain each other, we employ a hierarchy of rhetorical and temporal relations (illustrated in Figure), using the ALE system in such a way that clues such as tense and cue words work together to reduce the number of possible temporal structures. This approach improves upon earlier work on discourse structure such as Lascarides and Asher 1991 and (CITSEG) in reducing the number of possible ambiguities; it is also more precise than the Kamp / Hinrichs / Partee approach in that it takes into account ways in which the apparent defaults can be overridden and differentiates between events and activities, which behave differently in narrative progression. Tense, aspect, rhetorical relations and temporal expressions affect the value of the RHET_RELN type that expresses the relationship between two DCUs: cue words are lexically marked according to what rhetorical relation they specify, and this relation is passed on to the DCU. Explicit relation markers such as cue words and temporal relations must be consistent and take priority over indicators such as tense and aspect. For example, sentence will be ruled out because the cue phrase as a result conflicts with the temporal expression ten minutes earlier:",Kehler 1994a,CoCo-,A,False,REF,"{""CFunc"": ""CoCo-"", ""ID"": ""R-29"", ""LinkS"": ""improves upon"", ""TYPE"": ""A""}"
Teufel_original_dataset/CFC_distribution/2006_paper_training/9502018.cfc-scixml,"This approach improves upon earlier work on discourse structure such as Lascarides and Asher 1991 and Kehler 1994a in reducing the number of possible ambiguities; it is also more precise than the Kamp / Hinrichs / Partee approach in that it takes into account ways in which the apparent defaults can be overridden and differentiates between events and activities, which behave differently in narrative progression.","This approach improves upon earlier work on discourse structure such as Lascarides and Asher 1991 and Kehler 1994a in reducing the number of possible ambiguities; it is also more precise than the Kamp / Hinrichs / Partee approach in that it takes into account ways in which the apparent defaults can be overridden and differentiates between events and activities, which behave differently in narrative progression.","This approach improves upon earlier work on discourse structure such as Lascarides and Asher 1991 and Kehler 1994a in reducing the number of possible ambiguities; it is also more precise than the Kamp / Hinrichs / (CITSEG) approach in that it takes into account ways in which the apparent defaults can be overridden and differentiates between events and activities, which behave differently in narrative progression.",S-83,83,DIV-3,"TENSE: past, pres, fut","ASPECT: simple, perf, prog, perf_prog.","To allow the above-mentioned types of information to mutually constrain each other, we employ a hierarchy of rhetorical and temporal relations (illustrated in Figure), using the ALE system in such a way that clues such as tense and cue words work together to reduce the number of possible temporal structures.","Tense, aspect, rhetorical relations and temporal expressions affect the value of the RHET_RELN type that expresses the relationship between two DCUs: cue words are lexically marked according to what rhetorical relation they specify, and this relation is passed on to the DCU.",Explicit relation markers such as cue words and temporal relations must be consistent and take priority over indicators such as tense and aspect.,"For example, sentence will be ruled out because the cue phrase as a result conflicts with the temporal expression ten minutes earlier:","TENSE: past, pres, fut ASPECT: simple, perf, prog, perf_prog. To allow the above-mentioned types of information to mutually constrain each other, we employ a hierarchy of rhetorical and temporal relations (illustrated in Figure), using the ALE system in such a way that clues such as tense and cue words work together to reduce the number of possible temporal structures.","Tense, aspect, rhetorical relations and temporal expressions affect the value of the RHET_RELN type that expresses the relationship between two DCUs: cue words are lexically marked according to what rhetorical relation they specify, and this relation is passed on to the DCU. Explicit relation markers such as cue words and temporal relations must be consistent and take priority over indicators such as tense and aspect. For example, sentence will be ruled out because the cue phrase as a result conflicts with the temporal expression ten minutes earlier:","TENSE: past, pres, fut ASPECT: simple, perf, prog, perf_prog. To allow the above-mentioned types of information to mutually constrain each other, we employ a hierarchy of rhetorical and temporal relations (illustrated in Figure), using the ALE system in such a way that clues such as tense and cue words work together to reduce the number of possible temporal structures. This approach improves upon earlier work on discourse structure such as Lascarides and Asher 1991 and Kehler 1994a in reducing the number of possible ambiguities; it is also more precise than the Kamp / Hinrichs / Partee approach in that it takes into account ways in which the apparent defaults can be overridden and differentiates between events and activities, which behave differently in narrative progression. Tense, aspect, rhetorical relations and temporal expressions affect the value of the RHET_RELN type that expresses the relationship between two DCUs: cue words are lexically marked according to what rhetorical relation they specify, and this relation is passed on to the DCU. Explicit relation markers such as cue words and temporal relations must be consistent and take priority over indicators such as tense and aspect. For example, sentence will be ruled out because the cue phrase as a result conflicts with the temporal expression ten minutes earlier:","TENSE: past, pres, fut ASPECT: simple, perf, prog, perf_prog. To allow the above-mentioned types of information to mutually constrain each other, we employ a hierarchy of rhetorical and temporal relations (illustrated in Figure), using the ALE system in such a way that clues such as tense and cue words work together to reduce the number of possible temporal structures. This approach improves upon earlier work on discourse structure such as Lascarides and Asher 1991 and Kehler 1994a in reducing the number of possible ambiguities; it is also more precise than the Kamp / Hinrichs / (CITSEG) approach in that it takes into account ways in which the apparent defaults can be overridden and differentiates between events and activities, which behave differently in narrative progression. Tense, aspect, rhetorical relations and temporal expressions affect the value of the RHET_RELN type that expresses the relationship between two DCUs: cue words are lexically marked according to what rhetorical relation they specify, and this relation is passed on to the DCU. Explicit relation markers such as cue words and temporal relations must be consistent and take priority over indicators such as tense and aspect. For example, sentence will be ruled out because the cue phrase as a result conflicts with the temporal expression ten minutes earlier:",Partee,CoCo-,,False,REFAUTHOR,"{""CFunc"": ""CoCo-"", ""ID"": ""R-32"", ""LinkS"": ""more precise""}"
Teufel_original_dataset/CFC_distribution/2006_paper_training/9605014.cfc-scixml,Our best disambiguation result obtained using this last combined method somewhat improves the accuracy reported in Li and Abe 1995 ().,Our best disambiguation result obtained using this last combined method somewhat improves the accuracy reported in Li and Abe 1995 ().,Our best disambiguation result obtained using this last combined method somewhat improves the accuracy reported in (CITSEG) ().,S-155,155,DIV-8 > DIV-11,We show the result of this combined method as ` MDL-Thesaurus + WordNet ' in Table.,Our experimental result shows that employing the combined method does increase the coverage of disambiguation.,"We also tested ` MDL-Thesaurus + WordNet + LA + Default, ' which stands for using the learned thesaurus and WordNet first, then the lexical association value proposed by Hindle and Rooth 1991, and finally the default (i.e. always attaching to).",,,,"We show the result of this combined method as ` MDL-Thesaurus + WordNet ' in Table. Our experimental result shows that employing the combined method does increase the coverage of disambiguation. We also tested ` MDL-Thesaurus + WordNet + LA + Default, ' which stands for using the learned thesaurus and WordNet first, then the lexical association value proposed by Hindle and Rooth 1991, and finally the default (i.e. always attaching to).",,"We show the result of this combined method as ` MDL-Thesaurus + WordNet ' in Table. Our experimental result shows that employing the combined method does increase the coverage of disambiguation. We also tested ` MDL-Thesaurus + WordNet + LA + Default, ' which stands for using the learned thesaurus and WordNet first, then the lexical association value proposed by Hindle and Rooth 1991, and finally the default (i.e. always attaching to). Our best disambiguation result obtained using this last combined method somewhat improves the accuracy reported in Li and Abe 1995 ().","We show the result of this combined method as ` MDL-Thesaurus + WordNet ' in Table. Our experimental result shows that employing the combined method does increase the coverage of disambiguation. We also tested ` MDL-Thesaurus + WordNet + LA + Default, ' which stands for using the learned thesaurus and WordNet first, then the lexical association value proposed by Hindle and Rooth 1991, and finally the default (i.e. always attaching to). Our best disambiguation result obtained using this last combined method somewhat improves the accuracy reported in (CITSEG) ().",Li and Abe 1995,CoCo-,A,True,REF,"{""CFunc"": ""CoCo-"", ""ID"": ""R-22"", ""LinkS"": ""improves the accuracy reported in"", ""SELF"": ""YES"", ""TYPE"": ""A""}"
Teufel_original_dataset/CFC_distribution/2006_paper_training/9503005.cfc-scixml,"Clearly, this construct is closely related to the Kasper Rounds path equality Kasper and Rounds 1990; the principle difference is that whereas the Kasper Rounds enforces path equalities within the domain of feature structures, the LFG path equality enforces equalities between the tree domain and the feature structure domain.","Clearly, this construct is closely related to the Kasper Rounds path equality Kasper and Rounds 1990; the principle difference is that whereas the Kasper Rounds enforces path equalities within the domain of feature structures, the LFG path equality enforces equalities between the tree domain and the feature structure domain.","Clearly, this construct is closely related to the Kasper Rounds path equality (CITSEG); the principle difference is that whereas the Kasper Rounds enforces path equalities within the domain of feature structures, the LFG path equality enforces equalities between the tree domain and the feature structure domain.",S-122,122,DIV-4,It can be glossed as follows.,"Let and be the path sequences through the tree corresponding to t and t ' respectively, and let and be the path sequences through the feature structure corresponding to f and f ' respectively.",Then is satisfied at a tree node t iff there is a feature structure node w that can be reached from t by making both the transition sequence and the transition sequence.,If then we say that is satisfied in at n.,If for all nodes n in then we say that is valid in and write.,"Intuitively, to say that is valid in is to say that the constraint holds universally; it is a completely general fact about.","It can be glossed as follows. Let and be the path sequences through the tree corresponding to t and t ' respectively, and let and be the path sequences through the feature structure corresponding to f and f ' respectively. Then is satisfied at a tree node t iff there is a feature structure node w that can be reached from t by making both the transition sequence and the transition sequence.","If then we say that is satisfied in at n. If for all nodes n in then we say that is valid in and write. Intuitively, to say that is valid in is to say that the constraint holds universally; it is a completely general fact about.","It can be glossed as follows. Let and be the path sequences through the tree corresponding to t and t ' respectively, and let and be the path sequences through the feature structure corresponding to f and f ' respectively. Then is satisfied at a tree node t iff there is a feature structure node w that can be reached from t by making both the transition sequence and the transition sequence. Clearly, this construct is closely related to the Kasper Rounds path equality Kasper and Rounds 1990; the principle difference is that whereas the Kasper Rounds enforces path equalities within the domain of feature structures, the LFG path equality enforces equalities between the tree domain and the feature structure domain. If then we say that is satisfied in at n. If for all nodes n in then we say that is valid in and write. Intuitively, to say that is valid in is to say that the constraint holds universally; it is a completely general fact about.","It can be glossed as follows. Let and be the path sequences through the tree corresponding to t and t ' respectively, and let and be the path sequences through the feature structure corresponding to f and f ' respectively. Then is satisfied at a tree node t iff there is a feature structure node w that can be reached from t by making both the transition sequence and the transition sequence. Clearly, this construct is closely related to the Kasper Rounds path equality (CITSEG); the principle difference is that whereas the Kasper Rounds enforces path equalities within the domain of feature structures, the LFG path equality enforces equalities between the tree domain and the feature structure domain. If then we say that is satisfied in at n. If for all nodes n in then we say that is valid in and write. Intuitively, to say that is valid in is to say that the constraint holds universally; it is a completely general fact about.",Kasper and Rounds 1990,CoCoGM,P,False,REF,"{""CFunc"": ""CoCoGM"", ""ID"": ""R-5"", ""LinkS"": ""the principle difference"", ""TYPE"": ""P""}"
Teufel_original_dataset/CFC_distribution/2006_paper_training/9905009.cfc-scixml,The change relative to C+W is that lexicalization is by uninflected lemma rather than word form.,The change relative to C+W is that lexicalization is by uninflected lemma rather than word form.,The change relative to (CITSEG) is that lexicalization is by uninflected lemma rather than word form.,S-62,62,DIV-6,"The parameterization is as in C+W, with one significant modification.","Parameters consist of (i) rule parameters, corresponding to right hand sides conditioned by parent category and parent head; (ii) lexical choice parameters for non-head children, corresponding to child lemma conditioned by child category, parent category, and parent head lemma.",See C+W or Charniak 1995 for an explanation of how such parameters define a probabilistic weighting of trees.,"This reduces the number of lexical parameters, giving more acceptable model sizes and eliminating splitting of estimated frequencies among inflectional forms.","Inflected forms are generated at the leaves of the tree, conditioned on terminal category and lemma.","This results in a third family of parameters, though usually the choice of inflected form is deterministic.","The parameterization is as in C+W, with one significant modification. Parameters consist of (i) rule parameters, corresponding to right hand sides conditioned by parent category and parent head; (ii) lexical choice parameters for non-head children, corresponding to child lemma conditioned by child category, parent category, and parent head lemma. See C+W or Charniak 1995 for an explanation of how such parameters define a probabilistic weighting of trees.","This reduces the number of lexical parameters, giving more acceptable model sizes and eliminating splitting of estimated frequencies among inflectional forms. Inflected forms are generated at the leaves of the tree, conditioned on terminal category and lemma. This results in a third family of parameters, though usually the choice of inflected form is deterministic.","The parameterization is as in C+W, with one significant modification. Parameters consist of (i) rule parameters, corresponding to right hand sides conditioned by parent category and parent head; (ii) lexical choice parameters for non-head children, corresponding to child lemma conditioned by child category, parent category, and parent head lemma. See C+W or Charniak 1995 for an explanation of how such parameters define a probabilistic weighting of trees. The change relative to C+W is that lexicalization is by uninflected lemma rather than word form. This reduces the number of lexical parameters, giving more acceptable model sizes and eliminating splitting of estimated frequencies among inflectional forms. Inflected forms are generated at the leaves of the tree, conditioned on terminal category and lemma. This results in a third family of parameters, though usually the choice of inflected form is deterministic.","The parameterization is as in C+W, with one significant modification. Parameters consist of (i) rule parameters, corresponding to right hand sides conditioned by parent category and parent head; (ii) lexical choice parameters for non-head children, corresponding to child lemma conditioned by child category, parent category, and parent head lemma. See C+W or Charniak 1995 for an explanation of how such parameters define a probabilistic weighting of trees. The change relative to (CITSEG) is that lexicalization is by uninflected lemma rather than word form. This reduces the number of lexical parameters, giving more acceptable model sizes and eliminating splitting of estimated frequencies among inflectional forms. Inflected forms are generated at the leaves of the tree, conditioned on terminal category and lemma. This results in a third family of parameters, though usually the choice of inflected form is deterministic.",C+W,CoCoGM,,True,REF,"{""CFunc"": ""CoCoGM"", ""ID"": ""R-20"", ""LinkS"": ""looks more like an end result comparison than a procedural comparison. 'more acceptable ' S63 too weak for CoCoR-"", ""SELF"": ""YES""}"
Teufel_original_dataset/CFC_distribution/2006_paper_training/9905009.cfc-scixml,Skut and Brants 1998 report 84.4% recall and 84.2% for NP and PP chunking without case labels.,Skut and Brants 1998 report 84.4% recall and 84.2% for NP and PP chunking without case labels.,(CITSEG) report 84.4% recall and 84.2% for NP and PP chunking without case labels.,S-123,123,DIV-9 > DIV-11,The plots labeled `` 00 '' are results for lexicalized training starting from a random initial grammar.,"The precision measure of the first lexicalized model falls below that of the unlexicalized random model (74%), only recovering through lexicalized training to equalize the precision measure of the random model (75.6%).","This indicates that some degree of unlexicalized initialization is necessary, if a good lexicalized model is to be obtained.","While these are numbers for a simpler problem and are slightly below ours, they are figures for an experiment on unrestricted sentences.",A genuine comparison has to await extension of our model to free text.,,"The plots labeled `` 00 '' are results for lexicalized training starting from a random initial grammar. The precision measure of the first lexicalized model falls below that of the unlexicalized random model (74%), only recovering through lexicalized training to equalize the precision measure of the random model (75.6%). This indicates that some degree of unlexicalized initialization is necessary, if a good lexicalized model is to be obtained.","While these are numbers for a simpler problem and are slightly below ours, they are figures for an experiment on unrestricted sentences. A genuine comparison has to await extension of our model to free text.","The plots labeled `` 00 '' are results for lexicalized training starting from a random initial grammar. The precision measure of the first lexicalized model falls below that of the unlexicalized random model (74%), only recovering through lexicalized training to equalize the precision measure of the random model (75.6%). This indicates that some degree of unlexicalized initialization is necessary, if a good lexicalized model is to be obtained. Skut and Brants 1998 report 84.4% recall and 84.2% for NP and PP chunking without case labels. While these are numbers for a simpler problem and are slightly below ours, they are figures for an experiment on unrestricted sentences. A genuine comparison has to await extension of our model to free text.","The plots labeled `` 00 '' are results for lexicalized training starting from a random initial grammar. The precision measure of the first lexicalized model falls below that of the unlexicalized random model (74%), only recovering through lexicalized training to equalize the precision measure of the random model (75.6%). This indicates that some degree of unlexicalized initialization is necessary, if a good lexicalized model is to be obtained. (CITSEG) report 84.4% recall and 84.2% for NP and PP chunking without case labels. While these are numbers for a simpler problem and are slightly below ours, they are figures for an experiment on unrestricted sentences. A genuine comparison has to await extension of our model to free text.",Skut and Brants 1998,CoCoR0,,False,REF,"{""CFunc"": ""CoCoR0"", ""ID"": ""R-15"", ""LinkS"": ""slightly below ours BUT immediatelly weakened claim; General rule 30 does not keep me from marking this?""}"
Teufel_original_dataset/CFC_distribution/2006_paper_training/9810015.cfc-scixml,"Several restrictions on the adjunction operation for TAG have been proposed in the literature Schabes and Waters 1993, Schabes and Waters 1995 Rogers 1994.","Several restrictions on the adjunction operation for TAG have been proposed in the literature Schabes and Waters 1993, Schabes and Waters 1995 Rogers 1994.","Several restrictions on the adjunction operation for TAG have been proposed in the literature (CITSEG), Schabes and Waters 1995 Rogers 1994.",S-10,10,DIV-1,We define a strict subclass of TAG where adjunction of so-called wrapping trees at the spine is restricted to take place at no more than one distinct node.,We show that in this case the parsing problem for TAG can be solved in worst case time.,We provide evidence that the proposed subclass still captures the vast majority of TAG analyses that have been currently proposed for the syntax of English and of several other languages.,"Differently from here, in all those works the main goal was one of characterizing, through the adjunction operation, the set of trees that can be generated by a context-free grammar (CFG).","For the sake of critical comparison, we discuss some common syntactic constructions found in current natural language TAG analyses, that can be captured by our proposal but fall outside of the restrictions mentioned above.",,We define a strict subclass of TAG where adjunction of so-called wrapping trees at the spine is restricted to take place at no more than one distinct node. We show that in this case the parsing problem for TAG can be solved in worst case time. We provide evidence that the proposed subclass still captures the vast majority of TAG analyses that have been currently proposed for the syntax of English and of several other languages.,"Differently from here, in all those works the main goal was one of characterizing, through the adjunction operation, the set of trees that can be generated by a context-free grammar (CFG). For the sake of critical comparison, we discuss some common syntactic constructions found in current natural language TAG analyses, that can be captured by our proposal but fall outside of the restrictions mentioned above.","We define a strict subclass of TAG where adjunction of so-called wrapping trees at the spine is restricted to take place at no more than one distinct node. We show that in this case the parsing problem for TAG can be solved in worst case time. We provide evidence that the proposed subclass still captures the vast majority of TAG analyses that have been currently proposed for the syntax of English and of several other languages. Several restrictions on the adjunction operation for TAG have been proposed in the literature Schabes and Waters 1993, Schabes and Waters 1995 Rogers 1994. Differently from here, in all those works the main goal was one of characterizing, through the adjunction operation, the set of trees that can be generated by a context-free grammar (CFG). For the sake of critical comparison, we discuss some common syntactic constructions found in current natural language TAG analyses, that can be captured by our proposal but fall outside of the restrictions mentioned above.","We define a strict subclass of TAG where adjunction of so-called wrapping trees at the spine is restricted to take place at no more than one distinct node. We show that in this case the parsing problem for TAG can be solved in worst case time. We provide evidence that the proposed subclass still captures the vast majority of TAG analyses that have been currently proposed for the syntax of English and of several other languages. Several restrictions on the adjunction operation for TAG have been proposed in the literature (CITSEG), Schabes and Waters 1995 Rogers 1994. Differently from here, in all those works the main goal was one of characterizing, through the adjunction operation, the set of trees that can be generated by a context-free grammar (CFG). For the sake of critical comparison, we discuss some common syntactic constructions found in current natural language TAG analyses, that can be captured by our proposal but fall outside of the restrictions mentioned above.",Schabes and Waters 1993,CoCoGM,,False,REF,"{""CFunc"": ""CoCoGM"", ""ID"": ""R-4""}"
Teufel_original_dataset/CFC_distribution/2006_paper_training/9810015.cfc-scixml,"Several restrictions on the adjunction operation for TAG have been proposed in the literature Schabes and Waters 1993, Schabes and Waters 1995 Rogers 1994.","Several restrictions on the adjunction operation for TAG have been proposed in the literature Schabes and Waters 1993, Schabes and Waters 1995 Rogers 1994.","Several restrictions on the adjunction operation for TAG have been proposed in the literature Schabes and Waters 1993, (CITSEG) Rogers 1994.",S-10,10,DIV-1,We define a strict subclass of TAG where adjunction of so-called wrapping trees at the spine is restricted to take place at no more than one distinct node.,We show that in this case the parsing problem for TAG can be solved in worst case time.,We provide evidence that the proposed subclass still captures the vast majority of TAG analyses that have been currently proposed for the syntax of English and of several other languages.,"Differently from here, in all those works the main goal was one of characterizing, through the adjunction operation, the set of trees that can be generated by a context-free grammar (CFG).","For the sake of critical comparison, we discuss some common syntactic constructions found in current natural language TAG analyses, that can be captured by our proposal but fall outside of the restrictions mentioned above.",,We define a strict subclass of TAG where adjunction of so-called wrapping trees at the spine is restricted to take place at no more than one distinct node. We show that in this case the parsing problem for TAG can be solved in worst case time. We provide evidence that the proposed subclass still captures the vast majority of TAG analyses that have been currently proposed for the syntax of English and of several other languages.,"Differently from here, in all those works the main goal was one of characterizing, through the adjunction operation, the set of trees that can be generated by a context-free grammar (CFG). For the sake of critical comparison, we discuss some common syntactic constructions found in current natural language TAG analyses, that can be captured by our proposal but fall outside of the restrictions mentioned above.","We define a strict subclass of TAG where adjunction of so-called wrapping trees at the spine is restricted to take place at no more than one distinct node. We show that in this case the parsing problem for TAG can be solved in worst case time. We provide evidence that the proposed subclass still captures the vast majority of TAG analyses that have been currently proposed for the syntax of English and of several other languages. Several restrictions on the adjunction operation for TAG have been proposed in the literature Schabes and Waters 1993, Schabes and Waters 1995 Rogers 1994. Differently from here, in all those works the main goal was one of characterizing, through the adjunction operation, the set of trees that can be generated by a context-free grammar (CFG). For the sake of critical comparison, we discuss some common syntactic constructions found in current natural language TAG analyses, that can be captured by our proposal but fall outside of the restrictions mentioned above.","We define a strict subclass of TAG where adjunction of so-called wrapping trees at the spine is restricted to take place at no more than one distinct node. We show that in this case the parsing problem for TAG can be solved in worst case time. We provide evidence that the proposed subclass still captures the vast majority of TAG analyses that have been currently proposed for the syntax of English and of several other languages. Several restrictions on the adjunction operation for TAG have been proposed in the literature Schabes and Waters 1993, (CITSEG) Rogers 1994. Differently from here, in all those works the main goal was one of characterizing, through the adjunction operation, the set of trees that can be generated by a context-free grammar (CFG). For the sake of critical comparison, we discuss some common syntactic constructions found in current natural language TAG analyses, that can be captured by our proposal but fall outside of the restrictions mentioned above.",Schabes and Waters 1995,CoCoGM,,False,REF,"{""CFunc"": ""CoCoGM"", ""ID"": ""R-5"", ""LinkS"": ""last sentence nearly made me go for coco- but cannot make link to citations""}"
Teufel_original_dataset/CFC_distribution/2006_paper_training/9810015.cfc-scixml,"Several restrictions on the adjunction operation for TAG have been proposed in the literature Schabes and Waters 1993, Schabes and Waters 1995 Rogers 1994.","Several restrictions on the adjunction operation for TAG have been proposed in the literature Schabes and Waters 1993, Schabes and Waters 1995 Rogers 1994.","Several restrictions on the adjunction operation for TAG have been proposed in the literature Schabes and Waters 1993, Schabes and Waters 1995 (CITSEG).",S-10,10,DIV-1,We define a strict subclass of TAG where adjunction of so-called wrapping trees at the spine is restricted to take place at no more than one distinct node.,We show that in this case the parsing problem for TAG can be solved in worst case time.,We provide evidence that the proposed subclass still captures the vast majority of TAG analyses that have been currently proposed for the syntax of English and of several other languages.,"Differently from here, in all those works the main goal was one of characterizing, through the adjunction operation, the set of trees that can be generated by a context-free grammar (CFG).","For the sake of critical comparison, we discuss some common syntactic constructions found in current natural language TAG analyses, that can be captured by our proposal but fall outside of the restrictions mentioned above.",,We define a strict subclass of TAG where adjunction of so-called wrapping trees at the spine is restricted to take place at no more than one distinct node. We show that in this case the parsing problem for TAG can be solved in worst case time. We provide evidence that the proposed subclass still captures the vast majority of TAG analyses that have been currently proposed for the syntax of English and of several other languages.,"Differently from here, in all those works the main goal was one of characterizing, through the adjunction operation, the set of trees that can be generated by a context-free grammar (CFG). For the sake of critical comparison, we discuss some common syntactic constructions found in current natural language TAG analyses, that can be captured by our proposal but fall outside of the restrictions mentioned above.","We define a strict subclass of TAG where adjunction of so-called wrapping trees at the spine is restricted to take place at no more than one distinct node. We show that in this case the parsing problem for TAG can be solved in worst case time. We provide evidence that the proposed subclass still captures the vast majority of TAG analyses that have been currently proposed for the syntax of English and of several other languages. Several restrictions on the adjunction operation for TAG have been proposed in the literature Schabes and Waters 1993, Schabes and Waters 1995 Rogers 1994. Differently from here, in all those works the main goal was one of characterizing, through the adjunction operation, the set of trees that can be generated by a context-free grammar (CFG). For the sake of critical comparison, we discuss some common syntactic constructions found in current natural language TAG analyses, that can be captured by our proposal but fall outside of the restrictions mentioned above.","We define a strict subclass of TAG where adjunction of so-called wrapping trees at the spine is restricted to take place at no more than one distinct node. We show that in this case the parsing problem for TAG can be solved in worst case time. We provide evidence that the proposed subclass still captures the vast majority of TAG analyses that have been currently proposed for the syntax of English and of several other languages. Several restrictions on the adjunction operation for TAG have been proposed in the literature Schabes and Waters 1993, Schabes and Waters 1995 (CITSEG). Differently from here, in all those works the main goal was one of characterizing, through the adjunction operation, the set of trees that can be generated by a context-free grammar (CFG). For the sake of critical comparison, we discuss some common syntactic constructions found in current natural language TAG analyses, that can be captured by our proposal but fall outside of the restrictions mentioned above.",Rogers 1994,CoCoGM,,False,REF,"{""CFunc"": ""CoCoGM"", ""ID"": ""R-6""}"
Teufel_original_dataset/CFC_distribution/2006_paper_training/9810015.cfc-scixml,"Our restriction is fundamentally different from those in Schabes and Waters 1993, Schabes and Waters 1995 and Rogers 1994, in that we allow wrapping auxiliary trees to nest inside each other an unbounded number of times, so long as they only adjoin at one place in each others ' spines.","Our restriction is fundamentally different from those in Schabes and Waters 1993, Schabes and Waters 1995 and Rogers 1994, in that we allow wrapping auxiliary trees to nest inside each other an unbounded number of times, so long as they only adjoin at one place in each others ' spines.","Our restriction is fundamentally different from those in (CITSEG), Schabes and Waters 1995 and Rogers 1994, in that we allow wrapping auxiliary trees to nest inside each other an unbounded number of times, so long as they only adjoin at one place in each others ' spines.",S-30,30,DIV-2,) auxiliary trees are found.,The above restriction does not in any way constrain adjunction at nodes that are not in the spine of an auxiliary tree.,"Similarly, there is no restriction on the adjunction of left or right trees at the spines of wrapping trees.","Rogers, in contrast, restricts the nesting of wrapping auxiliaries to a number of times bounded by the size of the grammar, and Schabes and Waters forbid wrapping auxiliaries altogether, at any node in the grammar.","We now focus on the recognition problem, and informally discuss the computational advantages that arise in this task when a TAG obeys the above restriction.",These ideas are formally developed in the next section.,") auxiliary trees are found. The above restriction does not in any way constrain adjunction at nodes that are not in the spine of an auxiliary tree. Similarly, there is no restriction on the adjunction of left or right trees at the spines of wrapping trees.","Rogers, in contrast, restricts the nesting of wrapping auxiliaries to a number of times bounded by the size of the grammar, and Schabes and Waters forbid wrapping auxiliaries altogether, at any node in the grammar. We now focus on the recognition problem, and informally discuss the computational advantages that arise in this task when a TAG obeys the above restriction. These ideas are formally developed in the next section.",") auxiliary trees are found. The above restriction does not in any way constrain adjunction at nodes that are not in the spine of an auxiliary tree. Similarly, there is no restriction on the adjunction of left or right trees at the spines of wrapping trees. Our restriction is fundamentally different from those in Schabes and Waters 1993, Schabes and Waters 1995 and Rogers 1994, in that we allow wrapping auxiliary trees to nest inside each other an unbounded number of times, so long as they only adjoin at one place in each others ' spines. Rogers, in contrast, restricts the nesting of wrapping auxiliaries to a number of times bounded by the size of the grammar, and Schabes and Waters forbid wrapping auxiliaries altogether, at any node in the grammar. We now focus on the recognition problem, and informally discuss the computational advantages that arise in this task when a TAG obeys the above restriction. These ideas are formally developed in the next section.",") auxiliary trees are found. The above restriction does not in any way constrain adjunction at nodes that are not in the spine of an auxiliary tree. Similarly, there is no restriction on the adjunction of left or right trees at the spines of wrapping trees. Our restriction is fundamentally different from those in (CITSEG), Schabes and Waters 1995 and Rogers 1994, in that we allow wrapping auxiliary trees to nest inside each other an unbounded number of times, so long as they only adjoin at one place in each others ' spines. Rogers, in contrast, restricts the nesting of wrapping auxiliaries to a number of times bounded by the size of the grammar, and Schabes and Waters forbid wrapping auxiliaries altogether, at any node in the grammar. We now focus on the recognition problem, and informally discuss the computational advantages that arise in this task when a TAG obeys the above restriction. These ideas are formally developed in the next section.",Schabes and Waters 1993,CoCoGM,,False,REF,"{""CFunc"": ""CoCoGM"", ""ID"": ""R-8""}"
Teufel_original_dataset/CFC_distribution/2006_paper_training/9810015.cfc-scixml,"Our restriction is fundamentally different from those in Schabes and Waters 1993, Schabes and Waters 1995 and Rogers 1994, in that we allow wrapping auxiliary trees to nest inside each other an unbounded number of times, so long as they only adjoin at one place in each others ' spines.","Our restriction is fundamentally different from those in Schabes and Waters 1993, Schabes and Waters 1995 and Rogers 1994, in that we allow wrapping auxiliary trees to nest inside each other an unbounded number of times, so long as they only adjoin at one place in each others ' spines.","Our restriction is fundamentally different from those in Schabes and Waters 1993, (CITSEG) and Rogers 1994, in that we allow wrapping auxiliary trees to nest inside each other an unbounded number of times, so long as they only adjoin at one place in each others ' spines.",S-30,30,DIV-2,) auxiliary trees are found.,The above restriction does not in any way constrain adjunction at nodes that are not in the spine of an auxiliary tree.,"Similarly, there is no restriction on the adjunction of left or right trees at the spines of wrapping trees.","Rogers, in contrast, restricts the nesting of wrapping auxiliaries to a number of times bounded by the size of the grammar, and Schabes and Waters forbid wrapping auxiliaries altogether, at any node in the grammar.","We now focus on the recognition problem, and informally discuss the computational advantages that arise in this task when a TAG obeys the above restriction.",These ideas are formally developed in the next section.,") auxiliary trees are found. The above restriction does not in any way constrain adjunction at nodes that are not in the spine of an auxiliary tree. Similarly, there is no restriction on the adjunction of left or right trees at the spines of wrapping trees.","Rogers, in contrast, restricts the nesting of wrapping auxiliaries to a number of times bounded by the size of the grammar, and Schabes and Waters forbid wrapping auxiliaries altogether, at any node in the grammar. We now focus on the recognition problem, and informally discuss the computational advantages that arise in this task when a TAG obeys the above restriction. These ideas are formally developed in the next section.",") auxiliary trees are found. The above restriction does not in any way constrain adjunction at nodes that are not in the spine of an auxiliary tree. Similarly, there is no restriction on the adjunction of left or right trees at the spines of wrapping trees. Our restriction is fundamentally different from those in Schabes and Waters 1993, Schabes and Waters 1995 and Rogers 1994, in that we allow wrapping auxiliary trees to nest inside each other an unbounded number of times, so long as they only adjoin at one place in each others ' spines. Rogers, in contrast, restricts the nesting of wrapping auxiliaries to a number of times bounded by the size of the grammar, and Schabes and Waters forbid wrapping auxiliaries altogether, at any node in the grammar. We now focus on the recognition problem, and informally discuss the computational advantages that arise in this task when a TAG obeys the above restriction. These ideas are formally developed in the next section.",") auxiliary trees are found. The above restriction does not in any way constrain adjunction at nodes that are not in the spine of an auxiliary tree. Similarly, there is no restriction on the adjunction of left or right trees at the spines of wrapping trees. Our restriction is fundamentally different from those in Schabes and Waters 1993, (CITSEG) and Rogers 1994, in that we allow wrapping auxiliary trees to nest inside each other an unbounded number of times, so long as they only adjoin at one place in each others ' spines. Rogers, in contrast, restricts the nesting of wrapping auxiliaries to a number of times bounded by the size of the grammar, and Schabes and Waters forbid wrapping auxiliaries altogether, at any node in the grammar. We now focus on the recognition problem, and informally discuss the computational advantages that arise in this task when a TAG obeys the above restriction. These ideas are formally developed in the next section.",Schabes and Waters 1995,CoCoGM,,False,REF,"{""CFunc"": ""CoCoGM"", ""ID"": ""R-9""}"
Teufel_original_dataset/CFC_distribution/2006_paper_training/9810015.cfc-scixml,"Our restriction is fundamentally different from those in Schabes and Waters 1993, Schabes and Waters 1995 and Rogers 1994, in that we allow wrapping auxiliary trees to nest inside each other an unbounded number of times, so long as they only adjoin at one place in each others ' spines.","Our restriction is fundamentally different from those in Schabes and Waters 1993, Schabes and Waters 1995 and Rogers 1994, in that we allow wrapping auxiliary trees to nest inside each other an unbounded number of times, so long as they only adjoin at one place in each others ' spines.","Our restriction is fundamentally different from those in Schabes and Waters 1993, Schabes and Waters 1995 and (CITSEG), in that we allow wrapping auxiliary trees to nest inside each other an unbounded number of times, so long as they only adjoin at one place in each others ' spines.",S-30,30,DIV-2,) auxiliary trees are found.,The above restriction does not in any way constrain adjunction at nodes that are not in the spine of an auxiliary tree.,"Similarly, there is no restriction on the adjunction of left or right trees at the spines of wrapping trees.","Rogers, in contrast, restricts the nesting of wrapping auxiliaries to a number of times bounded by the size of the grammar, and Schabes and Waters forbid wrapping auxiliaries altogether, at any node in the grammar.","We now focus on the recognition problem, and informally discuss the computational advantages that arise in this task when a TAG obeys the above restriction.",These ideas are formally developed in the next section.,") auxiliary trees are found. The above restriction does not in any way constrain adjunction at nodes that are not in the spine of an auxiliary tree. Similarly, there is no restriction on the adjunction of left or right trees at the spines of wrapping trees.","Rogers, in contrast, restricts the nesting of wrapping auxiliaries to a number of times bounded by the size of the grammar, and Schabes and Waters forbid wrapping auxiliaries altogether, at any node in the grammar. We now focus on the recognition problem, and informally discuss the computational advantages that arise in this task when a TAG obeys the above restriction. These ideas are formally developed in the next section.",") auxiliary trees are found. The above restriction does not in any way constrain adjunction at nodes that are not in the spine of an auxiliary tree. Similarly, there is no restriction on the adjunction of left or right trees at the spines of wrapping trees. Our restriction is fundamentally different from those in Schabes and Waters 1993, Schabes and Waters 1995 and Rogers 1994, in that we allow wrapping auxiliary trees to nest inside each other an unbounded number of times, so long as they only adjoin at one place in each others ' spines. Rogers, in contrast, restricts the nesting of wrapping auxiliaries to a number of times bounded by the size of the grammar, and Schabes and Waters forbid wrapping auxiliaries altogether, at any node in the grammar. We now focus on the recognition problem, and informally discuss the computational advantages that arise in this task when a TAG obeys the above restriction. These ideas are formally developed in the next section.",") auxiliary trees are found. The above restriction does not in any way constrain adjunction at nodes that are not in the spine of an auxiliary tree. Similarly, there is no restriction on the adjunction of left or right trees at the spines of wrapping trees. Our restriction is fundamentally different from those in Schabes and Waters 1993, Schabes and Waters 1995 and (CITSEG), in that we allow wrapping auxiliary trees to nest inside each other an unbounded number of times, so long as they only adjoin at one place in each others ' spines. Rogers, in contrast, restricts the nesting of wrapping auxiliaries to a number of times bounded by the size of the grammar, and Schabes and Waters forbid wrapping auxiliaries altogether, at any node in the grammar. We now focus on the recognition problem, and informally discuss the computational advantages that arise in this task when a TAG obeys the above restriction. These ideas are formally developed in the next section.",Rogers 1994,CoCoGM,,False,REF,"{""CFunc"": ""CoCoGM"", ""ID"": ""R-10""}"
Teufel_original_dataset/CFC_distribution/2006_paper_training/9810015.cfc-scixml,"Rogers, in contrast, restricts the nesting of wrapping auxiliaries to a number of times bounded by the size of the grammar, and Schabes and Waters forbid wrapping auxiliaries altogether, at any node in the grammar.","Rogers, in contrast, restricts the nesting of wrapping auxiliaries to a number of times bounded by the size of the grammar, and Schabes and Waters forbid wrapping auxiliaries altogether, at any node in the grammar.","(CITSEG), in contrast, restricts the nesting of wrapping auxiliaries to a number of times bounded by the size of the grammar, and Schabes and Waters forbid wrapping auxiliaries altogether, at any node in the grammar.",S-31,31,DIV-2,The above restriction does not in any way constrain adjunction at nodes that are not in the spine of an auxiliary tree.,"Similarly, there is no restriction on the adjunction of left or right trees at the spines of wrapping trees.","Our restriction is fundamentally different from those in Schabes and Waters 1993, Schabes and Waters 1995 and Rogers 1994, in that we allow wrapping auxiliary trees to nest inside each other an unbounded number of times, so long as they only adjoin at one place in each others ' spines.","We now focus on the recognition problem, and informally discuss the computational advantages that arise in this task when a TAG obeys the above restriction.",These ideas are formally developed in the next section.,"Most of the tabular methods for TAG recognition represent subtrees of derived trees, rooted at some node N and having the same span within the input string, by means of items of the form.","The above restriction does not in any way constrain adjunction at nodes that are not in the spine of an auxiliary tree. Similarly, there is no restriction on the adjunction of left or right trees at the spines of wrapping trees. Our restriction is fundamentally different from those in Schabes and Waters 1993, Schabes and Waters 1995 and Rogers 1994, in that we allow wrapping auxiliary trees to nest inside each other an unbounded number of times, so long as they only adjoin at one place in each others ' spines.","We now focus on the recognition problem, and informally discuss the computational advantages that arise in this task when a TAG obeys the above restriction. These ideas are formally developed in the next section. Most of the tabular methods for TAG recognition represent subtrees of derived trees, rooted at some node N and having the same span within the input string, by means of items of the form.","The above restriction does not in any way constrain adjunction at nodes that are not in the spine of an auxiliary tree. Similarly, there is no restriction on the adjunction of left or right trees at the spines of wrapping trees. Our restriction is fundamentally different from those in Schabes and Waters 1993, Schabes and Waters 1995 and Rogers 1994, in that we allow wrapping auxiliary trees to nest inside each other an unbounded number of times, so long as they only adjoin at one place in each others ' spines. Rogers, in contrast, restricts the nesting of wrapping auxiliaries to a number of times bounded by the size of the grammar, and Schabes and Waters forbid wrapping auxiliaries altogether, at any node in the grammar. We now focus on the recognition problem, and informally discuss the computational advantages that arise in this task when a TAG obeys the above restriction. These ideas are formally developed in the next section. Most of the tabular methods for TAG recognition represent subtrees of derived trees, rooted at some node N and having the same span within the input string, by means of items of the form.","The above restriction does not in any way constrain adjunction at nodes that are not in the spine of an auxiliary tree. Similarly, there is no restriction on the adjunction of left or right trees at the spines of wrapping trees. Our restriction is fundamentally different from those in Schabes and Waters 1993, Schabes and Waters 1995 and Rogers 1994, in that we allow wrapping auxiliary trees to nest inside each other an unbounded number of times, so long as they only adjoin at one place in each others ' spines. (CITSEG), in contrast, restricts the nesting of wrapping auxiliaries to a number of times bounded by the size of the grammar, and Schabes and Waters forbid wrapping auxiliaries altogether, at any node in the grammar. We now focus on the recognition problem, and informally discuss the computational advantages that arise in this task when a TAG obeys the above restriction. These ideas are formally developed in the next section. Most of the tabular methods for TAG recognition represent subtrees of derived trees, rooted at some node N and having the same span within the input string, by means of items of the form.",Rogers,CoCoGM,,False,REFAUTHOR,"{""CFunc"": ""CoCoGM"", ""ID"": ""R-11""}"
Teufel_original_dataset/CFC_distribution/2006_paper_training/9810015.cfc-scixml,"In contrast to the formalisms of Schabes and Waters Schabes and Waters 1993, Schabes and Waters 1995, our restriction allows wrapping complement auxiliaries as in Figure Schabes and Waters 1995.","In contrast to the formalisms of Schabes and Waters Schabes and Waters 1993, Schabes and Waters 1995, our restriction allows wrapping complement auxiliaries as in Figure Schabes and Waters 1995.","In contrast to the formalisms of Schabes and Waters (CITSEG), Schabes and Waters 1995, our restriction allows wrapping complement auxiliaries as in Figure Schabes and Waters 1995.",S-139,139,DIV-6 > DIV-9,,,,"Although it is difficult to find examples in English which are excluded by Rogers' regular form restriction Rogers 1994, we can cite verb-raised complement auxiliary trees in Dutch as in Figure Kroch and Santorini 1991.","Trees with this structure may adjoin into each others ' internal spine nodes an unbounded number of times, in violation of Rogers ' definition of regular form adjunction, but within our criteria of wrapping adjunction at only one node on the spine.",,,"Although it is difficult to find examples in English which are excluded by Rogers' regular form restriction Rogers 1994, we can cite verb-raised complement auxiliary trees in Dutch as in Figure Kroch and Santorini 1991. Trees with this structure may adjoin into each others ' internal spine nodes an unbounded number of times, in violation of Rogers ' definition of regular form adjunction, but within our criteria of wrapping adjunction at only one node on the spine.","In contrast to the formalisms of Schabes and Waters Schabes and Waters 1993, Schabes and Waters 1995, our restriction allows wrapping complement auxiliaries as in Figure Schabes and Waters 1995. Although it is difficult to find examples in English which are excluded by Rogers' regular form restriction Rogers 1994, we can cite verb-raised complement auxiliary trees in Dutch as in Figure Kroch and Santorini 1991. Trees with this structure may adjoin into each others ' internal spine nodes an unbounded number of times, in violation of Rogers ' definition of regular form adjunction, but within our criteria of wrapping adjunction at only one node on the spine.","In contrast to the formalisms of Schabes and Waters (CITSEG), Schabes and Waters 1995, our restriction allows wrapping complement auxiliaries as in Figure Schabes and Waters 1995. Although it is difficult to find examples in English which are excluded by Rogers' regular form restriction Rogers 1994, we can cite verb-raised complement auxiliary trees in Dutch as in Figure Kroch and Santorini 1991. Trees with this structure may adjoin into each others ' internal spine nodes an unbounded number of times, in violation of Rogers ' definition of regular form adjunction, but within our criteria of wrapping adjunction at only one node on the spine.",Schabes and Waters 1993,CoCoGM,,False,REF,"{""CFunc"": ""CoCoGM"", ""ID"": ""R-22""}"
Teufel_original_dataset/CFC_distribution/2006_paper_training/9810015.cfc-scixml,"In contrast to the formalisms of Schabes and Waters Schabes and Waters 1993, Schabes and Waters 1995, our restriction allows wrapping complement auxiliaries as in Figure Schabes and Waters 1995.","In contrast to the formalisms of Schabes and Waters Schabes and Waters 1993, Schabes and Waters 1995, our restriction allows wrapping complement auxiliaries as in Figure Schabes and Waters 1995.","In contrast to the formalisms of Schabes and Waters Schabes and Waters 1993, (CITSEG), our restriction allows wrapping complement auxiliaries as in Figure Schabes and Waters 1995.",S-139,139,DIV-6 > DIV-9,,,,"Although it is difficult to find examples in English which are excluded by Rogers' regular form restriction Rogers 1994, we can cite verb-raised complement auxiliary trees in Dutch as in Figure Kroch and Santorini 1991.","Trees with this structure may adjoin into each others ' internal spine nodes an unbounded number of times, in violation of Rogers ' definition of regular form adjunction, but within our criteria of wrapping adjunction at only one node on the spine.",,,"Although it is difficult to find examples in English which are excluded by Rogers' regular form restriction Rogers 1994, we can cite verb-raised complement auxiliary trees in Dutch as in Figure Kroch and Santorini 1991. Trees with this structure may adjoin into each others ' internal spine nodes an unbounded number of times, in violation of Rogers ' definition of regular form adjunction, but within our criteria of wrapping adjunction at only one node on the spine.","In contrast to the formalisms of Schabes and Waters Schabes and Waters 1993, Schabes and Waters 1995, our restriction allows wrapping complement auxiliaries as in Figure Schabes and Waters 1995. Although it is difficult to find examples in English which are excluded by Rogers' regular form restriction Rogers 1994, we can cite verb-raised complement auxiliary trees in Dutch as in Figure Kroch and Santorini 1991. Trees with this structure may adjoin into each others ' internal spine nodes an unbounded number of times, in violation of Rogers ' definition of regular form adjunction, but within our criteria of wrapping adjunction at only one node on the spine.","In contrast to the formalisms of Schabes and Waters Schabes and Waters 1993, (CITSEG), our restriction allows wrapping complement auxiliaries as in Figure Schabes and Waters 1995. Although it is difficult to find examples in English which are excluded by Rogers' regular form restriction Rogers 1994, we can cite verb-raised complement auxiliary trees in Dutch as in Figure Kroch and Santorini 1991. Trees with this structure may adjoin into each others ' internal spine nodes an unbounded number of times, in violation of Rogers ' definition of regular form adjunction, but within our criteria of wrapping adjunction at only one node on the spine.",Schabes and Waters 1995,CoCoGM,,False,REF,"{""CFunc"": ""CoCoGM"", ""ID"": ""R-23""}"
Teufel_original_dataset/CFC_distribution/2006_paper_training/9704002.cfc-scixml,"For example, Riley's performance on the Brown corpus is higher than ours, but his system is trained on the Brown corpus and uses thirty times as much data as our system.","For example, Riley's performance on the Brown corpus is higher than ours, but his system is trained on the Brown corpus and uses thirty times as much data as our system.","For example, (CITSEG) performance on the Brown corpus is higher than ours, but his system is trained on the Brown corpus and uses thirty times as much data as our system.",S-95,95,DIV-6,,,We have described an approach to identifying sentence boundaries which performs comparably to other state-of-the-art systems that require vastly more resources.,"Also, Palmer and Hearst's system requires POS tag information, which limits its use to those genres or languages for which there are either POS tag lexica or POS tag annotated corpora that could be used to train automatic taggers.","In comparison, our system does not require POS tags or any supporting resources beyond the sentence-boundary annotated corpus.",It is therefore easy and inexpensive to retrain this system for different genres of text in English and text in other Roman - alphabet languages.,We have described an approach to identifying sentence boundaries which performs comparably to other state-of-the-art systems that require vastly more resources.,"Also, Palmer and Hearst's system requires POS tag information, which limits its use to those genres or languages for which there are either POS tag lexica or POS tag annotated corpora that could be used to train automatic taggers. In comparison, our system does not require POS tags or any supporting resources beyond the sentence-boundary annotated corpus. It is therefore easy and inexpensive to retrain this system for different genres of text in English and text in other Roman - alphabet languages.","We have described an approach to identifying sentence boundaries which performs comparably to other state-of-the-art systems that require vastly more resources. For example, Riley's performance on the Brown corpus is higher than ours, but his system is trained on the Brown corpus and uses thirty times as much data as our system. Also, Palmer and Hearst's system requires POS tag information, which limits its use to those genres or languages for which there are either POS tag lexica or POS tag annotated corpora that could be used to train automatic taggers. In comparison, our system does not require POS tags or any supporting resources beyond the sentence-boundary annotated corpus. It is therefore easy and inexpensive to retrain this system for different genres of text in English and text in other Roman - alphabet languages.","We have described an approach to identifying sentence boundaries which performs comparably to other state-of-the-art systems that require vastly more resources. For example, (CITSEG) performance on the Brown corpus is higher than ours, but his system is trained on the Brown corpus and uses thirty times as much data as our system. Also, Palmer and Hearst's system requires POS tag information, which limits its use to those genres or languages for which there are either POS tag lexica or POS tag annotated corpora that could be used to train automatic taggers. In comparison, our system does not require POS tags or any supporting resources beyond the sentence-boundary annotated corpus. It is therefore easy and inexpensive to retrain this system for different genres of text in English and text in other Roman - alphabet languages.",Riley's,CoCoR0,,False,REFAUTHOR,"{""CFunc"": ""CoCoR0"", ""ID"": ""R-17""}"
Teufel_original_dataset/CFC_distribution/2006_paper_training/9704002.cfc-scixml,"Also, Palmer and Hearst's system requires POS tag information, which limits its use to those genres or languages for which there are either POS tag lexica or POS tag annotated corpora that could be used to train automatic taggers.","Also, Palmer and Hearst's system requires POS tag information, which limits its use to those genres or languages for which there are either POS tag lexica or POS tag annotated corpora that could be used to train automatic taggers.","Also, (CITSEG) system requires POS tag information, which limits its use to those genres or languages for which there are either POS tag lexica or POS tag annotated corpora that could be used to train automatic taggers.",S-96,96,DIV-6,,We have described an approach to identifying sentence boundaries which performs comparably to other state-of-the-art systems that require vastly more resources.,"For example, Riley's performance on the Brown corpus is higher than ours, but his system is trained on the Brown corpus and uses thirty times as much data as our system.","In comparison, our system does not require POS tags or any supporting resources beyond the sentence-boundary annotated corpus.",It is therefore easy and inexpensive to retrain this system for different genres of text in English and text in other Roman - alphabet languages.,"Furthermore, we showed that a small training corpus is sufficient for good performance, and we estimate that annotating enough data to achieve good performance would require only several hours of work, in comparison to the many hours required to generate POS tag and lexical probabilities.","We have described an approach to identifying sentence boundaries which performs comparably to other state-of-the-art systems that require vastly more resources. For example, Riley's performance on the Brown corpus is higher than ours, but his system is trained on the Brown corpus and uses thirty times as much data as our system.","In comparison, our system does not require POS tags or any supporting resources beyond the sentence-boundary annotated corpus. It is therefore easy and inexpensive to retrain this system for different genres of text in English and text in other Roman - alphabet languages. Furthermore, we showed that a small training corpus is sufficient for good performance, and we estimate that annotating enough data to achieve good performance would require only several hours of work, in comparison to the many hours required to generate POS tag and lexical probabilities.","We have described an approach to identifying sentence boundaries which performs comparably to other state-of-the-art systems that require vastly more resources. For example, Riley's performance on the Brown corpus is higher than ours, but his system is trained on the Brown corpus and uses thirty times as much data as our system. Also, Palmer and Hearst's system requires POS tag information, which limits its use to those genres or languages for which there are either POS tag lexica or POS tag annotated corpora that could be used to train automatic taggers. In comparison, our system does not require POS tags or any supporting resources beyond the sentence-boundary annotated corpus. It is therefore easy and inexpensive to retrain this system for different genres of text in English and text in other Roman - alphabet languages. Furthermore, we showed that a small training corpus is sufficient for good performance, and we estimate that annotating enough data to achieve good performance would require only several hours of work, in comparison to the many hours required to generate POS tag and lexical probabilities.","We have described an approach to identifying sentence boundaries which performs comparably to other state-of-the-art systems that require vastly more resources. For example, Riley's performance on the Brown corpus is higher than ours, but his system is trained on the Brown corpus and uses thirty times as much data as our system. Also, (CITSEG) system requires POS tag information, which limits its use to those genres or languages for which there are either POS tag lexica or POS tag annotated corpora that could be used to train automatic taggers. In comparison, our system does not require POS tags or any supporting resources beyond the sentence-boundary annotated corpus. It is therefore easy and inexpensive to retrain this system for different genres of text in English and text in other Roman - alphabet languages. Furthermore, we showed that a small training corpus is sufficient for good performance, and we estimate that annotating enough data to achieve good performance would require only several hours of work, in comparison to the many hours required to generate POS tag and lexical probabilities.",Palmer and Hearst's,CoCo-,,False,REFAUTHOR,"{""CFunc"": ""CoCo-"", ""ID"": ""R-18""}"
Teufel_original_dataset/CFC_distribution/2006_paper_training/9606031.cfc-scixml,"Results using top down prediction of possible word hypotheses by the parser - work inspired by Kita et al. 1989 - have already been published in Hauenstein and Weber 1994a, Hauenstein and Weber 1994, Weber 1994, and Weber 1995.","Results using top down prediction of possible word hypotheses by the parser - work inspired by Kita et al. 1989 - have already been published in Hauenstein and Weber 1994a, Hauenstein and Weber 1994, Weber 1994, and Weber 1995.","Results using top down prediction of possible word hypotheses by the parser - work inspired by Kita et al. 1989 - have already been published in (CITSEG), Hauenstein and Weber 1994, Weber 1994, and Weber 1995.",S-80,80,DIV-2 > DIV-13,"Words to the right which could not be integrated into a parse, were counted as deletions -- although they might have been correct in standard word accuracy terms.","This evaluation method is much harder than standard word accuracy, but it appears to be a good approximation to `` rule accuracy ''.","Using this strict method we achieved a word accuracy of 47%, which is quite promising.",Recognition rates had been improved there for read speech.,In spontaneous speech we could not achieve the same effects.,,"Words to the right which could not be integrated into a parse, were counted as deletions -- although they might have been correct in standard word accuracy terms. This evaluation method is much harder than standard word accuracy, but it appears to be a good approximation to `` rule accuracy ''. Using this strict method we achieved a word accuracy of 47%, which is quite promising.",Recognition rates had been improved there for read speech. In spontaneous speech we could not achieve the same effects.,"Words to the right which could not be integrated into a parse, were counted as deletions -- although they might have been correct in standard word accuracy terms. This evaluation method is much harder than standard word accuracy, but it appears to be a good approximation to `` rule accuracy ''. Using this strict method we achieved a word accuracy of 47%, which is quite promising. Results using top down prediction of possible word hypotheses by the parser - work inspired by Kita et al. 1989 - have already been published in Hauenstein and Weber 1994a, Hauenstein and Weber 1994, Weber 1994, and Weber 1995. Recognition rates had been improved there for read speech. In spontaneous speech we could not achieve the same effects.","Words to the right which could not be integrated into a parse, were counted as deletions -- although they might have been correct in standard word accuracy terms. This evaluation method is much harder than standard word accuracy, but it appears to be a good approximation to `` rule accuracy ''. Using this strict method we achieved a word accuracy of 47%, which is quite promising. Results using top down prediction of possible word hypotheses by the parser - work inspired by Kita et al. 1989 - have already been published in (CITSEG), Hauenstein and Weber 1994, Weber 1994, and Weber 1995. Recognition rates had been improved there for read speech. In spontaneous speech we could not achieve the same effects.",Hauenstein and Weber 1994a,CoCoR0,,False,REF,"{""CFunc"": ""CoCoR0"", ""ID"": ""R-4""}"
Teufel_original_dataset/CFC_distribution/2006_paper_training/9606031.cfc-scixml,"Results using top down prediction of possible word hypotheses by the parser - work inspired by Kita et al. 1989 - have already been published in Hauenstein and Weber 1994a, Hauenstein and Weber 1994, Weber 1994, and Weber 1995.","Results using top down prediction of possible word hypotheses by the parser - work inspired by Kita et al. 1989 - have already been published in Hauenstein and Weber 1994a, Hauenstein and Weber 1994, Weber 1994, and Weber 1995.","Results using top down prediction of possible word hypotheses by the parser - work inspired by Kita et al. 1989 - have already been published in (CITSEG)a, Hauenstein and Weber 1994, Weber 1994, and Weber 1995.",S-80,80,DIV-2 > DIV-13,"Words to the right which could not be integrated into a parse, were counted as deletions -- although they might have been correct in standard word accuracy terms.","This evaluation method is much harder than standard word accuracy, but it appears to be a good approximation to `` rule accuracy ''.","Using this strict method we achieved a word accuracy of 47%, which is quite promising.",Recognition rates had been improved there for read speech.,In spontaneous speech we could not achieve the same effects.,,"Words to the right which could not be integrated into a parse, were counted as deletions -- although they might have been correct in standard word accuracy terms. This evaluation method is much harder than standard word accuracy, but it appears to be a good approximation to `` rule accuracy ''. Using this strict method we achieved a word accuracy of 47%, which is quite promising.",Recognition rates had been improved there for read speech. In spontaneous speech we could not achieve the same effects.,"Words to the right which could not be integrated into a parse, were counted as deletions -- although they might have been correct in standard word accuracy terms. This evaluation method is much harder than standard word accuracy, but it appears to be a good approximation to `` rule accuracy ''. Using this strict method we achieved a word accuracy of 47%, which is quite promising. Results using top down prediction of possible word hypotheses by the parser - work inspired by Kita et al. 1989 - have already been published in Hauenstein and Weber 1994a, Hauenstein and Weber 1994, Weber 1994, and Weber 1995. Recognition rates had been improved there for read speech. In spontaneous speech we could not achieve the same effects.","Words to the right which could not be integrated into a parse, were counted as deletions -- although they might have been correct in standard word accuracy terms. This evaluation method is much harder than standard word accuracy, but it appears to be a good approximation to `` rule accuracy ''. Using this strict method we achieved a word accuracy of 47%, which is quite promising. Results using top down prediction of possible word hypotheses by the parser - work inspired by Kita et al. 1989 - have already been published in (CITSEG)a, Hauenstein and Weber 1994, Weber 1994, and Weber 1995. Recognition rates had been improved there for read speech. In spontaneous speech we could not achieve the same effects.",Hauenstein and Weber 1994,CoCoR0,,False,REF,"{""CFunc"": ""CoCoR0"", ""ID"": ""R-5""}"
Teufel_original_dataset/CFC_distribution/2006_paper_training/9606031.cfc-scixml,"Results using top down prediction of possible word hypotheses by the parser - work inspired by Kita et al. 1989 - have already been published in Hauenstein and Weber 1994a, Hauenstein and Weber 1994, Weber 1994, and Weber 1995.","Results using top down prediction of possible word hypotheses by the parser - work inspired by Kita et al. 1989 - have already been published in Hauenstein and Weber 1994a, Hauenstein and Weber 1994, Weber 1994, and Weber 1995.","Results using top down prediction of possible word hypotheses by the parser - work inspired by Kita et al. 1989 - have already been published in Hauenstein and (CITSEG)a, Hauenstein and Weber 1994, Weber 1994, and Weber 1995.",S-80,80,DIV-2 > DIV-13,"Words to the right which could not be integrated into a parse, were counted as deletions -- although they might have been correct in standard word accuracy terms.","This evaluation method is much harder than standard word accuracy, but it appears to be a good approximation to `` rule accuracy ''.","Using this strict method we achieved a word accuracy of 47%, which is quite promising.",Recognition rates had been improved there for read speech.,In spontaneous speech we could not achieve the same effects.,,"Words to the right which could not be integrated into a parse, were counted as deletions -- although they might have been correct in standard word accuracy terms. This evaluation method is much harder than standard word accuracy, but it appears to be a good approximation to `` rule accuracy ''. Using this strict method we achieved a word accuracy of 47%, which is quite promising.",Recognition rates had been improved there for read speech. In spontaneous speech we could not achieve the same effects.,"Words to the right which could not be integrated into a parse, were counted as deletions -- although they might have been correct in standard word accuracy terms. This evaluation method is much harder than standard word accuracy, but it appears to be a good approximation to `` rule accuracy ''. Using this strict method we achieved a word accuracy of 47%, which is quite promising. Results using top down prediction of possible word hypotheses by the parser - work inspired by Kita et al. 1989 - have already been published in Hauenstein and Weber 1994a, Hauenstein and Weber 1994, Weber 1994, and Weber 1995. Recognition rates had been improved there for read speech. In spontaneous speech we could not achieve the same effects.","Words to the right which could not be integrated into a parse, were counted as deletions -- although they might have been correct in standard word accuracy terms. This evaluation method is much harder than standard word accuracy, but it appears to be a good approximation to `` rule accuracy ''. Using this strict method we achieved a word accuracy of 47%, which is quite promising. Results using top down prediction of possible word hypotheses by the parser - work inspired by Kita et al. 1989 - have already been published in Hauenstein and (CITSEG)a, Hauenstein and Weber 1994, Weber 1994, and Weber 1995. Recognition rates had been improved there for read speech. In spontaneous speech we could not achieve the same effects.",Weber 1994,CoCoR0,,False,REF,"{""CFunc"": ""CoCoR0"", ""ID"": ""R-6""}"
Teufel_original_dataset/CFC_distribution/2006_paper_training/9606031.cfc-scixml,"Results using top down prediction of possible word hypotheses by the parser - work inspired by Kita et al. 1989 - have already been published in Hauenstein and Weber 1994a, Hauenstein and Weber 1994, Weber 1994, and Weber 1995.","Results using top down prediction of possible word hypotheses by the parser - work inspired by Kita et al. 1989 - have already been published in Hauenstein and Weber 1994a, Hauenstein and Weber 1994, Weber 1994, and Weber 1995.","Results using top down prediction of possible word hypotheses by the parser - work inspired by Kita et al. 1989 - have already been published in Hauenstein and Weber 1994a, Hauenstein and Weber 1994, Weber 1994, and (CITSEG).",S-80,80,DIV-2 > DIV-13,"Words to the right which could not be integrated into a parse, were counted as deletions -- although they might have been correct in standard word accuracy terms.","This evaluation method is much harder than standard word accuracy, but it appears to be a good approximation to `` rule accuracy ''.","Using this strict method we achieved a word accuracy of 47%, which is quite promising.",Recognition rates had been improved there for read speech.,In spontaneous speech we could not achieve the same effects.,,"Words to the right which could not be integrated into a parse, were counted as deletions -- although they might have been correct in standard word accuracy terms. This evaluation method is much harder than standard word accuracy, but it appears to be a good approximation to `` rule accuracy ''. Using this strict method we achieved a word accuracy of 47%, which is quite promising.",Recognition rates had been improved there for read speech. In spontaneous speech we could not achieve the same effects.,"Words to the right which could not be integrated into a parse, were counted as deletions -- although they might have been correct in standard word accuracy terms. This evaluation method is much harder than standard word accuracy, but it appears to be a good approximation to `` rule accuracy ''. Using this strict method we achieved a word accuracy of 47%, which is quite promising. Results using top down prediction of possible word hypotheses by the parser - work inspired by Kita et al. 1989 - have already been published in Hauenstein and Weber 1994a, Hauenstein and Weber 1994, Weber 1994, and Weber 1995. Recognition rates had been improved there for read speech. In spontaneous speech we could not achieve the same effects.","Words to the right which could not be integrated into a parse, were counted as deletions -- although they might have been correct in standard word accuracy terms. This evaluation method is much harder than standard word accuracy, but it appears to be a good approximation to `` rule accuracy ''. Using this strict method we achieved a word accuracy of 47%, which is quite promising. Results using top down prediction of possible word hypotheses by the parser - work inspired by Kita et al. 1989 - have already been published in Hauenstein and Weber 1994a, Hauenstein and Weber 1994, Weber 1994, and (CITSEG). Recognition rates had been improved there for read speech. In spontaneous speech we could not achieve the same effects.",Weber 1995,CoCoR0,,False,REF,"{""CFunc"": ""CoCoR0"", ""ID"": ""R-7""}"
Teufel_original_dataset/CFC_distribution/2006_paper_training/9405002.cfc-scixml,"We see several advantages of this approach over that of Lascarides and Asher, henceforth L and A.","We see several advantages of this approach over that of Lascarides and Asher, henceforth L and A.","We see several advantages of this approach over that of (CITSEG), henceforth L and A.",S-56,56,DIV-3,We hypothesize that hearers assume that speakers are engaging in Narration in absence of a specific cue to the contrary.,The use of the past perfect (as in passage)) is one such cue since it implies reversed temporal ordering; the use of an explicit conjunction indicating a coherence relation other than Narration (as in passages is another such cue.,"While passage could be understood as an Explanation on semantic grounds, the hearer assumes Narration since no other relation is cued.","First, Lascarides and Asher note the incoherence of example",in arguing that the past perfect should not be treated as anaphoric:,"`` Theories that analyse the distinction between the simple past and pluperfect purely in terms of different relations between reference times and event times, rather than in terms of event-connections, fail to explain why is acceptable but is awkward. '' Lascarides and Asher 1993, pg. 470","We hypothesize that hearers assume that speakers are engaging in Narration in absence of a specific cue to the contrary. The use of the past perfect (as in passage)) is one such cue since it implies reversed temporal ordering; the use of an explicit conjunction indicating a coherence relation other than Narration (as in passages is another such cue. While passage could be understood as an Explanation on semantic grounds, the hearer assumes Narration since no other relation is cued.","First, Lascarides and Asher note the incoherence of example in arguing that the past perfect should not be treated as anaphoric: `` Theories that analyse the distinction between the simple past and pluperfect purely in terms of different relations between reference times and event times, rather than in terms of event-connections, fail to explain why is acceptable but is awkward. '' Lascarides and Asher 1993, pg. 470","We hypothesize that hearers assume that speakers are engaging in Narration in absence of a specific cue to the contrary. The use of the past perfect (as in passage)) is one such cue since it implies reversed temporal ordering; the use of an explicit conjunction indicating a coherence relation other than Narration (as in passages is another such cue. While passage could be understood as an Explanation on semantic grounds, the hearer assumes Narration since no other relation is cued. We see several advantages of this approach over that of Lascarides and Asher, henceforth L and A. First, Lascarides and Asher note the incoherence of example in arguing that the past perfect should not be treated as anaphoric: `` Theories that analyse the distinction between the simple past and pluperfect purely in terms of different relations between reference times and event times, rather than in terms of event-connections, fail to explain why is acceptable but is awkward. '' Lascarides and Asher 1993, pg. 470","We hypothesize that hearers assume that speakers are engaging in Narration in absence of a specific cue to the contrary. The use of the past perfect (as in passage)) is one such cue since it implies reversed temporal ordering; the use of an explicit conjunction indicating a coherence relation other than Narration (as in passages is another such cue. While passage could be understood as an Explanation on semantic grounds, the hearer assumes Narration since no other relation is cued. We see several advantages of this approach over that of (CITSEG), henceforth L and A. First, Lascarides and Asher note the incoherence of example in arguing that the past perfect should not be treated as anaphoric: `` Theories that analyse the distinction between the simple past and pluperfect purely in terms of different relations between reference times and event times, rather than in terms of event-connections, fail to explain why is acceptable but is awkward. '' Lascarides and Asher 1993, pg. 470",Lascarides and Asher,CoRes-,,False,REFAUTHOR,"{""CFunc"": ""CoRes-"", ""ID"": ""R-20"", ""LinkS"": ""advantages over: could be weak, but contrast strong here""}"
Teufel_original_dataset/CFC_distribution/2006_paper_training/9502014.cfc-scixml,"This paper presents a treatment of ellipsis which avoids these difficulties, while having essentially the same coverage as Dalrymple et al..","This paper presents a treatment of ellipsis which avoids these difficulties, while having essentially the same coverage as Dalrymple et al..","This paper presents a treatment of ellipsis which avoids these difficulties, while having essentially the same coverage as (CITSEG).",S-9,9,DIV-1,"Kehler 1993a has convincingly argued that this problem arises because Dalrymple et al. do not distinguish between merely co-referential and co-indexed (in his terminology, role-linked) expressions.","Third, though perhaps less importantly, higher-order unification going beyond second-order matching is required for resolving ellipses involving quantification.",This increases the computational complexity of the ellipsis resolution task.,"The treatment is easily implementable, and forms the basis of the ellipsis resolution component currently used within the Core Language Engine Alshawi et al. 1992.",Ellipsis interpretations are represented as simple sets of substitutions on semantic representations of the antecedent.,"The substitutions can be built up in an order-independent way (i.e. before, after or during scoping), and without recourse to higher-order unification.","Kehler 1993a has convincingly argued that this problem arises because Dalrymple et al. do not distinguish between merely co-referential and co-indexed (in his terminology, role-linked) expressions. Third, though perhaps less importantly, higher-order unification going beyond second-order matching is required for resolving ellipses involving quantification. This increases the computational complexity of the ellipsis resolution task.","The treatment is easily implementable, and forms the basis of the ellipsis resolution component currently used within the Core Language Engine Alshawi et al. 1992. Ellipsis interpretations are represented as simple sets of substitutions on semantic representations of the antecedent. The substitutions can be built up in an order-independent way (i.e. before, after or during scoping), and without recourse to higher-order unification.","Kehler 1993a has convincingly argued that this problem arises because Dalrymple et al. do not distinguish between merely co-referential and co-indexed (in his terminology, role-linked) expressions. Third, though perhaps less importantly, higher-order unification going beyond second-order matching is required for resolving ellipses involving quantification. This increases the computational complexity of the ellipsis resolution task. This paper presents a treatment of ellipsis which avoids these difficulties, while having essentially the same coverage as Dalrymple et al.. The treatment is easily implementable, and forms the basis of the ellipsis resolution component currently used within the Core Language Engine Alshawi et al. 1992. Ellipsis interpretations are represented as simple sets of substitutions on semantic representations of the antecedent. The substitutions can be built up in an order-independent way (i.e. before, after or during scoping), and without recourse to higher-order unification.","Kehler 1993a has convincingly argued that this problem arises because Dalrymple et al. do not distinguish between merely co-referential and co-indexed (in his terminology, role-linked) expressions. Third, though perhaps less importantly, higher-order unification going beyond second-order matching is required for resolving ellipses involving quantification. This increases the computational complexity of the ellipsis resolution task. This paper presents a treatment of ellipsis which avoids these difficulties, while having essentially the same coverage as (CITSEG). The treatment is easily implementable, and forms the basis of the ellipsis resolution component currently used within the Core Language Engine Alshawi et al. 1992. Ellipsis interpretations are represented as simple sets of substitutions on semantic representations of the antecedent. The substitutions can be built up in an order-independent way (i.e. before, after or during scoping), and without recourse to higher-order unification.",Dalrymple et al.,CoCo-,,False,REFAUTHOR,"{""CFunc"": ""CoCo-"", ""ID"": ""R-7"", ""LinkS"": ""avoids these difficulties , while having essentially the same coverage""}"
Teufel_original_dataset/CFC_distribution/2006_paper_training/9502014.cfc-scixml,"Besides illustrating scope parallelism, this is an example where Dalrymple et al. have to resort to higher-order unification beyond second-order matching.","Besides illustrating scope parallelism, this is an example where Dalrymple et al. have to resort to higher-order unification beyond second-order matching.","Besides illustrating scope parallelism, this is an example where (CITSEG) have to resort to higher-order unification beyond second-order matching.",S-98,98,DIV-2 > DIV-5,"There is another scoping option which instantiates to, i.e. gives ` every house ' wide scope over both antecedent and ellipsis.","In this case the two terms, in ellipsis and antecedent are both discharged (i.e. bound) at the scope node, rather than being separately bound at the two copies of.",(This has equivalent truth-conditions to).,But no such increase in complexity is required under the present treatment.,,,"There is another scoping option which instantiates to, i.e. gives ` every house ' wide scope over both antecedent and ellipsis. In this case the two terms, in ellipsis and antecedent are both discharged (i.e. bound) at the scope node, rather than being separately bound at the two copies of. (This has equivalent truth-conditions to).",But no such increase in complexity is required under the present treatment.,"There is another scoping option which instantiates to, i.e. gives ` every house ' wide scope over both antecedent and ellipsis. In this case the two terms, in ellipsis and antecedent are both discharged (i.e. bound) at the scope node, rather than being separately bound at the two copies of. (This has equivalent truth-conditions to). Besides illustrating scope parallelism, this is an example where Dalrymple et al. have to resort to higher-order unification beyond second-order matching. But no such increase in complexity is required under the present treatment.","There is another scoping option which instantiates to, i.e. gives ` every house ' wide scope over both antecedent and ellipsis. In this case the two terms, in ellipsis and antecedent are both discharged (i.e. bound) at the scope node, rather than being separately bound at the two copies of. (This has equivalent truth-conditions to). Besides illustrating scope parallelism, this is an example where (CITSEG) have to resort to higher-order unification beyond second-order matching. But no such increase in complexity is required under the present treatment.",Dalrymple et al.,CoCo-,,False,REFAUTHOR,"{""CFunc"": ""CoCo-"", ""ID"": ""R-20"", ""LinkS"": ""no such increase in complexity is required under the present treatment""}"
Teufel_original_dataset/CFC_distribution/2006_paper_training/9502014.cfc-scixml,The coverage is basically the same as Dalrymple et al. 's:,The coverage is basically the same as Dalrymple et al. 's:,The coverage is basically the same as (CITSEG) 's:,S-148,148,DIV-2 > DIV-7,,,"Space precludes illustrating the substitutional approach through further examples, though more are discussed in Alshawi et al. 1992, Cooper et al. 1994b.",Antecedent Contained Deletion:,A sloppy substitution for every person that Simon did in the sentence John greeted every person that Simon did results in re-introducing the ellipsis in its own resolution.,This leads to an uninterpretable cyclic QLF in much the same way that Dalrymple et al. obtain a violation of the occurs check on sound unification.,"Space precludes illustrating the substitutional approach through further examples, though more are discussed in Alshawi et al. 1992, Cooper et al. 1994b.",Antecedent Contained Deletion: A sloppy substitution for every person that Simon did in the sentence John greeted every person that Simon did results in re-introducing the ellipsis in its own resolution. This leads to an uninterpretable cyclic QLF in much the same way that Dalrymple et al. obtain a violation of the occurs check on sound unification.,"Space precludes illustrating the substitutional approach through further examples, though more are discussed in Alshawi et al. 1992, Cooper et al. 1994b. The coverage is basically the same as Dalrymple et al. 's: Antecedent Contained Deletion: A sloppy substitution for every person that Simon did in the sentence John greeted every person that Simon did results in re-introducing the ellipsis in its own resolution. This leads to an uninterpretable cyclic QLF in much the same way that Dalrymple et al. obtain a violation of the occurs check on sound unification.","Space precludes illustrating the substitutional approach through further examples, though more are discussed in Alshawi et al. 1992, Cooper et al. 1994b. The coverage is basically the same as (CITSEG) 's: Antecedent Contained Deletion: A sloppy substitution for every person that Simon did in the sentence John greeted every person that Simon did results in re-introducing the ellipsis in its own resolution. This leads to an uninterpretable cyclic QLF in much the same way that Dalrymple et al. obtain a violation of the occurs check on sound unification.",Dalrymple et al.,CoCoR0,,False,REFAUTHOR,"{""CFunc"": ""CoCoR0"", ""ID"": ""R-25"", ""LinkS"": ""coverage is basically the same""}"
Teufel_original_dataset/CFC_distribution/2006_paper_training/9502014.cfc-scixml,"Neither Kamp nor Kehler extend their copying / substitution mechanism to anything besides pronouns, as we have done.","Neither Kamp nor Kehler extend their copying / substitution mechanism to anything besides pronouns, as we have done.","Neither (CITSEG) nor Kehler extend their copying / substitution mechanism to anything besides pronouns, as we have done.",S-174,174,DIV-2 > DIV-8,"Sloppy identity corresponds to copying the function, but applying it to the event of the ellided clause.","For Kamp, strict identity involves copying the discourse referent of the antecedent and identifying it with that of the ellided pronoun.","Sloppy identity copies the conditions on the antecedent discourse referent, and applies them to the discourse referent of the ellided pronoun.","In Kehler 's case, it is hard to see how his role assignment functions can be extended to deal with non-referential terms in the desired manner.",DRT 's use of discourse referents to indicate scope suggests that Kamp 's treatment may be more readily extended in this manner; lists of discourse referents at the top of DRS boxes are highly reminiscent of the index lists in scope nodes.,,"Sloppy identity corresponds to copying the function, but applying it to the event of the ellided clause. For Kamp, strict identity involves copying the discourse referent of the antecedent and identifying it with that of the ellided pronoun. Sloppy identity copies the conditions on the antecedent discourse referent, and applies them to the discourse referent of the ellided pronoun.","In Kehler 's case, it is hard to see how his role assignment functions can be extended to deal with non-referential terms in the desired manner. DRT 's use of discourse referents to indicate scope suggests that Kamp 's treatment may be more readily extended in this manner; lists of discourse referents at the top of DRS boxes are highly reminiscent of the index lists in scope nodes.","Sloppy identity corresponds to copying the function, but applying it to the event of the ellided clause. For Kamp, strict identity involves copying the discourse referent of the antecedent and identifying it with that of the ellided pronoun. Sloppy identity copies the conditions on the antecedent discourse referent, and applies them to the discourse referent of the ellided pronoun. Neither Kamp nor Kehler extend their copying / substitution mechanism to anything besides pronouns, as we have done. In Kehler 's case, it is hard to see how his role assignment functions can be extended to deal with non-referential terms in the desired manner. DRT 's use of discourse referents to indicate scope suggests that Kamp 's treatment may be more readily extended in this manner; lists of discourse referents at the top of DRS boxes are highly reminiscent of the index lists in scope nodes.","Sloppy identity corresponds to copying the function, but applying it to the event of the ellided clause. For Kamp, strict identity involves copying the discourse referent of the antecedent and identifying it with that of the ellided pronoun. Sloppy identity copies the conditions on the antecedent discourse referent, and applies them to the discourse referent of the ellided pronoun. Neither (CITSEG) nor Kehler extend their copying / substitution mechanism to anything besides pronouns, as we have done. In Kehler 's case, it is hard to see how his role assignment functions can be extended to deal with non-referential terms in the desired manner. DRT 's use of discourse referents to indicate scope suggests that Kamp 's treatment may be more readily extended in this manner; lists of discourse referents at the top of DRS boxes are highly reminiscent of the index lists in scope nodes.",Kamp,CoCoGM,,False,REFAUTHOR,"{""CFunc"": ""CoCoGM"", ""ID"": ""R-36"", ""LinkS"": ""Neither...nor...as we have done""}"
Teufel_original_dataset/CFC_distribution/2006_paper_training/9502014.cfc-scixml,"Neither Kamp nor Kehler extend their copying / substitution mechanism to anything besides pronouns, as we have done.","Neither Kamp nor Kehler extend their copying / substitution mechanism to anything besides pronouns, as we have done.","Neither Kamp nor (CITSEG) extend their copying / substitution mechanism to anything besides pronouns, as we have done.",S-174,174,DIV-2 > DIV-8,"Sloppy identity corresponds to copying the function, but applying it to the event of the ellided clause.","For Kamp, strict identity involves copying the discourse referent of the antecedent and identifying it with that of the ellided pronoun.","Sloppy identity copies the conditions on the antecedent discourse referent, and applies them to the discourse referent of the ellided pronoun.","In Kehler 's case, it is hard to see how his role assignment functions can be extended to deal with non-referential terms in the desired manner.",DRT 's use of discourse referents to indicate scope suggests that Kamp 's treatment may be more readily extended in this manner; lists of discourse referents at the top of DRS boxes are highly reminiscent of the index lists in scope nodes.,,"Sloppy identity corresponds to copying the function, but applying it to the event of the ellided clause. For Kamp, strict identity involves copying the discourse referent of the antecedent and identifying it with that of the ellided pronoun. Sloppy identity copies the conditions on the antecedent discourse referent, and applies them to the discourse referent of the ellided pronoun.","In Kehler 's case, it is hard to see how his role assignment functions can be extended to deal with non-referential terms in the desired manner. DRT 's use of discourse referents to indicate scope suggests that Kamp 's treatment may be more readily extended in this manner; lists of discourse referents at the top of DRS boxes are highly reminiscent of the index lists in scope nodes.","Sloppy identity corresponds to copying the function, but applying it to the event of the ellided clause. For Kamp, strict identity involves copying the discourse referent of the antecedent and identifying it with that of the ellided pronoun. Sloppy identity copies the conditions on the antecedent discourse referent, and applies them to the discourse referent of the ellided pronoun. Neither Kamp nor Kehler extend their copying / substitution mechanism to anything besides pronouns, as we have done. In Kehler 's case, it is hard to see how his role assignment functions can be extended to deal with non-referential terms in the desired manner. DRT 's use of discourse referents to indicate scope suggests that Kamp 's treatment may be more readily extended in this manner; lists of discourse referents at the top of DRS boxes are highly reminiscent of the index lists in scope nodes.","Sloppy identity corresponds to copying the function, but applying it to the event of the ellided clause. For Kamp, strict identity involves copying the discourse referent of the antecedent and identifying it with that of the ellided pronoun. Sloppy identity copies the conditions on the antecedent discourse referent, and applies them to the discourse referent of the ellided pronoun. Neither Kamp nor (CITSEG) extend their copying / substitution mechanism to anything besides pronouns, as we have done. In Kehler 's case, it is hard to see how his role assignment functions can be extended to deal with non-referential terms in the desired manner. DRT 's use of discourse referents to indicate scope suggests that Kamp 's treatment may be more readily extended in this manner; lists of discourse referents at the top of DRS boxes are highly reminiscent of the index lists in scope nodes.",Kehler,CoCoGM,,False,REFAUTHOR,"{""CFunc"": ""CoCoGM"", ""ID"": ""R-37""}"
Teufel_original_dataset/CFC_distribution/2006_paper_training/9502014.cfc-scixml,"The substitutional treatment of ellipsis presented here has broadly the same coverage as Dalrymple et al. 's higher-order unification treatment, but has the computational advantages of","The substitutional treatment of ellipsis presented here has broadly the same coverage as Dalrymple et al. 's higher-order unification treatment, but has the computational advantages of","The substitutional treatment of ellipsis presented here has broadly the same coverage as (CITSEG) 's higher-order unification treatment, but has the computational advantages of",S-210,210,DIV-11,,,,"not requiring order-sensitive interleaving of different resolution operations, and",not requiring greater than second-order matching for dealing with quantifiers.,"In addition, it cures a slight overgeneration problem in Dalrymple et al. 's account.",,"not requiring order-sensitive interleaving of different resolution operations, and not requiring greater than second-order matching for dealing with quantifiers. In addition, it cures a slight overgeneration problem in Dalrymple et al. 's account.","The substitutional treatment of ellipsis presented here has broadly the same coverage as Dalrymple et al. 's higher-order unification treatment, but has the computational advantages of not requiring order-sensitive interleaving of different resolution operations, and not requiring greater than second-order matching for dealing with quantifiers. In addition, it cures a slight overgeneration problem in Dalrymple et al. 's account.","The substitutional treatment of ellipsis presented here has broadly the same coverage as (CITSEG) 's higher-order unification treatment, but has the computational advantages of not requiring order-sensitive interleaving of different resolution operations, and not requiring greater than second-order matching for dealing with quantifiers. In addition, it cures a slight overgeneration problem in Dalrymple et al. 's account.",Dalrymple et al.,CoCoR0,,False,REFAUTHOR,"{""CFunc"": ""CoCoR0"", ""ID"": ""R-53"", ""LinkS"": ""broadly the same coverage as""}"
Teufel_original_dataset/CFC_distribution/2006_paper_training/9502014.cfc-scixml,"In addition, it cures a slight overgeneration problem in Dalrymple et al. 's account.","In addition, it cures a slight overgeneration problem in Dalrymple et al. 's account.","In addition, it cures a slight overgeneration problem in (CITSEG) 's account.",S-213,213,DIV-11,"The substitutional treatment of ellipsis presented here has broadly the same coverage as Dalrymple et al. 's higher-order unification treatment, but has the computational advantages of","not requiring order-sensitive interleaving of different resolution operations, and",not requiring greater than second-order matching for dealing with quantifiers.,It has been claimed that these advantages arise from viewing semantic interpretation as a process of building descriptions of semantic compositions.,"To conclude, a few further arguments for this view, that are independent of any particular proposals for dealing with ellipsis.",Order-Independence:,"The substitutional treatment of ellipsis presented here has broadly the same coverage as Dalrymple et al. 's higher-order unification treatment, but has the computational advantages of not requiring order-sensitive interleaving of different resolution operations, and not requiring greater than second-order matching for dealing with quantifiers.","It has been claimed that these advantages arise from viewing semantic interpretation as a process of building descriptions of semantic compositions. To conclude, a few further arguments for this view, that are independent of any particular proposals for dealing with ellipsis. Order-Independence:","The substitutional treatment of ellipsis presented here has broadly the same coverage as Dalrymple et al. 's higher-order unification treatment, but has the computational advantages of not requiring order-sensitive interleaving of different resolution operations, and not requiring greater than second-order matching for dealing with quantifiers. In addition, it cures a slight overgeneration problem in Dalrymple et al. 's account. It has been claimed that these advantages arise from viewing semantic interpretation as a process of building descriptions of semantic compositions. To conclude, a few further arguments for this view, that are independent of any particular proposals for dealing with ellipsis. Order-Independence:","The substitutional treatment of ellipsis presented here has broadly the same coverage as Dalrymple et al. 's higher-order unification treatment, but has the computational advantages of not requiring order-sensitive interleaving of different resolution operations, and not requiring greater than second-order matching for dealing with quantifiers. In addition, it cures a slight overgeneration problem in (CITSEG) 's account. It has been claimed that these advantages arise from viewing semantic interpretation as a process of building descriptions of semantic compositions. To conclude, a few further arguments for this view, that are independent of any particular proposals for dealing with ellipsis. Order-Independence:",Dalrymple et al.,CoCo-,,False,REFAUTHOR,"{""CFunc"": ""CoCo-"", ""ID"": ""R-54"", ""LinkS"": ""it cures a...problem""}"
Teufel_original_dataset/CFC_distribution/2006_paper_training/9411023.cfc-scixml,"First, unlike conventional word-frequency-based abstract generation systems Kuhn 1958, the generated abstract is consistent with the original text in that the connectives between sentences in the abstract reflect their relation in the original text.","First, unlike conventional word-frequency-based abstract generation systems Kuhn 1958, the generated abstract is consistent with the original text in that the connectives between sentences in the abstract reflect their relation in the original text.","First, unlike conventional word-frequency-based abstract generation systems (CITSEG), the generated abstract is consistent with the original text in that the connectives between sentences in the abstract reflect their relation in the original text.",S-101,101,DIV-6,"The rhetorical structure provides a natural order of importance among sentences in the text, and can be used to determine which sentence should be extracted in the abstract, according to the desired length of the abstract.","The rhetorical structure also provides the rhetorical relation between the extracted sentences, and can be used to generate appropriate connectives between them.",Abstract generation based on rhetorical structure extraction has four merits.,"Second, once the rhetorical structure is obtained, various lengths of generated abstracts can be generated easily.",This can be done by simply repeating the reduction process until one gets the desired length of abstract.,"Third, unlike conventional knowledge or script-based abstract generation systems Lehnert 1980, Fum 1986, the rhetorical structure extraction does not need prepared knowledge or scripts related to the original text, and can be used for texts of any domain, so long as they contain enough rhetorical expressions to be expository writings.","The rhetorical structure provides a natural order of importance among sentences in the text, and can be used to determine which sentence should be extracted in the abstract, according to the desired length of the abstract. The rhetorical structure also provides the rhetorical relation between the extracted sentences, and can be used to generate appropriate connectives between them. Abstract generation based on rhetorical structure extraction has four merits.","Second, once the rhetorical structure is obtained, various lengths of generated abstracts can be generated easily. This can be done by simply repeating the reduction process until one gets the desired length of abstract. Third, unlike conventional knowledge or script-based abstract generation systems Lehnert 1980, Fum 1986, the rhetorical structure extraction does not need prepared knowledge or scripts related to the original text, and can be used for texts of any domain, so long as they contain enough rhetorical expressions to be expository writings.","The rhetorical structure provides a natural order of importance among sentences in the text, and can be used to determine which sentence should be extracted in the abstract, according to the desired length of the abstract. The rhetorical structure also provides the rhetorical relation between the extracted sentences, and can be used to generate appropriate connectives between them. Abstract generation based on rhetorical structure extraction has four merits. First, unlike conventional word-frequency-based abstract generation systems Kuhn 1958, the generated abstract is consistent with the original text in that the connectives between sentences in the abstract reflect their relation in the original text. Second, once the rhetorical structure is obtained, various lengths of generated abstracts can be generated easily. This can be done by simply repeating the reduction process until one gets the desired length of abstract. Third, unlike conventional knowledge or script-based abstract generation systems Lehnert 1980, Fum 1986, the rhetorical structure extraction does not need prepared knowledge or scripts related to the original text, and can be used for texts of any domain, so long as they contain enough rhetorical expressions to be expository writings.","The rhetorical structure provides a natural order of importance among sentences in the text, and can be used to determine which sentence should be extracted in the abstract, according to the desired length of the abstract. The rhetorical structure also provides the rhetorical relation between the extracted sentences, and can be used to generate appropriate connectives between them. Abstract generation based on rhetorical structure extraction has four merits. First, unlike conventional word-frequency-based abstract generation systems (CITSEG), the generated abstract is consistent with the original text in that the connectives between sentences in the abstract reflect their relation in the original text. Second, once the rhetorical structure is obtained, various lengths of generated abstracts can be generated easily. This can be done by simply repeating the reduction process until one gets the desired length of abstract. Third, unlike conventional knowledge or script-based abstract generation systems Lehnert 1980, Fum 1986, the rhetorical structure extraction does not need prepared knowledge or scripts related to the original text, and can be used for texts of any domain, so long as they contain enough rhetorical expressions to be expository writings.",Kuhn 1958,CoCoGM,P,False,REF,"{""CFunc"": ""CoCoGM"", ""ID"": ""R-14"", ""LinkS"": ""unlike"", ""TYPE"": ""P""}"
Teufel_original_dataset/CFC_distribution/2006_paper_training/9411023.cfc-scixml,"Third, unlike conventional knowledge or script-based abstract generation systems Lehnert 1980, Fum 1986, the rhetorical structure extraction does not need prepared knowledge or scripts related to the original text, and can be used for texts of any domain, so long as they contain enough rhetorical expressions to be expository writings.","Third, unlike conventional knowledge or script-based abstract generation systems Lehnert 1980, Fum 1986, the rhetorical structure extraction does not need prepared knowledge or scripts related to the original text, and can be used for texts of any domain, so long as they contain enough rhetorical expressions to be expository writings.","Third, unlike conventional knowledge or script-based abstract generation systems (CITSEG), Fum 1986, the rhetorical structure extraction does not need prepared knowledge or scripts related to the original text, and can be used for texts of any domain, so long as they contain enough rhetorical expressions to be expository writings.",S-104,104,DIV-6,"First, unlike conventional word-frequency-based abstract generation systems Kuhn 1958, the generated abstract is consistent with the original text in that the connectives between sentences in the abstract reflect their relation in the original text.","Second, once the rhetorical structure is obtained, various lengths of generated abstracts can be generated easily.",This can be done by simply repeating the reduction process until one gets the desired length of abstract.,"Fourth, the generated abstract is composed of rhetoricaly consistent units which consist of several sentences and form a rhetorical substructure.",so the abstract does not contain fragmentary sentences which cannot be understood alone.,The limitations of the system are mainly due to errors in the rhetorical structure analysis and the sentence-selection-type abstract generation.,"First, unlike conventional word-frequency-based abstract generation systems Kuhn 1958, the generated abstract is consistent with the original text in that the connectives between sentences in the abstract reflect their relation in the original text. Second, once the rhetorical structure is obtained, various lengths of generated abstracts can be generated easily. This can be done by simply repeating the reduction process until one gets the desired length of abstract.","Fourth, the generated abstract is composed of rhetoricaly consistent units which consist of several sentences and form a rhetorical substructure. so the abstract does not contain fragmentary sentences which cannot be understood alone. The limitations of the system are mainly due to errors in the rhetorical structure analysis and the sentence-selection-type abstract generation.","First, unlike conventional word-frequency-based abstract generation systems Kuhn 1958, the generated abstract is consistent with the original text in that the connectives between sentences in the abstract reflect their relation in the original text. Second, once the rhetorical structure is obtained, various lengths of generated abstracts can be generated easily. This can be done by simply repeating the reduction process until one gets the desired length of abstract. Third, unlike conventional knowledge or script-based abstract generation systems Lehnert 1980, Fum 1986, the rhetorical structure extraction does not need prepared knowledge or scripts related to the original text, and can be used for texts of any domain, so long as they contain enough rhetorical expressions to be expository writings. Fourth, the generated abstract is composed of rhetoricaly consistent units which consist of several sentences and form a rhetorical substructure. so the abstract does not contain fragmentary sentences which cannot be understood alone. The limitations of the system are mainly due to errors in the rhetorical structure analysis and the sentence-selection-type abstract generation.","First, unlike conventional word-frequency-based abstract generation systems Kuhn 1958, the generated abstract is consistent with the original text in that the connectives between sentences in the abstract reflect their relation in the original text. Second, once the rhetorical structure is obtained, various lengths of generated abstracts can be generated easily. This can be done by simply repeating the reduction process until one gets the desired length of abstract. Third, unlike conventional knowledge or script-based abstract generation systems (CITSEG), Fum 1986, the rhetorical structure extraction does not need prepared knowledge or scripts related to the original text, and can be used for texts of any domain, so long as they contain enough rhetorical expressions to be expository writings. Fourth, the generated abstract is composed of rhetoricaly consistent units which consist of several sentences and form a rhetorical substructure. so the abstract does not contain fragmentary sentences which cannot be understood alone. The limitations of the system are mainly due to errors in the rhetorical structure analysis and the sentence-selection-type abstract generation.",Lehnert 1980,CoCo-,P,False,REF,"{""CFunc"": ""CoCo-"", ""ID"": ""R-15"", ""LinkS"": ""unlike...does not need "", ""TYPE"": ""P""}"
Teufel_original_dataset/CFC_distribution/2006_paper_training/9411023.cfc-scixml,"Third, unlike conventional knowledge or script-based abstract generation systems Lehnert 1980, Fum 1986, the rhetorical structure extraction does not need prepared knowledge or scripts related to the original text, and can be used for texts of any domain, so long as they contain enough rhetorical expressions to be expository writings.","Third, unlike conventional knowledge or script-based abstract generation systems Lehnert 1980, Fum 1986, the rhetorical structure extraction does not need prepared knowledge or scripts related to the original text, and can be used for texts of any domain, so long as they contain enough rhetorical expressions to be expository writings.","Third, unlike conventional knowledge or script-based abstract generation systems Lehnert 1980, (CITSEG), the rhetorical structure extraction does not need prepared knowledge or scripts related to the original text, and can be used for texts of any domain, so long as they contain enough rhetorical expressions to be expository writings.",S-104,104,DIV-6,"First, unlike conventional word-frequency-based abstract generation systems Kuhn 1958, the generated abstract is consistent with the original text in that the connectives between sentences in the abstract reflect their relation in the original text.","Second, once the rhetorical structure is obtained, various lengths of generated abstracts can be generated easily.",This can be done by simply repeating the reduction process until one gets the desired length of abstract.,"Fourth, the generated abstract is composed of rhetoricaly consistent units which consist of several sentences and form a rhetorical substructure.",so the abstract does not contain fragmentary sentences which cannot be understood alone.,The limitations of the system are mainly due to errors in the rhetorical structure analysis and the sentence-selection-type abstract generation.,"First, unlike conventional word-frequency-based abstract generation systems Kuhn 1958, the generated abstract is consistent with the original text in that the connectives between sentences in the abstract reflect their relation in the original text. Second, once the rhetorical structure is obtained, various lengths of generated abstracts can be generated easily. This can be done by simply repeating the reduction process until one gets the desired length of abstract.","Fourth, the generated abstract is composed of rhetoricaly consistent units which consist of several sentences and form a rhetorical substructure. so the abstract does not contain fragmentary sentences which cannot be understood alone. The limitations of the system are mainly due to errors in the rhetorical structure analysis and the sentence-selection-type abstract generation.","First, unlike conventional word-frequency-based abstract generation systems Kuhn 1958, the generated abstract is consistent with the original text in that the connectives between sentences in the abstract reflect their relation in the original text. Second, once the rhetorical structure is obtained, various lengths of generated abstracts can be generated easily. This can be done by simply repeating the reduction process until one gets the desired length of abstract. Third, unlike conventional knowledge or script-based abstract generation systems Lehnert 1980, Fum 1986, the rhetorical structure extraction does not need prepared knowledge or scripts related to the original text, and can be used for texts of any domain, so long as they contain enough rhetorical expressions to be expository writings. Fourth, the generated abstract is composed of rhetoricaly consistent units which consist of several sentences and form a rhetorical substructure. so the abstract does not contain fragmentary sentences which cannot be understood alone. The limitations of the system are mainly due to errors in the rhetorical structure analysis and the sentence-selection-type abstract generation.","First, unlike conventional word-frequency-based abstract generation systems Kuhn 1958, the generated abstract is consistent with the original text in that the connectives between sentences in the abstract reflect their relation in the original text. Second, once the rhetorical structure is obtained, various lengths of generated abstracts can be generated easily. This can be done by simply repeating the reduction process until one gets the desired length of abstract. Third, unlike conventional knowledge or script-based abstract generation systems Lehnert 1980, (CITSEG), the rhetorical structure extraction does not need prepared knowledge or scripts related to the original text, and can be used for texts of any domain, so long as they contain enough rhetorical expressions to be expository writings. Fourth, the generated abstract is composed of rhetoricaly consistent units which consist of several sentences and form a rhetorical substructure. so the abstract does not contain fragmentary sentences which cannot be understood alone. The limitations of the system are mainly due to errors in the rhetorical structure analysis and the sentence-selection-type abstract generation.",Fum 1986,CoCo-,P,False,REF,"{""CFunc"": ""CoCo-"", ""ID"": ""R-16"", ""LinkS"": ""unlike...does not need "", ""TYPE"": ""P""}"
Teufel_original_dataset/CFC_distribution/2006_paper_training/9410012.cfc-scixml,"Similar results are presented by Merialdo 1994, who describes experiments to compare the effect of training from a hand-tagged corpora and using the Baum-Welch algorithm with various initial conditions.","Similar results are presented by Merialdo 1994, who describes experiments to compare the effect of training from a hand-tagged corpora and using the Baum-Welch algorithm with various initial conditions.","Similar results are presented by (CITSEG), who describes experiments to compare the effect of training from a hand-tagged corpora and using the Baum-Welch algorithm with various initial conditions.",S-131,131,DIV-5,"If no such training corpus is available, but a lexicon with at least relative frequency data is available, use BW re-estimation for a small number of iterations.","If neither training corpus nor lexicon are available, use BW re-estimation with standard convergence tests such as perplexity.","Without a lexicon, some initial biasing of the transitions is needed if good results are to be obtained.","As in the experiments above, BW re-estimation gave a decrease in accuracy when the starting point was derived from a significant amount of hand-tagged text.","In addition, although Merialdo does not highlight the point, BW re-estimation starting from less than 5000 words of hand-tagged text shows early maximum behaviour.","Merialdo 's conclusion is that taggers should be trained using as much hand-tagged text as possible to begin with, and only then applying BW re-estimation with untagged text.","If no such training corpus is available, but a lexicon with at least relative frequency data is available, use BW re-estimation for a small number of iterations. If neither training corpus nor lexicon are available, use BW re-estimation with standard convergence tests such as perplexity. Without a lexicon, some initial biasing of the transitions is needed if good results are to be obtained.","As in the experiments above, BW re-estimation gave a decrease in accuracy when the starting point was derived from a significant amount of hand-tagged text. In addition, although Merialdo does not highlight the point, BW re-estimation starting from less than 5000 words of hand-tagged text shows early maximum behaviour. Merialdo 's conclusion is that taggers should be trained using as much hand-tagged text as possible to begin with, and only then applying BW re-estimation with untagged text.","If no such training corpus is available, but a lexicon with at least relative frequency data is available, use BW re-estimation for a small number of iterations. If neither training corpus nor lexicon are available, use BW re-estimation with standard convergence tests such as perplexity. Without a lexicon, some initial biasing of the transitions is needed if good results are to be obtained. Similar results are presented by Merialdo 1994, who describes experiments to compare the effect of training from a hand-tagged corpora and using the Baum-Welch algorithm with various initial conditions. As in the experiments above, BW re-estimation gave a decrease in accuracy when the starting point was derived from a significant amount of hand-tagged text. In addition, although Merialdo does not highlight the point, BW re-estimation starting from less than 5000 words of hand-tagged text shows early maximum behaviour. Merialdo 's conclusion is that taggers should be trained using as much hand-tagged text as possible to begin with, and only then applying BW re-estimation with untagged text.","If no such training corpus is available, but a lexicon with at least relative frequency data is available, use BW re-estimation for a small number of iterations. If neither training corpus nor lexicon are available, use BW re-estimation with standard convergence tests such as perplexity. Without a lexicon, some initial biasing of the transitions is needed if good results are to be obtained. Similar results are presented by (CITSEG), who describes experiments to compare the effect of training from a hand-tagged corpora and using the Baum-Welch algorithm with various initial conditions. As in the experiments above, BW re-estimation gave a decrease in accuracy when the starting point was derived from a significant amount of hand-tagged text. In addition, although Merialdo does not highlight the point, BW re-estimation starting from less than 5000 words of hand-tagged text shows early maximum behaviour. Merialdo 's conclusion is that taggers should be trained using as much hand-tagged text as possible to begin with, and only then applying BW re-estimation with untagged text.",Merialdo 1994,CoCoR0,A,False,REF,"{""CFunc"": ""CoCoR0"", ""ID"": ""R-20"", ""LinkS"": "" Similar results "", ""TYPE"": ""A""}"
Teufel_original_dataset/CFC_distribution/2006_paper_training/9505001.cfc-scixml,"Walker 1994c described a method of determining when to include optional warrants to justify a claim based on factors such as communication cost, inference cost, and cost of memory retrieval.","Walker 1994c described a method of determining when to include optional warrants to justify a claim based on factors such as communication cost, inference cost, and cost of memory retrieval.","(CITSEG) described a method of determining when to include optional warrants to justify a claim based on factors such as communication cost, inference cost, and cost of memory retrieval.",S-16,16,DIV-2,"Sidner 1992, Sidner 1994 formulated an artificial language for modeling collaborative discourse using proposal / acceptance and proposal / rejection sequences; however, her work is descriptive and does not specify response generation strategies for agents involved in collaborative interactions.",Webber and Joshi 1982 have noted the importance of a cooperative system providing support for its responses.,"They identified strategies that a system can adopt in justifying its beliefs; however, they did not specify the criteria under which each of these strategies should be selected.","However, her model focuses on determining when to include informationally redundant utterances, whereas our model determines whether or not justification is needed for a claim to be convincing and, if so, selects appropriate evidence from the system 's private beliefs to support the claim.","Cawsey et al. 1993, Logan et al. 1994 introduced the idea of utilizing a belief revision mechanism Galliers 1992 to predict whether a set of evidence is sufficient to change a user 's existing belief and to generate responses for information retrieval dialogues in a library domain.","They argued that in the library dialogues they analyzed, `` in no cases does negotiation extend beyond the initial belief conflict and its immediate resolution. '' Logan et al. 1994.","Sidner 1992, Sidner 1994 formulated an artificial language for modeling collaborative discourse using proposal / acceptance and proposal / rejection sequences; however, her work is descriptive and does not specify response generation strategies for agents involved in collaborative interactions. Webber and Joshi 1982 have noted the importance of a cooperative system providing support for its responses. They identified strategies that a system can adopt in justifying its beliefs; however, they did not specify the criteria under which each of these strategies should be selected.","However, her model focuses on determining when to include informationally redundant utterances, whereas our model determines whether or not justification is needed for a claim to be convincing and, if so, selects appropriate evidence from the system 's private beliefs to support the claim. Cawsey et al. 1993, Logan et al. 1994 introduced the idea of utilizing a belief revision mechanism Galliers 1992 to predict whether a set of evidence is sufficient to change a user 's existing belief and to generate responses for information retrieval dialogues in a library domain. They argued that in the library dialogues they analyzed, `` in no cases does negotiation extend beyond the initial belief conflict and its immediate resolution. '' Logan et al. 1994.","Sidner 1992, Sidner 1994 formulated an artificial language for modeling collaborative discourse using proposal / acceptance and proposal / rejection sequences; however, her work is descriptive and does not specify response generation strategies for agents involved in collaborative interactions. Webber and Joshi 1982 have noted the importance of a cooperative system providing support for its responses. They identified strategies that a system can adopt in justifying its beliefs; however, they did not specify the criteria under which each of these strategies should be selected. Walker 1994c described a method of determining when to include optional warrants to justify a claim based on factors such as communication cost, inference cost, and cost of memory retrieval. However, her model focuses on determining when to include informationally redundant utterances, whereas our model determines whether or not justification is needed for a claim to be convincing and, if so, selects appropriate evidence from the system 's private beliefs to support the claim. Cawsey et al. 1993, Logan et al. 1994 introduced the idea of utilizing a belief revision mechanism Galliers 1992 to predict whether a set of evidence is sufficient to change a user 's existing belief and to generate responses for information retrieval dialogues in a library domain. They argued that in the library dialogues they analyzed, `` in no cases does negotiation extend beyond the initial belief conflict and its immediate resolution. '' Logan et al. 1994.","Sidner 1992, Sidner 1994 formulated an artificial language for modeling collaborative discourse using proposal / acceptance and proposal / rejection sequences; however, her work is descriptive and does not specify response generation strategies for agents involved in collaborative interactions. Webber and Joshi 1982 have noted the importance of a cooperative system providing support for its responses. They identified strategies that a system can adopt in justifying its beliefs; however, they did not specify the criteria under which each of these strategies should be selected. (CITSEG) described a method of determining when to include optional warrants to justify a claim based on factors such as communication cost, inference cost, and cost of memory retrieval. However, her model focuses on determining when to include informationally redundant utterances, whereas our model determines whether or not justification is needed for a claim to be convincing and, if so, selects appropriate evidence from the system 's private beliefs to support the claim. Cawsey et al. 1993, Logan et al. 1994 introduced the idea of utilizing a belief revision mechanism Galliers 1992 to predict whether a set of evidence is sufficient to change a user 's existing belief and to generate responses for information retrieval dialogues in a library domain. They argued that in the library dialogues they analyzed, `` in no cases does negotiation extend beyond the initial belief conflict and its immediate resolution. '' Logan et al. 1994.",Walker 1994c,CoCoGM,A,False,REF,"{""CFunc"": ""CoCoGM"", ""ID"": ""R-10"", ""LinkS"": ""whereas"", ""TYPE"": ""A""}"
Teufel_original_dataset/CFC_distribution/2006_paper_training/9902001.cfc-scixml,Our results are similar to those reported in Krotov et al. 1994.,Our results are similar to those reported in Krotov et al. 1994.,Our results are similar to those reported in (CITSEG).,S-8,8,DIV-1,"Our compaction algorithm can be extended for the use within the DOP framework but, because of the huge size of the derived grammar (see below), we chose to use the simplest PCFG framework for our experiments.","We are concerned with the nature of the rule set extracted, and how it can be improved, with regard both to linguistic criteria and processing efficiency.","In what follows, we report the worrying observation that the growth of the rule set continues at a square root rate throughout processing of the entire treebank (suggesting, perhaps that the rule set is far from complete).","We discuss an alternative possible source of this rule growth phenomenon, partial bracketting, and suggest that it can be alleviated by compaction, where rules that are redundant (in a sense to be defined) are eliminated from the grammar.","Our experiments on compacting a PTB treebank grammar resulted in two major findings: one, that the grammar can at the limit be compacted to about 7% of its original size, and the rule number growth of the compacted grammar stops at some point.","The other is that a 58% reduction can be achieved with no loss in parsing performance, whereas a 69% reduction yields a gain in recall, but a small loss in precision.","Our compaction algorithm can be extended for the use within the DOP framework but, because of the huge size of the derived grammar (see below), we chose to use the simplest PCFG framework for our experiments. We are concerned with the nature of the rule set extracted, and how it can be improved, with regard both to linguistic criteria and processing efficiency. In what follows, we report the worrying observation that the growth of the rule set continues at a square root rate throughout processing of the entire treebank (suggesting, perhaps that the rule set is far from complete).","We discuss an alternative possible source of this rule growth phenomenon, partial bracketting, and suggest that it can be alleviated by compaction, where rules that are redundant (in a sense to be defined) are eliminated from the grammar. Our experiments on compacting a PTB treebank grammar resulted in two major findings: one, that the grammar can at the limit be compacted to about 7% of its original size, and the rule number growth of the compacted grammar stops at some point. The other is that a 58% reduction can be achieved with no loss in parsing performance, whereas a 69% reduction yields a gain in recall, but a small loss in precision.","Our compaction algorithm can be extended for the use within the DOP framework but, because of the huge size of the derived grammar (see below), we chose to use the simplest PCFG framework for our experiments. We are concerned with the nature of the rule set extracted, and how it can be improved, with regard both to linguistic criteria and processing efficiency. In what follows, we report the worrying observation that the growth of the rule set continues at a square root rate throughout processing of the entire treebank (suggesting, perhaps that the rule set is far from complete). Our results are similar to those reported in Krotov et al. 1994. We discuss an alternative possible source of this rule growth phenomenon, partial bracketting, and suggest that it can be alleviated by compaction, where rules that are redundant (in a sense to be defined) are eliminated from the grammar. Our experiments on compacting a PTB treebank grammar resulted in two major findings: one, that the grammar can at the limit be compacted to about 7% of its original size, and the rule number growth of the compacted grammar stops at some point. The other is that a 58% reduction can be achieved with no loss in parsing performance, whereas a 69% reduction yields a gain in recall, but a small loss in precision.","Our compaction algorithm can be extended for the use within the DOP framework but, because of the huge size of the derived grammar (see below), we chose to use the simplest PCFG framework for our experiments. We are concerned with the nature of the rule set extracted, and how it can be improved, with regard both to linguistic criteria and processing efficiency. In what follows, we report the worrying observation that the growth of the rule set continues at a square root rate throughout processing of the entire treebank (suggesting, perhaps that the rule set is far from complete). Our results are similar to those reported in (CITSEG). We discuss an alternative possible source of this rule growth phenomenon, partial bracketting, and suggest that it can be alleviated by compaction, where rules that are redundant (in a sense to be defined) are eliminated from the grammar. Our experiments on compacting a PTB treebank grammar resulted in two major findings: one, that the grammar can at the limit be compacted to about 7% of its original size, and the rule number growth of the compacted grammar stops at some point. The other is that a 58% reduction can be achieved with no loss in parsing performance, whereas a 69% reduction yields a gain in recall, but a small loss in precision.",Krotov et al. 1994,CoCoR0,,True,REF,"{""CFunc"": ""CoCoR0"", ""ID"": ""R-6"", ""LinkS"": ""similar results"", ""SELF"": ""YES""}"
Teufel_original_dataset/CFC_distribution/2006_paper_training/9906004.cfc-scixml,"Argamon et al. 1998 report for subject and object identification of respectively 86.5% and 83.0%, compared to 81.8% and 81.0% in this paper.","Argamon et al. 1998 report for subject and object identification of respectively 86.5% and 83.0%, compared to 81.8% and 81.0% in this paper.","(CITSEG) report for subject and object identification of respectively 86.5% and 83.0%, compared to 81.8% and 81.0% in this paper.",S-155,155,DIV-7,Adverbial functions are more important for the two adjuncts (+6.3% resp.,+15%) than for the two complements (+0.2% resp.,+0.7%).,"Note however that Argamon et al. 1998 do not identify the head of subjects, subjects in embedded clauses, or subjects and objects related to the verb only through a trace, which makes their task easier.",For a detailed comparison of the two methods on the same task see Daelemans et al. 1999a.,"That paper also shows that the chunking method proposed here performs about as well as other methods, and that the influence of tagging errors on (NP) chunking is less than 1%.",Adverbial functions are more important for the two adjuncts (+6.3% resp. +15%) than for the two complements (+0.2% resp. +0.7%).,"Note however that Argamon et al. 1998 do not identify the head of subjects, subjects in embedded clauses, or subjects and objects related to the verb only through a trace, which makes their task easier. For a detailed comparison of the two methods on the same task see Daelemans et al. 1999a. That paper also shows that the chunking method proposed here performs about as well as other methods, and that the influence of tagging errors on (NP) chunking is less than 1%.","Adverbial functions are more important for the two adjuncts (+6.3% resp. +15%) than for the two complements (+0.2% resp. +0.7%). Argamon et al. 1998 report for subject and object identification of respectively 86.5% and 83.0%, compared to 81.8% and 81.0% in this paper. Note however that Argamon et al. 1998 do not identify the head of subjects, subjects in embedded clauses, or subjects and objects related to the verb only through a trace, which makes their task easier. For a detailed comparison of the two methods on the same task see Daelemans et al. 1999a. That paper also shows that the chunking method proposed here performs about as well as other methods, and that the influence of tagging errors on (NP) chunking is less than 1%.","Adverbial functions are more important for the two adjuncts (+6.3% resp. +15%) than for the two complements (+0.2% resp. +0.7%). (CITSEG) report for subject and object identification of respectively 86.5% and 83.0%, compared to 81.8% and 81.0% in this paper. Note however that Argamon et al. 1998 do not identify the head of subjects, subjects in embedded clauses, or subjects and objects related to the verb only through a trace, which makes their task easier. For a detailed comparison of the two methods on the same task see Daelemans et al. 1999a. That paper also shows that the chunking method proposed here performs about as well as other methods, and that the influence of tagging errors on (NP) chunking is less than 1%.",Argamon et al. 1998,CoCoR0,,False,REF,"{""CFunc"": ""CoCoR0"", ""ID"": ""R-21""}"
Teufel_original_dataset/CFC_distribution/2006_paper_training/9906004.cfc-scixml,"Note however that Argamon et al. 1998 do not identify the head of subjects, subjects in embedded clauses, or subjects and objects related to the verb only through a trace, which makes their task easier.","Note however that Argamon et al. 1998 do not identify the head of subjects, subjects in embedded clauses, or subjects and objects related to the verb only through a trace, which makes their task easier.","Note however that (CITSEG) do not identify the head of subjects, subjects in embedded clauses, or subjects and objects related to the verb only through a trace, which makes their task easier.",S-156,156,DIV-7,+15%) than for the two complements (+0.2% resp.,+0.7%).,"Argamon et al. 1998 report for subject and object identification of respectively 86.5% and 83.0%, compared to 81.8% and 81.0% in this paper.",For a detailed comparison of the two methods on the same task see Daelemans et al. 1999a.,"That paper also shows that the chunking method proposed here performs about as well as other methods, and that the influence of tagging errors on (NP) chunking is less than 1%.","To study the effect of the errors in the lower modules other than the tagger, we used `` perfect '' test data in a last experiment, i.e. data annotated with partial information taken directly from the treebank.","+15%) than for the two complements (+0.2% resp. +0.7%). Argamon et al. 1998 report for subject and object identification of respectively 86.5% and 83.0%, compared to 81.8% and 81.0% in this paper.","For a detailed comparison of the two methods on the same task see Daelemans et al. 1999a. That paper also shows that the chunking method proposed here performs about as well as other methods, and that the influence of tagging errors on (NP) chunking is less than 1%. To study the effect of the errors in the lower modules other than the tagger, we used `` perfect '' test data in a last experiment, i.e. data annotated with partial information taken directly from the treebank.","+15%) than for the two complements (+0.2% resp. +0.7%). Argamon et al. 1998 report for subject and object identification of respectively 86.5% and 83.0%, compared to 81.8% and 81.0% in this paper. Note however that Argamon et al. 1998 do not identify the head of subjects, subjects in embedded clauses, or subjects and objects related to the verb only through a trace, which makes their task easier. For a detailed comparison of the two methods on the same task see Daelemans et al. 1999a. That paper also shows that the chunking method proposed here performs about as well as other methods, and that the influence of tagging errors on (NP) chunking is less than 1%. To study the effect of the errors in the lower modules other than the tagger, we used `` perfect '' test data in a last experiment, i.e. data annotated with partial information taken directly from the treebank.","+15%) than for the two complements (+0.2% resp. +0.7%). Argamon et al. 1998 report for subject and object identification of respectively 86.5% and 83.0%, compared to 81.8% and 81.0% in this paper. Note however that (CITSEG) do not identify the head of subjects, subjects in embedded clauses, or subjects and objects related to the verb only through a trace, which makes their task easier. For a detailed comparison of the two methods on the same task see Daelemans et al. 1999a. That paper also shows that the chunking method proposed here performs about as well as other methods, and that the influence of tagging errors on (NP) chunking is less than 1%. To study the effect of the errors in the lower modules other than the tagger, we used `` perfect '' test data in a last experiment, i.e. data annotated with partial information taken directly from the treebank.",Argamon et al. 1998,CoCoGM,,False,REF,"{""CFunc"": ""CoCoGM"", ""ID"": ""R-22"", ""LinkS"": ""their task is easier than ours""}"
Teufel_original_dataset/CFC_distribution/2006_paper_training/9606028.cfc-scixml,"Note that in this paper *restrictor* specifies the features to be removed by, whereas in Shieber 1985, Shieber 1992 restrictor specifies the features to be retained by restriction which is equivalent to.","Note that in this paper *restrictor* specifies the features to be removed by, whereas in Shieber 1985, Shieber 1992 restrictor specifies the features to be retained by restriction which is equivalent to.","Note that in this paper *restrictor* specifies the features to be removed by, whereas in (CITSEG), Shieber 1992 restrictor specifies the features to be retained by restriction which is equivalent to.",S-18,18,DIV-2,'' The unification of D and D ' is notated by.,"The extraction function D / p1 extracts the subdag under path p1 for a given D, and the embedding function injects D into the enclosing dag D ' such that D ' / p1 = D.",The filtering function is similar to Shieber 1992: returns a copy of D in which some features may be removed.,,,,"'' The unification of D and D ' is notated by. The extraction function D / p1 extracts the subdag under path p1 for a given D, and the embedding function injects D into the enclosing dag D ' such that D ' / p1 = D. The filtering function is similar to Shieber 1992: returns a copy of D in which some features may be removed.",,"'' The unification of D and D ' is notated by. The extraction function D / p1 extracts the subdag under path p1 for a given D, and the embedding function injects D into the enclosing dag D ' such that D ' / p1 = D. The filtering function is similar to Shieber 1992: returns a copy of D in which some features may be removed. Note that in this paper *restrictor* specifies the features to be removed by, whereas in Shieber 1985, Shieber 1992 restrictor specifies the features to be retained by restriction which is equivalent to.","'' The unification of D and D ' is notated by. The extraction function D / p1 extracts the subdag under path p1 for a given D, and the embedding function injects D into the enclosing dag D ' such that D ' / p1 = D. The filtering function is similar to Shieber 1992: returns a copy of D in which some features may be removed. Note that in this paper *restrictor* specifies the features to be removed by, whereas in (CITSEG), Shieber 1992 restrictor specifies the features to be retained by restriction which is equivalent to.",Shieber 1985,CoCoGM,,False,REF,"{""CFunc"": ""CoCoGM"", ""ID"": ""R-7""}"
Teufel_original_dataset/CFC_distribution/2006_paper_training/9606028.cfc-scixml,"Note that in this paper *restrictor* specifies the features to be removed by, whereas in Shieber 1985, Shieber 1992 restrictor specifies the features to be retained by restriction which is equivalent to.","Note that in this paper *restrictor* specifies the features to be removed by, whereas in Shieber 1985, Shieber 1992 restrictor specifies the features to be retained by restriction which is equivalent to.","Note that in this paper *restrictor* specifies the features to be removed by, whereas in Shieber 1985, (CITSEG) restrictor specifies the features to be retained by restriction which is equivalent to.",S-18,18,DIV-2,'' The unification of D and D ' is notated by.,"The extraction function D / p1 extracts the subdag under path p1 for a given D, and the embedding function injects D into the enclosing dag D ' such that D ' / p1 = D.",The filtering function is similar to Shieber 1992: returns a copy of D in which some features may be removed.,,,,"'' The unification of D and D ' is notated by. The extraction function D / p1 extracts the subdag under path p1 for a given D, and the embedding function injects D into the enclosing dag D ' such that D ' / p1 = D. The filtering function is similar to Shieber 1992: returns a copy of D in which some features may be removed.",,"'' The unification of D and D ' is notated by. The extraction function D / p1 extracts the subdag under path p1 for a given D, and the embedding function injects D into the enclosing dag D ' such that D ' / p1 = D. The filtering function is similar to Shieber 1992: returns a copy of D in which some features may be removed. Note that in this paper *restrictor* specifies the features to be removed by, whereas in Shieber 1985, Shieber 1992 restrictor specifies the features to be retained by restriction which is equivalent to.","'' The unification of D and D ' is notated by. The extraction function D / p1 extracts the subdag under path p1 for a given D, and the embedding function injects D into the enclosing dag D ' such that D ' / p1 = D. The filtering function is similar to Shieber 1992: returns a copy of D in which some features may be removed. Note that in this paper *restrictor* specifies the features to be removed by, whereas in Shieber 1985, (CITSEG) restrictor specifies the features to be retained by restriction which is equivalent to.",Shieber 1992,CoCoGM,,False,REF,"{""CFunc"": ""CoCoGM"", ""ID"": ""R-8""}"
Teufel_original_dataset/CFC_distribution/2006_paper_training/9806001.cfc-scixml,"For example, picking one among several equivalent (or nearly equivalent) constructions is a form of lexical choice (e.g., "" The Utah Jazz handed the Boston Celtics a defeat "" vs. "" The Utah Jazz defeated the Boston Celtics "" Robin 1994).","For example, picking one among several equivalent (or nearly equivalent) constructions is a form of lexical choice (e.g., "" The Utah Jazz handed the Boston Celtics a defeat "" vs. "" The Utah Jazz defeated the Boston Celtics "" Robin 1994).","For example, picking one among several equivalent (or nearly equivalent) constructions is a form of lexical choice (e.g., "" The Utah Jazz handed the Boston Celtics a defeat "" vs. "" The Utah Jazz defeated the Boston Celtics "" (CITSEG)).",S-41,41,DIV-3,,"Text generation usually involves lexical choice - that is, choosing one way of referring to an entity over another.",Lexical choice refers to a variety of decisions that have to made in text generation.,We are interested in a different aspect of the problem: namely learning the rules that can be used for automatically selecting an appropriate description of an entity in a specific context.,"To be feasible and scaleable, a technique for solving a particular case of the problem of lexical choice must involve automated learning.",It is also useful if the technique can specify enough constraints on the text to be generated so that the number of possible surface realizations that match the semantic constraints is reduced significantly.,"Text generation usually involves lexical choice - that is, choosing one way of referring to an entity over another. Lexical choice refers to a variety of decisions that have to made in text generation.","We are interested in a different aspect of the problem: namely learning the rules that can be used for automatically selecting an appropriate description of an entity in a specific context. To be feasible and scaleable, a technique for solving a particular case of the problem of lexical choice must involve automated learning. It is also useful if the technique can specify enough constraints on the text to be generated so that the number of possible surface realizations that match the semantic constraints is reduced significantly.","Text generation usually involves lexical choice - that is, choosing one way of referring to an entity over another. Lexical choice refers to a variety of decisions that have to made in text generation. For example, picking one among several equivalent (or nearly equivalent) constructions is a form of lexical choice (e.g., "" The Utah Jazz handed the Boston Celtics a defeat "" vs. "" The Utah Jazz defeated the Boston Celtics "" Robin 1994). We are interested in a different aspect of the problem: namely learning the rules that can be used for automatically selecting an appropriate description of an entity in a specific context. To be feasible and scaleable, a technique for solving a particular case of the problem of lexical choice must involve automated learning. It is also useful if the technique can specify enough constraints on the text to be generated so that the number of possible surface realizations that match the semantic constraints is reduced significantly.","Text generation usually involves lexical choice - that is, choosing one way of referring to an entity over another. Lexical choice refers to a variety of decisions that have to made in text generation. For example, picking one among several equivalent (or nearly equivalent) constructions is a form of lexical choice (e.g., "" The Utah Jazz handed the Boston Celtics a defeat "" vs. "" The Utah Jazz defeated the Boston Celtics "" (CITSEG)). We are interested in a different aspect of the problem: namely learning the rules that can be used for automatically selecting an appropriate description of an entity in a specific context. To be feasible and scaleable, a technique for solving a particular case of the problem of lexical choice must involve automated learning. It is also useful if the technique can specify enough constraints on the text to be generated so that the number of possible surface realizations that match the semantic constraints is reduced significantly.",Robin 1994,CoCoGM,,False,REF,"{""CFunc"": ""CoCoGM"", ""ID"": ""R-2"", ""LinkS"": ""different""}"
Teufel_original_dataset/CFC_distribution/2006_paper_training/9604019.cfc-scixml,Generation with the resulting grammar can be compared best with head corner generation Shieber et al. 1990 (see next section).,Generation with the resulting grammar can be compared best with head corner generation Shieber et al. 1990 (see next section).,Generation with the resulting grammar can be compared best with head corner generation (CITSEG) (see next section).,S-125,125,DIV-5 > DIV-9,As a result of the fact that there are no other magic_s literals in the remainder of the magic-compiled grammar the magic_s rule can be discarded.,This filter optimization is reminiscent of computing the deterministic closure over the magic part of a compiled grammar Doerre 1993 at compile time.,"Performing this optimization throughout the magic part of the grammar in figure not only leads to a more succinct grammar, but brings about a different processing behavior.",,,,"As a result of the fact that there are no other magic_s literals in the remainder of the magic-compiled grammar the magic_s rule can be discarded. This filter optimization is reminiscent of computing the deterministic closure over the magic part of a compiled grammar Doerre 1993 at compile time. Performing this optimization throughout the magic part of the grammar in figure not only leads to a more succinct grammar, but brings about a different processing behavior.",,"As a result of the fact that there are no other magic_s literals in the remainder of the magic-compiled grammar the magic_s rule can be discarded. This filter optimization is reminiscent of computing the deterministic closure over the magic part of a compiled grammar Doerre 1993 at compile time. Performing this optimization throughout the magic part of the grammar in figure not only leads to a more succinct grammar, but brings about a different processing behavior. Generation with the resulting grammar can be compared best with head corner generation Shieber et al. 1990 (see next section).","As a result of the fact that there are no other magic_s literals in the remainder of the magic-compiled grammar the magic_s rule can be discarded. This filter optimization is reminiscent of computing the deterministic closure over the magic part of a compiled grammar Doerre 1993 at compile time. Performing this optimization throughout the magic part of the grammar in figure not only leads to a more succinct grammar, but brings about a different processing behavior. Generation with the resulting grammar can be compared best with head corner generation (CITSEG) (see next section).",Shieber et al. 1990,CoCoGM,P,False,REF,"{""CFunc"": ""CoCoGM"", ""ID"": ""R-25"", ""LinkS"": ""can be compared best with"", ""TYPE"": ""P""}"
Teufel_original_dataset/CFC_distribution/2006_paper_training/9702002.cfc-scixml,Brent proposes estimating these probabilities experimentally on the basis of the behaviour of the extractor.,Brent proposes estimating these probabilities experimentally on the basis of the behaviour of the extractor.,(CITSEG) proposes estimating these probabilities experimentally on the basis of the behaviour of the extractor.,S-65,65,DIV-4,"The resulting set of putative classes for a predicate are filtered, following Brent 1993, by hypothesis testing on binomial frequency data.","Evaluating putative entries on binomial frequency data requires that we record the total number of patternsets n for a given predicate, and the number of these patternsets containing a pattern supporting an entry for given class m.","These figures are straightforwardly computed from the output of the classifier; however, we also require an estimate of the probability that a pattern for class i will occur with a verb which is not a member of subcategorization class i.","We estimate this probability more directly by first extracting the number of verbs which are members of each class in the ANLT dictionary (with intuitive estimates for the membership of the novel classes) and converting this to a probability of class membership by dividing by the total number of verbs in the dictionary; and secondly, by multiplying the complement of these probabilities by the probability of a pattern for class i, defined as the number of patterns for i extracted from the Susanne corpus divided by the total number of patterns.","So,, the probability of verb v not of class i occurring with a pattern for class i is:",The binomial distribution gives the probability of an event with probability p happening exactly m times out of n attempts:,"The resulting set of putative classes for a predicate are filtered, following Brent 1993, by hypothesis testing on binomial frequency data. Evaluating putative entries on binomial frequency data requires that we record the total number of patternsets n for a given predicate, and the number of these patternsets containing a pattern supporting an entry for given class m. These figures are straightforwardly computed from the output of the classifier; however, we also require an estimate of the probability that a pattern for class i will occur with a verb which is not a member of subcategorization class i.","We estimate this probability more directly by first extracting the number of verbs which are members of each class in the ANLT dictionary (with intuitive estimates for the membership of the novel classes) and converting this to a probability of class membership by dividing by the total number of verbs in the dictionary; and secondly, by multiplying the complement of these probabilities by the probability of a pattern for class i, defined as the number of patterns for i extracted from the Susanne corpus divided by the total number of patterns. So,, the probability of verb v not of class i occurring with a pattern for class i is: The binomial distribution gives the probability of an event with probability p happening exactly m times out of n attempts:","The resulting set of putative classes for a predicate are filtered, following Brent 1993, by hypothesis testing on binomial frequency data. Evaluating putative entries on binomial frequency data requires that we record the total number of patternsets n for a given predicate, and the number of these patternsets containing a pattern supporting an entry for given class m. These figures are straightforwardly computed from the output of the classifier; however, we also require an estimate of the probability that a pattern for class i will occur with a verb which is not a member of subcategorization class i. Brent proposes estimating these probabilities experimentally on the basis of the behaviour of the extractor. We estimate this probability more directly by first extracting the number of verbs which are members of each class in the ANLT dictionary (with intuitive estimates for the membership of the novel classes) and converting this to a probability of class membership by dividing by the total number of verbs in the dictionary; and secondly, by multiplying the complement of these probabilities by the probability of a pattern for class i, defined as the number of patterns for i extracted from the Susanne corpus divided by the total number of patterns. So,, the probability of verb v not of class i occurring with a pattern for class i is: The binomial distribution gives the probability of an event with probability p happening exactly m times out of n attempts:","The resulting set of putative classes for a predicate are filtered, following Brent 1993, by hypothesis testing on binomial frequency data. Evaluating putative entries on binomial frequency data requires that we record the total number of patternsets n for a given predicate, and the number of these patternsets containing a pattern supporting an entry for given class m. These figures are straightforwardly computed from the output of the classifier; however, we also require an estimate of the probability that a pattern for class i will occur with a verb which is not a member of subcategorization class i. (CITSEG) proposes estimating these probabilities experimentally on the basis of the behaviour of the extractor. We estimate this probability more directly by first extracting the number of verbs which are members of each class in the ANLT dictionary (with intuitive estimates for the membership of the novel classes) and converting this to a probability of class membership by dividing by the total number of verbs in the dictionary; and secondly, by multiplying the complement of these probabilities by the probability of a pattern for class i, defined as the number of patterns for i extracted from the Susanne corpus divided by the total number of patterns. So,, the probability of verb v not of class i occurring with a pattern for class i is: The binomial distribution gives the probability of an event with probability p happening exactly m times out of n attempts:",Brent,CoCoGM,,False,REFAUTHOR,"{""CFunc"": ""CoCoGM"", ""ID"": ""R-22""}"
Teufel_original_dataset/CFC_distribution/2006_paper_training/9702002.cfc-scixml,"This simple automated, hybrid linguistic/statistical approach contrasts with the manual linguistic analysis of the COMLEX Syntax lexicographers Meyers et al. 1994, who propose five criteria and five heuristics for argument-hood and six criteria and two heuristics for adjunct-hood, culled mostly from the linguistics literature.","This simple automated, hybrid linguistic/statistical approach contrasts with the manual linguistic analysis of the COMLEX Syntax lexicographers Meyers et al. 1994, who propose five criteria and five heuristics for argument-hood and six criteria and two heuristics for adjunct-hood, culled mostly from the linguistics literature.","This simple automated, hybrid linguistic/statistical approach contrasts with the manual linguistic analysis of the COMLEX Syntax lexicographers (CITSEG), who propose five criteria and five heuristics for argument-hood and six criteria and two heuristics for adjunct-hood, culled mostly from the linguistics literature.",S-74,74,DIV-4 > DIV-5,,Our approach to acquiring subcategorization classes is predicated on the following assumptions:,"most sentences will not allow the application of all possible rules of English complementation; some sentences will be unambiguous even given the indeterminacy of the grammar; many incorrect analyses will yield patterns which are unclassifiable, and are thus filtered out; arguments of a specific verb will occur with greater frequency than adjuncts (in potential argument positions); the patternset generator will incorrectly output patterns for certain classes more often than others; and even a highest ranked pattern for i is only a probabilistic cue for membership of i, so membership should only be inferred if there are enough occurrences of patterns for i in the data to outweigh the error probability for i.","Many of these are not exploitable automatically because they rest on semantic judgements which cannot (yet) be made automatically: for example, optional arguments are often ` understood ' or implied if missing.","Others are syntactic tests involving diathesis alternation possibilities (e.g. passive, dative movement, Levin 1993) which require recognition that the ` same ' argument, defined usually by semantic class / thematic role, is occurring across argument positions.",We hope to exploit this information where possible at a later stage in the development of our approach.,"Our approach to acquiring subcategorization classes is predicated on the following assumptions: most sentences will not allow the application of all possible rules of English complementation; some sentences will be unambiguous even given the indeterminacy of the grammar; many incorrect analyses will yield patterns which are unclassifiable, and are thus filtered out; arguments of a specific verb will occur with greater frequency than adjuncts (in potential argument positions); the patternset generator will incorrectly output patterns for certain classes more often than others; and even a highest ranked pattern for i is only a probabilistic cue for membership of i, so membership should only be inferred if there are enough occurrences of patterns for i in the data to outweigh the error probability for i.","Many of these are not exploitable automatically because they rest on semantic judgements which cannot (yet) be made automatically: for example, optional arguments are often ` understood ' or implied if missing. Others are syntactic tests involving diathesis alternation possibilities (e.g. passive, dative movement, Levin 1993) which require recognition that the ` same ' argument, defined usually by semantic class / thematic role, is occurring across argument positions. We hope to exploit this information where possible at a later stage in the development of our approach.","Our approach to acquiring subcategorization classes is predicated on the following assumptions: most sentences will not allow the application of all possible rules of English complementation; some sentences will be unambiguous even given the indeterminacy of the grammar; many incorrect analyses will yield patterns which are unclassifiable, and are thus filtered out; arguments of a specific verb will occur with greater frequency than adjuncts (in potential argument positions); the patternset generator will incorrectly output patterns for certain classes more often than others; and even a highest ranked pattern for i is only a probabilistic cue for membership of i, so membership should only be inferred if there are enough occurrences of patterns for i in the data to outweigh the error probability for i. This simple automated, hybrid linguistic/statistical approach contrasts with the manual linguistic analysis of the COMLEX Syntax lexicographers Meyers et al. 1994, who propose five criteria and five heuristics for argument-hood and six criteria and two heuristics for adjunct-hood, culled mostly from the linguistics literature. Many of these are not exploitable automatically because they rest on semantic judgements which cannot (yet) be made automatically: for example, optional arguments are often ` understood ' or implied if missing. Others are syntactic tests involving diathesis alternation possibilities (e.g. passive, dative movement, Levin 1993) which require recognition that the ` same ' argument, defined usually by semantic class / thematic role, is occurring across argument positions. We hope to exploit this information where possible at a later stage in the development of our approach.","Our approach to acquiring subcategorization classes is predicated on the following assumptions: most sentences will not allow the application of all possible rules of English complementation; some sentences will be unambiguous even given the indeterminacy of the grammar; many incorrect analyses will yield patterns which are unclassifiable, and are thus filtered out; arguments of a specific verb will occur with greater frequency than adjuncts (in potential argument positions); the patternset generator will incorrectly output patterns for certain classes more often than others; and even a highest ranked pattern for i is only a probabilistic cue for membership of i, so membership should only be inferred if there are enough occurrences of patterns for i in the data to outweigh the error probability for i. This simple automated, hybrid linguistic/statistical approach contrasts with the manual linguistic analysis of the COMLEX Syntax lexicographers (CITSEG), who propose five criteria and five heuristics for argument-hood and six criteria and two heuristics for adjunct-hood, culled mostly from the linguistics literature. Many of these are not exploitable automatically because they rest on semantic judgements which cannot (yet) be made automatically: for example, optional arguments are often ` understood ' or implied if missing. Others are syntactic tests involving diathesis alternation possibilities (e.g. passive, dative movement, Levin 1993) which require recognition that the ` same ' argument, defined usually by semantic class / thematic role, is occurring across argument positions. We hope to exploit this information where possible at a later stage in the development of our approach.",Meyers et al. 1994,CoCoGM,,False,REF,"{""CFunc"": ""CoCoGM"", ""ID"": ""R-23""}"
Teufel_original_dataset/CFC_distribution/2006_paper_training/9702002.cfc-scixml,Ushioda et al. 1993 utilise a PoS tagged corpus and finite-state NP parser to recognize and calculate the relative frequency of six subcategorization classes.,Ushioda et al. 1993 utilise a PoS tagged corpus and finite-state NP parser to recognize and calculate the relative frequency of six subcategorization classes.,(CITSEG) utilise a PoS tagged corpus and finite-state NP parser to recognize and calculate the relative frequency of six subcategorization classes.,S-126,126,DIV-10,"He defines a number of lexical patterns (mostly involving closed class items, such as pronouns) which reliably cue one of five subcategorization classes.","Brent does not report comprehensive results, but for one class, sentential complement verbs, he achieves 96% precision and 76% recall at classifying individual tokens of 63 distinct verbs as exemplars or non-exemplars of this class.",He does not attempt to rank different classes for a given verb.,They report an accuracy rate of 83% (254 errors) at classifying 1565 classifiable tokens of 33 distinct verbs in running text and suggest that incorrect noun phrase boundary detection accounts for the majority of errors.,"They report that for 32 verbs their system correctly predicts the most frequent class, and for 30 verbs it correctly predicts the second most frequent class, if there was one.","Our system rankings include all classes for each verb, from a total of 160 classes, and average 81.4% correct.","He defines a number of lexical patterns (mostly involving closed class items, such as pronouns) which reliably cue one of five subcategorization classes. Brent does not report comprehensive results, but for one class, sentential complement verbs, he achieves 96% precision and 76% recall at classifying individual tokens of 63 distinct verbs as exemplars or non-exemplars of this class. He does not attempt to rank different classes for a given verb.","They report an accuracy rate of 83% (254 errors) at classifying 1565 classifiable tokens of 33 distinct verbs in running text and suggest that incorrect noun phrase boundary detection accounts for the majority of errors. They report that for 32 verbs their system correctly predicts the most frequent class, and for 30 verbs it correctly predicts the second most frequent class, if there was one. Our system rankings include all classes for each verb, from a total of 160 classes, and average 81.4% correct.","He defines a number of lexical patterns (mostly involving closed class items, such as pronouns) which reliably cue one of five subcategorization classes. Brent does not report comprehensive results, but for one class, sentential complement verbs, he achieves 96% precision and 76% recall at classifying individual tokens of 63 distinct verbs as exemplars or non-exemplars of this class. He does not attempt to rank different classes for a given verb. Ushioda et al. 1993 utilise a PoS tagged corpus and finite-state NP parser to recognize and calculate the relative frequency of six subcategorization classes. They report an accuracy rate of 83% (254 errors) at classifying 1565 classifiable tokens of 33 distinct verbs in running text and suggest that incorrect noun phrase boundary detection accounts for the majority of errors. They report that for 32 verbs their system correctly predicts the most frequent class, and for 30 verbs it correctly predicts the second most frequent class, if there was one. Our system rankings include all classes for each verb, from a total of 160 classes, and average 81.4% correct.","He defines a number of lexical patterns (mostly involving closed class items, such as pronouns) which reliably cue one of five subcategorization classes. Brent does not report comprehensive results, but for one class, sentential complement verbs, he achieves 96% precision and 76% recall at classifying individual tokens of 63 distinct verbs as exemplars or non-exemplars of this class. He does not attempt to rank different classes for a given verb. (CITSEG) utilise a PoS tagged corpus and finite-state NP parser to recognize and calculate the relative frequency of six subcategorization classes. They report an accuracy rate of 83% (254 errors) at classifying 1565 classifiable tokens of 33 distinct verbs in running text and suggest that incorrect noun phrase boundary detection accounts for the majority of errors. They report that for 32 verbs their system correctly predicts the most frequent class, and for 30 verbs it correctly predicts the second most frequent class, if there was one. Our system rankings include all classes for each verb, from a total of 160 classes, and average 81.4% correct.",Ushioda et al. 1993,CoCoR0,,False,REF,"{""CFunc"": ""CoCoR0"", ""ID"": ""R-30""}"
Teufel_original_dataset/CFC_distribution/2006_paper_training/9702002.cfc-scixml,"Manning 1993 conducts a larger experiment, also using a PoS tagged corpus and a finite-state NP parser, attempting to recognize sixteen distinct complementation patterns.","Manning 1993 conducts a larger experiment, also using a PoS tagged corpus and a finite-state NP parser, attempting to recognize sixteen distinct complementation patterns.","(CITSEG) conducts a larger experiment, also using a PoS tagged corpus and a finite-state NP parser, attempting to recognize sixteen distinct complementation patterns.",S-130,130,DIV-10,They report an accuracy rate of 83% (254 errors) at classifying 1565 classifiable tokens of 33 distinct verbs in running text and suggest that incorrect noun phrase boundary detection accounts for the majority of errors.,"They report that for 32 verbs their system correctly predicts the most frequent class, and for 30 verbs it correctly predicts the second most frequent class, if there was one.","Our system rankings include all classes for each verb, from a total of 160 classes, and average 81.4% correct.","He reports that for a test sample of 200 tokens of 40 verbs in running text, the acquired subcategorization dictionary listed the appropriate entry for 163 cases, giving a token recall of 82% (as compared with 80.9% in our experiment).","He also reports a comparison of acquired entries for the verbs to the entries given in the Oxford Advanced Learner's Dictionary of Current English (Hornby, 1989) on which his system achieves a precision of 90% and a recall of 43%.",His system averages 3.48 subentries (maximum 10) -- less then half the number produced in our experiment.,"They report an accuracy rate of 83% (254 errors) at classifying 1565 classifiable tokens of 33 distinct verbs in running text and suggest that incorrect noun phrase boundary detection accounts for the majority of errors. They report that for 32 verbs their system correctly predicts the most frequent class, and for 30 verbs it correctly predicts the second most frequent class, if there was one. Our system rankings include all classes for each verb, from a total of 160 classes, and average 81.4% correct.","He reports that for a test sample of 200 tokens of 40 verbs in running text, the acquired subcategorization dictionary listed the appropriate entry for 163 cases, giving a token recall of 82% (as compared with 80.9% in our experiment). He also reports a comparison of acquired entries for the verbs to the entries given in the Oxford Advanced Learner's Dictionary of Current English (Hornby, 1989) on which his system achieves a precision of 90% and a recall of 43%. His system averages 3.48 subentries (maximum 10) -- less then half the number produced in our experiment.","They report an accuracy rate of 83% (254 errors) at classifying 1565 classifiable tokens of 33 distinct verbs in running text and suggest that incorrect noun phrase boundary detection accounts for the majority of errors. They report that for 32 verbs their system correctly predicts the most frequent class, and for 30 verbs it correctly predicts the second most frequent class, if there was one. Our system rankings include all classes for each verb, from a total of 160 classes, and average 81.4% correct. Manning 1993 conducts a larger experiment, also using a PoS tagged corpus and a finite-state NP parser, attempting to recognize sixteen distinct complementation patterns. He reports that for a test sample of 200 tokens of 40 verbs in running text, the acquired subcategorization dictionary listed the appropriate entry for 163 cases, giving a token recall of 82% (as compared with 80.9% in our experiment). He also reports a comparison of acquired entries for the verbs to the entries given in the Oxford Advanced Learner's Dictionary of Current English (Hornby, 1989) on which his system achieves a precision of 90% and a recall of 43%. His system averages 3.48 subentries (maximum 10) -- less then half the number produced in our experiment.","They report an accuracy rate of 83% (254 errors) at classifying 1565 classifiable tokens of 33 distinct verbs in running text and suggest that incorrect noun phrase boundary detection accounts for the majority of errors. They report that for 32 verbs their system correctly predicts the most frequent class, and for 30 verbs it correctly predicts the second most frequent class, if there was one. Our system rankings include all classes for each verb, from a total of 160 classes, and average 81.4% correct. (CITSEG) conducts a larger experiment, also using a PoS tagged corpus and a finite-state NP parser, attempting to recognize sixteen distinct complementation patterns. He reports that for a test sample of 200 tokens of 40 verbs in running text, the acquired subcategorization dictionary listed the appropriate entry for 163 cases, giving a token recall of 82% (as compared with 80.9% in our experiment). He also reports a comparison of acquired entries for the verbs to the entries given in the Oxford Advanced Learner's Dictionary of Current English (Hornby, 1989) on which his system achieves a precision of 90% and a recall of 43%. His system averages 3.48 subentries (maximum 10) -- less then half the number produced in our experiment.",Manning 1993,CoCoR0,,False,REF,"{""CFunc"": ""CoCoR0"", ""ID"": ""R-31""}"
Teufel_original_dataset/CFC_distribution/2006_paper_training/9503017.cfc-scixml,This representation of mutual belief differs from the common representation in terms of an iterated conjunction Litman and Allen 1990 in that:,This representation of mutual belief differs from the common representation in terms of an iterated conjunction Litman and Allen 1990 in that:,This representation of mutual belief differs from the common representation in terms of an iterated conjunction (CITSEG) in that:,S-56,56,DIV-2,Weakest Link Assumption:,The strength of a belief P depending on a set of underlying assumptions is MIN (Strength ()).,"This seems intuitively plausible and means that the strength of belief depends on the strength of underlying assumptions, and that for all inference rules that depend on multiple premises, the strength of an inferred belief is the weakest of the supporting beliefs.",it relocates information from mental states to the environment in which utterances occur;,it allows one to represent the different kinds of evidence for mutual belief;,it controls reasoning when discrepancies in mutual beliefs are discovered since evidence and assumptions can be inspected;,"Weakest Link Assumption: The strength of a belief P depending on a set of underlying assumptions is MIN (Strength ()). This seems intuitively plausible and means that the strength of belief depends on the strength of underlying assumptions, and that for all inference rules that depend on multiple premises, the strength of an inferred belief is the weakest of the supporting beliefs.",it relocates information from mental states to the environment in which utterances occur; it allows one to represent the different kinds of evidence for mutual belief; it controls reasoning when discrepancies in mutual beliefs are discovered since evidence and assumptions can be inspected;,"Weakest Link Assumption: The strength of a belief P depending on a set of underlying assumptions is MIN (Strength ()). This seems intuitively plausible and means that the strength of belief depends on the strength of underlying assumptions, and that for all inference rules that depend on multiple premises, the strength of an inferred belief is the weakest of the supporting beliefs. This representation of mutual belief differs from the common representation in terms of an iterated conjunction Litman and Allen 1990 in that: it relocates information from mental states to the environment in which utterances occur; it allows one to represent the different kinds of evidence for mutual belief; it controls reasoning when discrepancies in mutual beliefs are discovered since evidence and assumptions can be inspected;","Weakest Link Assumption: The strength of a belief P depending on a set of underlying assumptions is MIN (Strength ()). This seems intuitively plausible and means that the strength of belief depends on the strength of underlying assumptions, and that for all inference rules that depend on multiple premises, the strength of an inferred belief is the weakest of the supporting beliefs. This representation of mutual belief differs from the common representation in terms of an iterated conjunction (CITSEG) in that: it relocates information from mental states to the environment in which utterances occur; it allows one to represent the different kinds of evidence for mutual belief; it controls reasoning when discrepancies in mutual beliefs are discovered since evidence and assumptions can be inspected;",Litman and Allen 1990,CoCoGM,P,False,REF,"{""CFunc"": ""CoCoGM"", ""ID"": ""R-16"", ""LinkS"": ""differs from "", ""TYPE"": ""P""}"
Teufel_original_dataset/CFC_distribution/2006_paper_training/9503017.cfc-scixml,"This distinguishes this account from others that assume either that utterance actions always succeed or that they succeed unless the addressee previously believed otherwise Litman and Allen 1990, Grosz and Sidner 1990.","This distinguishes this account from others that assume either that utterance actions always succeed or that they succeed unless the addressee previously believed otherwise Litman and Allen 1990, Grosz and Sidner 1990.","This distinguishes this account from others that assume either that utterance actions always succeed or that they succeed unless the addressee previously believed otherwise (CITSEG), Grosz and Sidner 1990.",S-65,65,DIV-3,This assumption will also be examined in section.,The key claim of this section is that agents monitor the effects of their utterance actions and that the next action by the addressee is taken as evidence of the effect of the speaker 's utterance.,"That the utterance will have the intended effect is only a hypothesis at the point where the utterance has just been made, irrespective of the intentions of the speaker.",I adopt the assumption that the participants in a dialogue are trying to achieve some purpose Grosz and Sidner 1986.,Some aspects of the structure of dialogue arises from the structure of these purposes and their relation to one another.,"The minimal purpose of any dialogue is that an utterance be understood, and this goal is a prerequisite to achieving other goals in dialogue, such as commitment to future action.","This assumption will also be examined in section. The key claim of this section is that agents monitor the effects of their utterance actions and that the next action by the addressee is taken as evidence of the effect of the speaker 's utterance. That the utterance will have the intended effect is only a hypothesis at the point where the utterance has just been made, irrespective of the intentions of the speaker.","I adopt the assumption that the participants in a dialogue are trying to achieve some purpose Grosz and Sidner 1986. Some aspects of the structure of dialogue arises from the structure of these purposes and their relation to one another. The minimal purpose of any dialogue is that an utterance be understood, and this goal is a prerequisite to achieving other goals in dialogue, such as commitment to future action.","This assumption will also be examined in section. The key claim of this section is that agents monitor the effects of their utterance actions and that the next action by the addressee is taken as evidence of the effect of the speaker 's utterance. That the utterance will have the intended effect is only a hypothesis at the point where the utterance has just been made, irrespective of the intentions of the speaker. This distinguishes this account from others that assume either that utterance actions always succeed or that they succeed unless the addressee previously believed otherwise Litman and Allen 1990, Grosz and Sidner 1990. I adopt the assumption that the participants in a dialogue are trying to achieve some purpose Grosz and Sidner 1986. Some aspects of the structure of dialogue arises from the structure of these purposes and their relation to one another. The minimal purpose of any dialogue is that an utterance be understood, and this goal is a prerequisite to achieving other goals in dialogue, such as commitment to future action.","This assumption will also be examined in section. The key claim of this section is that agents monitor the effects of their utterance actions and that the next action by the addressee is taken as evidence of the effect of the speaker 's utterance. That the utterance will have the intended effect is only a hypothesis at the point where the utterance has just been made, irrespective of the intentions of the speaker. This distinguishes this account from others that assume either that utterance actions always succeed or that they succeed unless the addressee previously believed otherwise (CITSEG), Grosz and Sidner 1990. I adopt the assumption that the participants in a dialogue are trying to achieve some purpose Grosz and Sidner 1986. Some aspects of the structure of dialogue arises from the structure of these purposes and their relation to one another. The minimal purpose of any dialogue is that an utterance be understood, and this goal is a prerequisite to achieving other goals in dialogue, such as commitment to future action.",Litman and Allen 1990,CoCoGM,P,False,REF,"{""CFunc"": ""CoCoGM"", ""ID"": ""R-17"", ""TYPE"": ""P""}"
Teufel_original_dataset/CFC_distribution/2006_paper_training/9503017.cfc-scixml,"This distinguishes this account from others that assume either that utterance actions always succeed or that they succeed unless the addressee previously believed otherwise Litman and Allen 1990, Grosz and Sidner 1990.","This distinguishes this account from others that assume either that utterance actions always succeed or that they succeed unless the addressee previously believed otherwise Litman and Allen 1990, Grosz and Sidner 1990.","This distinguishes this account from others that assume either that utterance actions always succeed or that they succeed unless the addressee previously believed otherwise Litman and Allen 1990, (CITSEG).",S-65,65,DIV-3,This assumption will also be examined in section.,The key claim of this section is that agents monitor the effects of their utterance actions and that the next action by the addressee is taken as evidence of the effect of the speaker 's utterance.,"That the utterance will have the intended effect is only a hypothesis at the point where the utterance has just been made, irrespective of the intentions of the speaker.",I adopt the assumption that the participants in a dialogue are trying to achieve some purpose Grosz and Sidner 1986.,Some aspects of the structure of dialogue arises from the structure of these purposes and their relation to one another.,"The minimal purpose of any dialogue is that an utterance be understood, and this goal is a prerequisite to achieving other goals in dialogue, such as commitment to future action.","This assumption will also be examined in section. The key claim of this section is that agents monitor the effects of their utterance actions and that the next action by the addressee is taken as evidence of the effect of the speaker 's utterance. That the utterance will have the intended effect is only a hypothesis at the point where the utterance has just been made, irrespective of the intentions of the speaker.","I adopt the assumption that the participants in a dialogue are trying to achieve some purpose Grosz and Sidner 1986. Some aspects of the structure of dialogue arises from the structure of these purposes and their relation to one another. The minimal purpose of any dialogue is that an utterance be understood, and this goal is a prerequisite to achieving other goals in dialogue, such as commitment to future action.","This assumption will also be examined in section. The key claim of this section is that agents monitor the effects of their utterance actions and that the next action by the addressee is taken as evidence of the effect of the speaker 's utterance. That the utterance will have the intended effect is only a hypothesis at the point where the utterance has just been made, irrespective of the intentions of the speaker. This distinguishes this account from others that assume either that utterance actions always succeed or that they succeed unless the addressee previously believed otherwise Litman and Allen 1990, Grosz and Sidner 1990. I adopt the assumption that the participants in a dialogue are trying to achieve some purpose Grosz and Sidner 1986. Some aspects of the structure of dialogue arises from the structure of these purposes and their relation to one another. The minimal purpose of any dialogue is that an utterance be understood, and this goal is a prerequisite to achieving other goals in dialogue, such as commitment to future action.","This assumption will also be examined in section. The key claim of this section is that agents monitor the effects of their utterance actions and that the next action by the addressee is taken as evidence of the effect of the speaker 's utterance. That the utterance will have the intended effect is only a hypothesis at the point where the utterance has just been made, irrespective of the intentions of the speaker. This distinguishes this account from others that assume either that utterance actions always succeed or that they succeed unless the addressee previously believed otherwise Litman and Allen 1990, (CITSEG). I adopt the assumption that the participants in a dialogue are trying to achieve some purpose Grosz and Sidner 1986. Some aspects of the structure of dialogue arises from the structure of these purposes and their relation to one another. The minimal purpose of any dialogue is that an utterance be understood, and this goal is a prerequisite to achieving other goals in dialogue, such as commitment to future action.",Grosz and Sidner 1990,CoCoGM,P,False,REF,"{""CFunc"": ""CoCoGM"", ""ID"": ""R-18"", ""TYPE"": ""P""}"
Teufel_original_dataset/CFC_distribution/2006_paper_training/9504027.cfc-scixml,"We tested a TNCB-based generator in the SLEMaT MT system with the pathological cases described in Brew 1992 against Whitelock 's original generation algorithm, and have obtained speed improvements of several orders of magnitude.","We tested a TNCB-based generator in the SLEMaT MT system with the pathological cases described in Brew 1992 against Whitelock 's original generation algorithm, and have obtained speed improvements of several orders of magnitude.","We tested a TNCB-based generator in the SLEMaT MT system with the pathological cases described in Brew 1992 against (CITSEG) 's original generation algorithm, and have obtained speed improvements of several orders of magnitude.",S-173,173,DIV-8,,We have presented a polynomial complexity generation algorithm which can form part of any Shake-and-Bake style MT system with suitable grammars and information transfer.,The transfer module is free to attempt structural transfer in order to produce the best possible first guess.,"Somewhat more surprisingly, even for short sentences which were not problematic for Whitelock 's system, the generation component has performed consistently better.",,,We have presented a polynomial complexity generation algorithm which can form part of any Shake-and-Bake style MT system with suitable grammars and information transfer. The transfer module is free to attempt structural transfer in order to produce the best possible first guess.,"Somewhat more surprisingly, even for short sentences which were not problematic for Whitelock 's system, the generation component has performed consistently better.","We have presented a polynomial complexity generation algorithm which can form part of any Shake-and-Bake style MT system with suitable grammars and information transfer. The transfer module is free to attempt structural transfer in order to produce the best possible first guess. We tested a TNCB-based generator in the SLEMaT MT system with the pathological cases described in Brew 1992 against Whitelock 's original generation algorithm, and have obtained speed improvements of several orders of magnitude. Somewhat more surprisingly, even for short sentences which were not problematic for Whitelock 's system, the generation component has performed consistently better.","We have presented a polynomial complexity generation algorithm which can form part of any Shake-and-Bake style MT system with suitable grammars and information transfer. The transfer module is free to attempt structural transfer in order to produce the best possible first guess. We tested a TNCB-based generator in the SLEMaT MT system with the pathological cases described in Brew 1992 against (CITSEG) 's original generation algorithm, and have obtained speed improvements of several orders of magnitude. Somewhat more surprisingly, even for short sentences which were not problematic for Whitelock 's system, the generation component has performed consistently better.",Whitelock,CoCo-,,True,REFAUTHOR,"{""CFunc"": ""CoCo-"", ""ID"": ""R-20"", ""SELF"": ""YES""}"
Teufel_original_dataset/CFC_distribution/2006_paper_training/9504027.cfc-scixml,"Somewhat more surprisingly, even for short sentences which were not problematic for Whitelock 's system, the generation component has performed consistently better.","Somewhat more surprisingly, even for short sentences which were not problematic for Whitelock 's system, the generation component has performed consistently better.","Somewhat more surprisingly, even for short sentences which were not problematic for (CITSEG) 's system, the generation component has performed consistently better.",S-174,174,DIV-8,We have presented a polynomial complexity generation algorithm which can form part of any Shake-and-Bake style MT system with suitable grammars and information transfer.,The transfer module is free to attempt structural transfer in order to produce the best possible first guess.,"We tested a TNCB-based generator in the SLEMaT MT system with the pathological cases described in Brew 1992 against Whitelock 's original generation algorithm, and have obtained speed improvements of several orders of magnitude.",,,,"We have presented a polynomial complexity generation algorithm which can form part of any Shake-and-Bake style MT system with suitable grammars and information transfer. The transfer module is free to attempt structural transfer in order to produce the best possible first guess. We tested a TNCB-based generator in the SLEMaT MT system with the pathological cases described in Brew 1992 against Whitelock 's original generation algorithm, and have obtained speed improvements of several orders of magnitude.",,"We have presented a polynomial complexity generation algorithm which can form part of any Shake-and-Bake style MT system with suitable grammars and information transfer. The transfer module is free to attempt structural transfer in order to produce the best possible first guess. We tested a TNCB-based generator in the SLEMaT MT system with the pathological cases described in Brew 1992 against Whitelock 's original generation algorithm, and have obtained speed improvements of several orders of magnitude. Somewhat more surprisingly, even for short sentences which were not problematic for Whitelock 's system, the generation component has performed consistently better.","We have presented a polynomial complexity generation algorithm which can form part of any Shake-and-Bake style MT system with suitable grammars and information transfer. The transfer module is free to attempt structural transfer in order to produce the best possible first guess. We tested a TNCB-based generator in the SLEMaT MT system with the pathological cases described in Brew 1992 against Whitelock 's original generation algorithm, and have obtained speed improvements of several orders of magnitude. Somewhat more surprisingly, even for short sentences which were not problematic for (CITSEG) 's system, the generation component has performed consistently better.",Whitelock,CoCo-,,True,REFAUTHOR,"{""CFunc"": ""CoCo-"", ""ID"": ""R-21"", ""SELF"": ""YES""}"
Teufel_original_dataset/CFC_distribution/2006_paper_training/9503015.cfc-scixml,"The main difference between our approach and that of Milward 1992, Milward 1994a is that it is based on a more expressive grammar formalism, Applicative Categorial Grammar, as opposed to Lexicalised Dependency Grammar.","The main difference between our approach and that of Milward 1992, Milward 1994a is that it is based on a more expressive grammar formalism, Applicative Categorial Grammar, as opposed to Lexicalised Dependency Grammar.","The main difference between our approach and that of (CITSEG), Milward 1994a is that it is based on a more expressive grammar formalism, Applicative Categorial Grammar, as opposed to Lexicalised Dependency Grammar.",S-32,32,DIV-1,The second role can be captured by the parser constructing semantic representations directly.,The general processing model therefore consists of transitions of the form:,"This provides a state-transition or dynamic model of processing, with each state being a pair of a syntactic type and a semantic value.","Applicative Categorial Grammars allow categories to have arguments which are themselves functions (e.g. very can be treated as a function of a function, and given the type (n/n)/(n/n) when used as an adjectival modifier).","The ability to deal with functions of functions has advantages in enabling more elegant linguistic descriptions, and in providing one kind of robust parsing: the parser never fails until the last word, since there could always be a final word which is a function over all the constituents formed so far.","However, there is a corresponding problem of far greater non-determinism, with even unambiguous words allowing many possible transitions.","The second role can be captured by the parser constructing semantic representations directly. The general processing model therefore consists of transitions of the form: This provides a state-transition or dynamic model of processing, with each state being a pair of a syntactic type and a semantic value.","Applicative Categorial Grammars allow categories to have arguments which are themselves functions (e.g. very can be treated as a function of a function, and given the type (n/n)/(n/n) when used as an adjectival modifier). The ability to deal with functions of functions has advantages in enabling more elegant linguistic descriptions, and in providing one kind of robust parsing: the parser never fails until the last word, since there could always be a final word which is a function over all the constituents formed so far. However, there is a corresponding problem of far greater non-determinism, with even unambiguous words allowing many possible transitions.","The second role can be captured by the parser constructing semantic representations directly. The general processing model therefore consists of transitions of the form: This provides a state-transition or dynamic model of processing, with each state being a pair of a syntactic type and a semantic value. The main difference between our approach and that of Milward 1992, Milward 1994a is that it is based on a more expressive grammar formalism, Applicative Categorial Grammar, as opposed to Lexicalised Dependency Grammar. Applicative Categorial Grammars allow categories to have arguments which are themselves functions (e.g. very can be treated as a function of a function, and given the type (n/n)/(n/n) when used as an adjectival modifier). The ability to deal with functions of functions has advantages in enabling more elegant linguistic descriptions, and in providing one kind of robust parsing: the parser never fails until the last word, since there could always be a final word which is a function over all the constituents formed so far. However, there is a corresponding problem of far greater non-determinism, with even unambiguous words allowing many possible transitions.","The second role can be captured by the parser constructing semantic representations directly. The general processing model therefore consists of transitions of the form: This provides a state-transition or dynamic model of processing, with each state being a pair of a syntactic type and a semantic value. The main difference between our approach and that of (CITSEG), Milward 1994a is that it is based on a more expressive grammar formalism, Applicative Categorial Grammar, as opposed to Lexicalised Dependency Grammar. Applicative Categorial Grammars allow categories to have arguments which are themselves functions (e.g. very can be treated as a function of a function, and given the type (n/n)/(n/n) when used as an adjectival modifier). The ability to deal with functions of functions has advantages in enabling more elegant linguistic descriptions, and in providing one kind of robust parsing: the parser never fails until the last word, since there could always be a final word which is a function over all the constituents formed so far. However, there is a corresponding problem of far greater non-determinism, with even unambiguous words allowing many possible transitions.",Milward 1992,CoCoGM,A,True,REF,"{""CFunc"": ""CoCoGM"", ""ID"": ""R-16"", ""LinkS"": ""main difference"", ""SELF"": ""YES"", ""TYPE"": ""A""}"
Teufel_original_dataset/CFC_distribution/2006_paper_training/9503015.cfc-scixml,"The main difference between our approach and that of Milward 1992, Milward 1994a is that it is based on a more expressive grammar formalism, Applicative Categorial Grammar, as opposed to Lexicalised Dependency Grammar.","The main difference between our approach and that of Milward 1992, Milward 1994a is that it is based on a more expressive grammar formalism, Applicative Categorial Grammar, as opposed to Lexicalised Dependency Grammar.","The main difference between our approach and that of Milward 1992, (CITSEG) is that it is based on a more expressive grammar formalism, Applicative Categorial Grammar, as opposed to Lexicalised Dependency Grammar.",S-32,32,DIV-1,The second role can be captured by the parser constructing semantic representations directly.,The general processing model therefore consists of transitions of the form:,"This provides a state-transition or dynamic model of processing, with each state being a pair of a syntactic type and a semantic value.","Applicative Categorial Grammars allow categories to have arguments which are themselves functions (e.g. very can be treated as a function of a function, and given the type (n/n)/(n/n) when used as an adjectival modifier).","The ability to deal with functions of functions has advantages in enabling more elegant linguistic descriptions, and in providing one kind of robust parsing: the parser never fails until the last word, since there could always be a final word which is a function over all the constituents formed so far.","However, there is a corresponding problem of far greater non-determinism, with even unambiguous words allowing many possible transitions.","The second role can be captured by the parser constructing semantic representations directly. The general processing model therefore consists of transitions of the form: This provides a state-transition or dynamic model of processing, with each state being a pair of a syntactic type and a semantic value.","Applicative Categorial Grammars allow categories to have arguments which are themselves functions (e.g. very can be treated as a function of a function, and given the type (n/n)/(n/n) when used as an adjectival modifier). The ability to deal with functions of functions has advantages in enabling more elegant linguistic descriptions, and in providing one kind of robust parsing: the parser never fails until the last word, since there could always be a final word which is a function over all the constituents formed so far. However, there is a corresponding problem of far greater non-determinism, with even unambiguous words allowing many possible transitions.","The second role can be captured by the parser constructing semantic representations directly. The general processing model therefore consists of transitions of the form: This provides a state-transition or dynamic model of processing, with each state being a pair of a syntactic type and a semantic value. The main difference between our approach and that of Milward 1992, Milward 1994a is that it is based on a more expressive grammar formalism, Applicative Categorial Grammar, as opposed to Lexicalised Dependency Grammar. Applicative Categorial Grammars allow categories to have arguments which are themselves functions (e.g. very can be treated as a function of a function, and given the type (n/n)/(n/n) when used as an adjectival modifier). The ability to deal with functions of functions has advantages in enabling more elegant linguistic descriptions, and in providing one kind of robust parsing: the parser never fails until the last word, since there could always be a final word which is a function over all the constituents formed so far. However, there is a corresponding problem of far greater non-determinism, with even unambiguous words allowing many possible transitions.","The second role can be captured by the parser constructing semantic representations directly. The general processing model therefore consists of transitions of the form: This provides a state-transition or dynamic model of processing, with each state being a pair of a syntactic type and a semantic value. The main difference between our approach and that of Milward 1992, (CITSEG) is that it is based on a more expressive grammar formalism, Applicative Categorial Grammar, as opposed to Lexicalised Dependency Grammar. Applicative Categorial Grammars allow categories to have arguments which are themselves functions (e.g. very can be treated as a function of a function, and given the type (n/n)/(n/n) when used as an adjectival modifier). The ability to deal with functions of functions has advantages in enabling more elegant linguistic descriptions, and in providing one kind of robust parsing: the parser never fails until the last word, since there could always be a final word which is a function over all the constituents formed so far. However, there is a corresponding problem of far greater non-determinism, with even unambiguous words allowing many possible transitions.",Milward 1994a,CoCoGM,A,True,REF,"{""CFunc"": ""CoCoGM"", ""ID"": ""R-17"", ""SELF"": ""YES"", ""TYPE"": ""A""}"
Teufel_original_dataset/CFC_distribution/2006_paper_training/9503015.cfc-scixml,"However, unlike Bar-Hillel, we allow one argument to be absorbed at a time.","However, unlike Bar-Hillel, we allow one argument to be absorbed at a time.","However, unlike (CITSEG), we allow one argument to be absorbed at a time.",S-79,79,DIV-3,,,In this section we define a grammar similar to Bar-Hillel 's first grammar.,The resulting grammar is equivalent to AB Categorial Grammar plus associativity.,The categories of the grammar are defined as follows:,"If X is a syntactic type (e.g. s, np), then is a category.",In this section we define a grammar similar to Bar-Hillel 's first grammar.,"The resulting grammar is equivalent to AB Categorial Grammar plus associativity. The categories of the grammar are defined as follows: If X is a syntactic type (e.g. s, np), then is a category.","In this section we define a grammar similar to Bar-Hillel 's first grammar. However, unlike Bar-Hillel, we allow one argument to be absorbed at a time. The resulting grammar is equivalent to AB Categorial Grammar plus associativity. The categories of the grammar are defined as follows: If X is a syntactic type (e.g. s, np), then is a category.","In this section we define a grammar similar to Bar-Hillel 's first grammar. However, unlike (CITSEG), we allow one argument to be absorbed at a time. The resulting grammar is equivalent to AB Categorial Grammar plus associativity. The categories of the grammar are defined as follows: If X is a syntactic type (e.g. s, np), then is a category.",Bar-Hillel,CoCoGM,,False,REFAUTHOR,"{""CFunc"": ""CoCoGM"", ""ID"": ""R-43"", ""LinkS"": ""unlike; we""}"
Teufel_original_dataset/CFC_distribution/2006_paper_training/9408006.cfc-scixml,"In the central role of heads, LHIP resembles parsers devised by Kay 1989 and van Noord 1991; in other respects, including the use which is made of heads, the approaches are rather different, however.","In the central role of heads, LHIP resembles parsers devised by Kay 1989 and van Noord 1991; in other respects, including the use which is made of heads, the approaches are rather different, however.","In the central role of heads, LHIP resembles parsers devised by (CITSEG) and van Noord 1991; in other respects, including the use which is made of heads, the approaches are rather different, however.",S-36,36,DIV-1,The notion of ` head ' employed here is connected more closely with processing control than linguistics.,"In particular, nothing requires that a head of a rule should share any information with the LHS item, although in practice it often will.","Heads serve as anchor-points in the input string around which islands may be formed, and are accordingly treated before non-head items (RHS items are re-ordered during compilation-see below).",,,,"The notion of ` head ' employed here is connected more closely with processing control than linguistics. In particular, nothing requires that a head of a rule should share any information with the LHS item, although in practice it often will. Heads serve as anchor-points in the input string around which islands may be formed, and are accordingly treated before non-head items (RHS items are re-ordered during compilation-see below).",,"The notion of ` head ' employed here is connected more closely with processing control than linguistics. In particular, nothing requires that a head of a rule should share any information with the LHS item, although in practice it often will. Heads serve as anchor-points in the input string around which islands may be formed, and are accordingly treated before non-head items (RHS items are re-ordered during compilation-see below). In the central role of heads, LHIP resembles parsers devised by Kay 1989 and van Noord 1991; in other respects, including the use which is made of heads, the approaches are rather different, however.","The notion of ` head ' employed here is connected more closely with processing control than linguistics. In particular, nothing requires that a head of a rule should share any information with the LHS item, although in practice it often will. Heads serve as anchor-points in the input string around which islands may be formed, and are accordingly treated before non-head items (RHS items are re-ordered during compilation-see below). In the central role of heads, LHIP resembles parsers devised by (CITSEG) and van Noord 1991; in other respects, including the use which is made of heads, the approaches are rather different, however.",Kay 1989,CoCoGM,A,False,REF,"{""CFunc"": ""CoCoGM"", ""ID"": ""R-1"", ""LinkS"": ""the approaches are rather different"", ""TYPE"": ""A""}"
Teufel_original_dataset/CFC_distribution/2006_paper_training/9408006.cfc-scixml,"In the central role of heads, LHIP resembles parsers devised by Kay 1989 and van Noord 1991; in other respects, including the use which is made of heads, the approaches are rather different, however.","In the central role of heads, LHIP resembles parsers devised by Kay 1989 and van Noord 1991; in other respects, including the use which is made of heads, the approaches are rather different, however.","In the central role of heads, LHIP resembles parsers devised by Kay 1989 and (CITSEG); in other respects, including the use which is made of heads, the approaches are rather different, however.",S-36,36,DIV-1,The notion of ` head ' employed here is connected more closely with processing control than linguistics.,"In particular, nothing requires that a head of a rule should share any information with the LHS item, although in practice it often will.","Heads serve as anchor-points in the input string around which islands may be formed, and are accordingly treated before non-head items (RHS items are re-ordered during compilation-see below).",,,,"The notion of ` head ' employed here is connected more closely with processing control than linguistics. In particular, nothing requires that a head of a rule should share any information with the LHS item, although in practice it often will. Heads serve as anchor-points in the input string around which islands may be formed, and are accordingly treated before non-head items (RHS items are re-ordered during compilation-see below).",,"The notion of ` head ' employed here is connected more closely with processing control than linguistics. In particular, nothing requires that a head of a rule should share any information with the LHS item, although in practice it often will. Heads serve as anchor-points in the input string around which islands may be formed, and are accordingly treated before non-head items (RHS items are re-ordered during compilation-see below). In the central role of heads, LHIP resembles parsers devised by Kay 1989 and van Noord 1991; in other respects, including the use which is made of heads, the approaches are rather different, however.","The notion of ` head ' employed here is connected more closely with processing control than linguistics. In particular, nothing requires that a head of a rule should share any information with the LHS item, although in practice it often will. Heads serve as anchor-points in the input string around which islands may be formed, and are accordingly treated before non-head items (RHS items are re-ordered during compilation-see below). In the central role of heads, LHIP resembles parsers devised by Kay 1989 and (CITSEG); in other respects, including the use which is made of heads, the approaches are rather different, however.",van Noord 1991,CoCoGM,A,False,REF,"{""CFunc"": ""CoCoGM"", ""ID"": ""R-2"", ""LinkS"": ""the approaches are rather different"", ""TYPE"": ""A""}"
Teufel_original_dataset/CFC_distribution/2006_paper_training/9408006.cfc-scixml,Recent proposals include the use of probabilistic methods Briscoe and Carroll 1993 and large robust deterministic systems like Hindle 's Fidditch Hindle 1989.,Recent proposals include the use of probabilistic methods Briscoe and Carroll 1993 and large robust deterministic systems like Hindle 's Fidditch Hindle 1989.,Recent proposals include the use of probabilistic methods (CITSEG) and large robust deterministic systems like Hindle 's Fidditch Hindle 1989.,S-161,161,DIV-5,,,The ability to deal with large amounts of possibly ill-formed text is one of the principal objectives of current NLP research.,Experience so far suggests that systems like LHIP may in the right circumstances provide an alternative to these approaches.,"It combines the advantages of Prolog-interpreted DCGs (ease of modification, parser output suitable for direct use by other programs, etc.) with the ability to relax the adjacency constraints of that formalism in a flexible and dynamic manner.","LHIP is based on the assumption that partial results can be useful (often much more useful than no result at all), and that an approximation to complete coverage is more useful when it comes with indications of how approximate it is.",The ability to deal with large amounts of possibly ill-formed text is one of the principal objectives of current NLP research.,"Experience so far suggests that systems like LHIP may in the right circumstances provide an alternative to these approaches. It combines the advantages of Prolog-interpreted DCGs (ease of modification, parser output suitable for direct use by other programs, etc.) with the ability to relax the adjacency constraints of that formalism in a flexible and dynamic manner. LHIP is based on the assumption that partial results can be useful (often much more useful than no result at all), and that an approximation to complete coverage is more useful when it comes with indications of how approximate it is.","The ability to deal with large amounts of possibly ill-formed text is one of the principal objectives of current NLP research. Recent proposals include the use of probabilistic methods Briscoe and Carroll 1993 and large robust deterministic systems like Hindle 's Fidditch Hindle 1989. Experience so far suggests that systems like LHIP may in the right circumstances provide an alternative to these approaches. It combines the advantages of Prolog-interpreted DCGs (ease of modification, parser output suitable for direct use by other programs, etc.) with the ability to relax the adjacency constraints of that formalism in a flexible and dynamic manner. LHIP is based on the assumption that partial results can be useful (often much more useful than no result at all), and that an approximation to complete coverage is more useful when it comes with indications of how approximate it is.","The ability to deal with large amounts of possibly ill-formed text is one of the principal objectives of current NLP research. Recent proposals include the use of probabilistic methods (CITSEG) and large robust deterministic systems like Hindle 's Fidditch Hindle 1989. Experience so far suggests that systems like LHIP may in the right circumstances provide an alternative to these approaches. It combines the advantages of Prolog-interpreted DCGs (ease of modification, parser output suitable for direct use by other programs, etc.) with the ability to relax the adjacency constraints of that formalism in a flexible and dynamic manner. LHIP is based on the assumption that partial results can be useful (often much more useful than no result at all), and that an approximation to complete coverage is more useful when it comes with indications of how approximate it is.",Briscoe and Carroll 1993,CoCoGM,P,False,REF,"{""CFunc"": ""CoCoGM"", ""ID"": ""R-4"", ""LinkS"": ""an alternative to these approaches"", ""TYPE"": ""P""}"
Teufel_original_dataset/CFC_distribution/2006_paper_training/9408006.cfc-scixml,Recent proposals include the use of probabilistic methods Briscoe and Carroll 1993 and large robust deterministic systems like Hindle 's Fidditch Hindle 1989.,Recent proposals include the use of probabilistic methods Briscoe and Carroll 1993 and large robust deterministic systems like Hindle 's Fidditch Hindle 1989.,Recent proposals include the use of probabilistic methods Briscoe and Carroll 1993 and large robust deterministic systems like Hindle 's Fidditch (CITSEG).,S-161,161,DIV-5,,,The ability to deal with large amounts of possibly ill-formed text is one of the principal objectives of current NLP research.,Experience so far suggests that systems like LHIP may in the right circumstances provide an alternative to these approaches.,"It combines the advantages of Prolog-interpreted DCGs (ease of modification, parser output suitable for direct use by other programs, etc.) with the ability to relax the adjacency constraints of that formalism in a flexible and dynamic manner.","LHIP is based on the assumption that partial results can be useful (often much more useful than no result at all), and that an approximation to complete coverage is more useful when it comes with indications of how approximate it is.",The ability to deal with large amounts of possibly ill-formed text is one of the principal objectives of current NLP research.,"Experience so far suggests that systems like LHIP may in the right circumstances provide an alternative to these approaches. It combines the advantages of Prolog-interpreted DCGs (ease of modification, parser output suitable for direct use by other programs, etc.) with the ability to relax the adjacency constraints of that formalism in a flexible and dynamic manner. LHIP is based on the assumption that partial results can be useful (often much more useful than no result at all), and that an approximation to complete coverage is more useful when it comes with indications of how approximate it is.","The ability to deal with large amounts of possibly ill-formed text is one of the principal objectives of current NLP research. Recent proposals include the use of probabilistic methods Briscoe and Carroll 1993 and large robust deterministic systems like Hindle 's Fidditch Hindle 1989. Experience so far suggests that systems like LHIP may in the right circumstances provide an alternative to these approaches. It combines the advantages of Prolog-interpreted DCGs (ease of modification, parser output suitable for direct use by other programs, etc.) with the ability to relax the adjacency constraints of that formalism in a flexible and dynamic manner. LHIP is based on the assumption that partial results can be useful (often much more useful than no result at all), and that an approximation to complete coverage is more useful when it comes with indications of how approximate it is.","The ability to deal with large amounts of possibly ill-formed text is one of the principal objectives of current NLP research. Recent proposals include the use of probabilistic methods Briscoe and Carroll 1993 and large robust deterministic systems like Hindle 's Fidditch (CITSEG). Experience so far suggests that systems like LHIP may in the right circumstances provide an alternative to these approaches. It combines the advantages of Prolog-interpreted DCGs (ease of modification, parser output suitable for direct use by other programs, etc.) with the ability to relax the adjacency constraints of that formalism in a flexible and dynamic manner. LHIP is based on the assumption that partial results can be useful (often much more useful than no result at all), and that an approximation to complete coverage is more useful when it comes with indications of how approximate it is.",Hindle 1989,CoCoGM,P,False,REF,"{""CFunc"": ""CoCoGM"", ""ID"": ""R-6"", ""LinkS"": ""an alternative to these approaches"", ""TYPE"": ""P""}"
Teufel_original_dataset/CFC_distribution/2006_paper_training/9410009.cfc-scixml,Our work is related to research by Heid and Raab 1989.,Our work is related to research by Heid and Raab 1989.,Our work is related to research by (CITSEG).,S-12,12,DIV-1,"Also, the use of collocations in different applications has been discussed by various authors McRoy 1992, Pustejovsky et al. 1992, Smadja and McKeown 1990.","However, collocations are not only considered useful, but also a problem both in certain applications (e.g. generation, Nirenburg et al. 1988, machine translation, Heid and Raab 1989) and from a more theoretical point of view Abeille and Schabes 1989, Krenn and Erbach To appear.",We have been concerned with investigating the lexical functions (LFs) of Mel'cuk and Zolkovsky 1984 as a candidate interlingual device for the translation of adjectival and verbal collocates.,In some respects it is an extension of some of their suggestions.,Our work differs from theirs in scope and also in the exploration of various other directions.,,"Also, the use of collocations in different applications has been discussed by various authors McRoy 1992, Pustejovsky et al. 1992, Smadja and McKeown 1990. However, collocations are not only considered useful, but also a problem both in certain applications (e.g. generation, Nirenburg et al. 1988, machine translation, Heid and Raab 1989) and from a more theoretical point of view Abeille and Schabes 1989, Krenn and Erbach To appear. We have been concerned with investigating the lexical functions (LFs) of Mel'cuk and Zolkovsky 1984 as a candidate interlingual device for the translation of adjectival and verbal collocates.",In some respects it is an extension of some of their suggestions. Our work differs from theirs in scope and also in the exploration of various other directions.,"Also, the use of collocations in different applications has been discussed by various authors McRoy 1992, Pustejovsky et al. 1992, Smadja and McKeown 1990. However, collocations are not only considered useful, but also a problem both in certain applications (e.g. generation, Nirenburg et al. 1988, machine translation, Heid and Raab 1989) and from a more theoretical point of view Abeille and Schabes 1989, Krenn and Erbach To appear. We have been concerned with investigating the lexical functions (LFs) of Mel'cuk and Zolkovsky 1984 as a candidate interlingual device for the translation of adjectival and verbal collocates. Our work is related to research by Heid and Raab 1989. In some respects it is an extension of some of their suggestions. Our work differs from theirs in scope and also in the exploration of various other directions.","Also, the use of collocations in different applications has been discussed by various authors McRoy 1992, Pustejovsky et al. 1992, Smadja and McKeown 1990. However, collocations are not only considered useful, but also a problem both in certain applications (e.g. generation, Nirenburg et al. 1988, machine translation, Heid and Raab 1989) and from a more theoretical point of view Abeille and Schabes 1989, Krenn and Erbach To appear. We have been concerned with investigating the lexical functions (LFs) of Mel'cuk and Zolkovsky 1984 as a candidate interlingual device for the translation of adjectival and verbal collocates. Our work is related to research by (CITSEG). In some respects it is an extension of some of their suggestions. Our work differs from theirs in scope and also in the exploration of various other directions.",Heid and Raab 1989,CoCoGM,A,False,REF,"{""CFunc"": ""CoCoGM"", ""ID"": ""R-12"", ""LinkS"": "" Our work differs from theirs "", ""TYPE"": ""A""}"
Teufel_original_dataset/CFC_distribution/2006_paper_training/9410009.cfc-scixml,"The use we make of lexical functions as interlingual representations, does not respect their original Mel'cuk -ian interpretation.","The use we make of lexical functions as interlingual representations, does not respect their original Mel'cuk -ian interpretation.","The use we make of lexical functions as interlingual representations, does not respect their original (CITSEG) -ian interpretation.",S-15,15,DIV-2,,,,"Furthermore, we have transferred them from their context in the Meaning-Text Theory to a different theoretical setting.",We have embedded the concept in an HPSG-like grammar theory.,In this section we review this operation.,,"Furthermore, we have transferred them from their context in the Meaning-Text Theory to a different theoretical setting. We have embedded the concept in an HPSG-like grammar theory. In this section we review this operation.","The use we make of lexical functions as interlingual representations, does not respect their original Mel'cuk -ian interpretation. Furthermore, we have transferred them from their context in the Meaning-Text Theory to a different theoretical setting. We have embedded the concept in an HPSG-like grammar theory. In this section we review this operation.","The use we make of lexical functions as interlingual representations, does not respect their original (CITSEG) -ian interpretation. Furthermore, we have transferred them from their context in the Meaning-Text Theory to a different theoretical setting. We have embedded the concept in an HPSG-like grammar theory. In this section we review this operation.",Mel'cuk,CoCoGM,,False,REFAUTHOR,"{""CFunc"": ""CoCoGM"", ""ID"": ""R-13"", ""LinkS"": ""does not respect their original""}"
Teufel_original_dataset/CFC_distribution/2006_paper_training/9503007.cfc-scixml,we compare our results with similar works in course of realization on the Basquian language (by Michel Aurnague) and on the Japanese language (by Junichi Saito);,we compare our results with similar works in course of realization on the Basquian language (by Michel Aurnague) and on the Japanese language (by Junichi Saito);,we compare our results with similar works in course of realization on the Basquian language (by (CITSEG)) and on the Japanese language (by Junichi Saito);,S-83,83,DIV-5,Our work is based on systematic and very detailed linguistic studies which lead to rather complex computations for calculating the spatiotemporal semantics of a motion complex.,"But we have seen that this level of detail and complexity is necessary if one want to understand, to formalize and to compute a right spatiotemporal semantics for motion complexes.",We continue our investigations on two directions:,"we use the results presented here for refining the notions of the Aktionsart, where the structuration of the space in 4 zones can be used to distinguish sub-classes inside the traditional well known classes of aspectual studies.",,,"Our work is based on systematic and very detailed linguistic studies which lead to rather complex computations for calculating the spatiotemporal semantics of a motion complex. But we have seen that this level of detail and complexity is necessary if one want to understand, to formalize and to compute a right spatiotemporal semantics for motion complexes. We continue our investigations on two directions:","we use the results presented here for refining the notions of the Aktionsart, where the structuration of the space in 4 zones can be used to distinguish sub-classes inside the traditional well known classes of aspectual studies.","Our work is based on systematic and very detailed linguistic studies which lead to rather complex computations for calculating the spatiotemporal semantics of a motion complex. But we have seen that this level of detail and complexity is necessary if one want to understand, to formalize and to compute a right spatiotemporal semantics for motion complexes. We continue our investigations on two directions: we compare our results with similar works in course of realization on the Basquian language (by Michel Aurnague) and on the Japanese language (by Junichi Saito); we use the results presented here for refining the notions of the Aktionsart, where the structuration of the space in 4 zones can be used to distinguish sub-classes inside the traditional well known classes of aspectual studies.","Our work is based on systematic and very detailed linguistic studies which lead to rather complex computations for calculating the spatiotemporal semantics of a motion complex. But we have seen that this level of detail and complexity is necessary if one want to understand, to formalize and to compute a right spatiotemporal semantics for motion complexes. We continue our investigations on two directions: we compare our results with similar works in course of realization on the Basquian language (by (CITSEG)) and on the Japanese language (by Junichi Saito); we use the results presented here for refining the notions of the Aktionsart, where the structuration of the space in 4 zones can be used to distinguish sub-classes inside the traditional well known classes of aspectual studies.",Michel Aurnague,CoCoR0,,False,REFAUTHOR,"{""CFunc"": ""CoCoR0"", ""ID"": ""R-11"", ""LinkS"": "" we compare our results ""}"
Teufel_original_dataset/CFC_distribution/2006_paper_training/9503007.cfc-scixml,we compare our results with similar works in course of realization on the Basquian language (by Michel Aurnague) and on the Japanese language (by Junichi Saito);,we compare our results with similar works in course of realization on the Basquian language (by Michel Aurnague) and on the Japanese language (by Junichi Saito);,we compare our results with similar works in course of realization on the Basquian language (by Michel Aurnague) and on the Japanese language (by (CITSEG));,S-83,83,DIV-5,Our work is based on systematic and very detailed linguistic studies which lead to rather complex computations for calculating the spatiotemporal semantics of a motion complex.,"But we have seen that this level of detail and complexity is necessary if one want to understand, to formalize and to compute a right spatiotemporal semantics for motion complexes.",We continue our investigations on two directions:,"we use the results presented here for refining the notions of the Aktionsart, where the structuration of the space in 4 zones can be used to distinguish sub-classes inside the traditional well known classes of aspectual studies.",,,"Our work is based on systematic and very detailed linguistic studies which lead to rather complex computations for calculating the spatiotemporal semantics of a motion complex. But we have seen that this level of detail and complexity is necessary if one want to understand, to formalize and to compute a right spatiotemporal semantics for motion complexes. We continue our investigations on two directions:","we use the results presented here for refining the notions of the Aktionsart, where the structuration of the space in 4 zones can be used to distinguish sub-classes inside the traditional well known classes of aspectual studies.","Our work is based on systematic and very detailed linguistic studies which lead to rather complex computations for calculating the spatiotemporal semantics of a motion complex. But we have seen that this level of detail and complexity is necessary if one want to understand, to formalize and to compute a right spatiotemporal semantics for motion complexes. We continue our investigations on two directions: we compare our results with similar works in course of realization on the Basquian language (by Michel Aurnague) and on the Japanese language (by Junichi Saito); we use the results presented here for refining the notions of the Aktionsart, where the structuration of the space in 4 zones can be used to distinguish sub-classes inside the traditional well known classes of aspectual studies.","Our work is based on systematic and very detailed linguistic studies which lead to rather complex computations for calculating the spatiotemporal semantics of a motion complex. But we have seen that this level of detail and complexity is necessary if one want to understand, to formalize and to compute a right spatiotemporal semantics for motion complexes. We continue our investigations on two directions: we compare our results with similar works in course of realization on the Basquian language (by Michel Aurnague) and on the Japanese language (by (CITSEG)); we use the results presented here for refining the notions of the Aktionsart, where the structuration of the space in 4 zones can be used to distinguish sub-classes inside the traditional well known classes of aspectual studies.",Junichi Saito,CoCoR0,,False,REFAUTHOR,"{""CFunc"": ""CoCoR0"", ""ID"": ""R-12"", ""LinkS"": "" we compare our results ""}"
Teufel_original_dataset/CFC_distribution/2006_paper_training/9605023.cfc-scixml,"The existence of such a transformation is known: in Dymetman 1992a,Dymetman 1992, we have recently introduced a ``Generalized Greibach Normal Form'' (GGNF) for DCGs, which leads to termination of top-down interpretation in the OP case.","The existence of such a transformation is known: in Dymetman 1992a,Dymetman 1992, we have recently introduced a ``Generalized Greibach Normal Form'' (GGNF) for DCGs, which leads to termination of top-down interpretation in the OP case.","The existence of such a transformation is known: in (CITSEG),Dymetman 1992, we have recently introduced a ``Generalized Greibach Normal Form'' (GGNF) for DCGs, which leads to termination of top-down interpretation in the OP case.",S-9,9,DIV-1,"The Turing-completeness of definite clause programs therefore implies the undecidability of the parsing problem for this subclass of DCGs, and a fortiori for DCGs in general.","In order to guarantee good computational properties for DCGs, it is then necessary to impose certain restrictions on their form such as offline-parsability (OP), a nomenclature introduced by Pereira and sWarren Pereira and Warren 1983, who define an OP DCG as a grammar whose context-free skeleton CFG is not infinitely ambiguous, and show that OP DCGs lead to a decidable parsing problem.",Our aim in this paper is to propose a simple transformation for an arbitrary OP DCG putting it into a form which leads to the completeness of the direct top-down interpretation by the standard Prolog interpreter: parsing is guaranteed to enumerate all solutions to the parsing problem and terminate.,"However, the available presentation of the GGNF transformation is rather complex (it involves an algebraic study of the fixpoints of certain equational systems representing grammars.).","Our aim here is to present a related, but much simpler, transformation, which from a theoretical viewpoint performs somewhat less than the GGNF transformation (it involves some encoding of the initial DCG, which the GGNF does not, and it only handles offline-parsable grammars, while the GGNF is defined for arbitrary DCGs), but in practice is extremely easy to implement and displays a comparable behavior when parsing with an OP grammar.",The transformation consists of two steps: (1) empty-production elimination and (2) left-recursion elimination.,"The Turing-completeness of definite clause programs therefore implies the undecidability of the parsing problem for this subclass of DCGs, and a fortiori for DCGs in general. In order to guarantee good computational properties for DCGs, it is then necessary to impose certain restrictions on their form such as offline-parsability (OP), a nomenclature introduced by Pereira and sWarren Pereira and Warren 1983, who define an OP DCG as a grammar whose context-free skeleton CFG is not infinitely ambiguous, and show that OP DCGs lead to a decidable parsing problem. Our aim in this paper is to propose a simple transformation for an arbitrary OP DCG putting it into a form which leads to the completeness of the direct top-down interpretation by the standard Prolog interpreter: parsing is guaranteed to enumerate all solutions to the parsing problem and terminate.","However, the available presentation of the GGNF transformation is rather complex (it involves an algebraic study of the fixpoints of certain equational systems representing grammars.). Our aim here is to present a related, but much simpler, transformation, which from a theoretical viewpoint performs somewhat less than the GGNF transformation (it involves some encoding of the initial DCG, which the GGNF does not, and it only handles offline-parsable grammars, while the GGNF is defined for arbitrary DCGs), but in practice is extremely easy to implement and displays a comparable behavior when parsing with an OP grammar. The transformation consists of two steps: (1) empty-production elimination and (2) left-recursion elimination.","The Turing-completeness of definite clause programs therefore implies the undecidability of the parsing problem for this subclass of DCGs, and a fortiori for DCGs in general. In order to guarantee good computational properties for DCGs, it is then necessary to impose certain restrictions on their form such as offline-parsability (OP), a nomenclature introduced by Pereira and sWarren Pereira and Warren 1983, who define an OP DCG as a grammar whose context-free skeleton CFG is not infinitely ambiguous, and show that OP DCGs lead to a decidable parsing problem. Our aim in this paper is to propose a simple transformation for an arbitrary OP DCG putting it into a form which leads to the completeness of the direct top-down interpretation by the standard Prolog interpreter: parsing is guaranteed to enumerate all solutions to the parsing problem and terminate. The existence of such a transformation is known: in Dymetman 1992a,Dymetman 1992, we have recently introduced a ``Generalized Greibach Normal Form'' (GGNF) for DCGs, which leads to termination of top-down interpretation in the OP case. However, the available presentation of the GGNF transformation is rather complex (it involves an algebraic study of the fixpoints of certain equational systems representing grammars.). Our aim here is to present a related, but much simpler, transformation, which from a theoretical viewpoint performs somewhat less than the GGNF transformation (it involves some encoding of the initial DCG, which the GGNF does not, and it only handles offline-parsable grammars, while the GGNF is defined for arbitrary DCGs), but in practice is extremely easy to implement and displays a comparable behavior when parsing with an OP grammar. The transformation consists of two steps: (1) empty-production elimination and (2) left-recursion elimination.","The Turing-completeness of definite clause programs therefore implies the undecidability of the parsing problem for this subclass of DCGs, and a fortiori for DCGs in general. In order to guarantee good computational properties for DCGs, it is then necessary to impose certain restrictions on their form such as offline-parsability (OP), a nomenclature introduced by Pereira and sWarren Pereira and Warren 1983, who define an OP DCG as a grammar whose context-free skeleton CFG is not infinitely ambiguous, and show that OP DCGs lead to a decidable parsing problem. Our aim in this paper is to propose a simple transformation for an arbitrary OP DCG putting it into a form which leads to the completeness of the direct top-down interpretation by the standard Prolog interpreter: parsing is guaranteed to enumerate all solutions to the parsing problem and terminate. The existence of such a transformation is known: in (CITSEG),Dymetman 1992, we have recently introduced a ``Generalized Greibach Normal Form'' (GGNF) for DCGs, which leads to termination of top-down interpretation in the OP case. However, the available presentation of the GGNF transformation is rather complex (it involves an algebraic study of the fixpoints of certain equational systems representing grammars.). Our aim here is to present a related, but much simpler, transformation, which from a theoretical viewpoint performs somewhat less than the GGNF transformation (it involves some encoding of the initial DCG, which the GGNF does not, and it only handles offline-parsable grammars, while the GGNF is defined for arbitrary DCGs), but in practice is extremely easy to implement and displays a comparable behavior when parsing with an OP grammar. The transformation consists of two steps: (1) empty-production elimination and (2) left-recursion elimination.",Dymetman 1992a,CoCoGM,,True,REF,"{""CFunc"": ""CoCoGM"", ""ID"": ""R-3"", ""LinkS"": ""a related, but much simpler, transformation,"", ""SELF"": ""YES""}"
Teufel_original_dataset/CFC_distribution/2006_paper_training/9605023.cfc-scixml,"The existence of such a transformation is known: in Dymetman 1992a,Dymetman 1992, we have recently introduced a ``Generalized Greibach Normal Form'' (GGNF) for DCGs, which leads to termination of top-down interpretation in the OP case.","The existence of such a transformation is known: in Dymetman 1992a,Dymetman 1992, we have recently introduced a ``Generalized Greibach Normal Form'' (GGNF) for DCGs, which leads to termination of top-down interpretation in the OP case.","The existence of such a transformation is known: in (CITSEG)a,Dymetman 1992, we have recently introduced a ``Generalized Greibach Normal Form'' (GGNF) for DCGs, which leads to termination of top-down interpretation in the OP case.",S-9,9,DIV-1,"The Turing-completeness of definite clause programs therefore implies the undecidability of the parsing problem for this subclass of DCGs, and a fortiori for DCGs in general.","In order to guarantee good computational properties for DCGs, it is then necessary to impose certain restrictions on their form such as offline-parsability (OP), a nomenclature introduced by Pereira and sWarren Pereira and Warren 1983, who define an OP DCG as a grammar whose context-free skeleton CFG is not infinitely ambiguous, and show that OP DCGs lead to a decidable parsing problem.",Our aim in this paper is to propose a simple transformation for an arbitrary OP DCG putting it into a form which leads to the completeness of the direct top-down interpretation by the standard Prolog interpreter: parsing is guaranteed to enumerate all solutions to the parsing problem and terminate.,"However, the available presentation of the GGNF transformation is rather complex (it involves an algebraic study of the fixpoints of certain equational systems representing grammars.).","Our aim here is to present a related, but much simpler, transformation, which from a theoretical viewpoint performs somewhat less than the GGNF transformation (it involves some encoding of the initial DCG, which the GGNF does not, and it only handles offline-parsable grammars, while the GGNF is defined for arbitrary DCGs), but in practice is extremely easy to implement and displays a comparable behavior when parsing with an OP grammar.",The transformation consists of two steps: (1) empty-production elimination and (2) left-recursion elimination.,"The Turing-completeness of definite clause programs therefore implies the undecidability of the parsing problem for this subclass of DCGs, and a fortiori for DCGs in general. In order to guarantee good computational properties for DCGs, it is then necessary to impose certain restrictions on their form such as offline-parsability (OP), a nomenclature introduced by Pereira and sWarren Pereira and Warren 1983, who define an OP DCG as a grammar whose context-free skeleton CFG is not infinitely ambiguous, and show that OP DCGs lead to a decidable parsing problem. Our aim in this paper is to propose a simple transformation for an arbitrary OP DCG putting it into a form which leads to the completeness of the direct top-down interpretation by the standard Prolog interpreter: parsing is guaranteed to enumerate all solutions to the parsing problem and terminate.","However, the available presentation of the GGNF transformation is rather complex (it involves an algebraic study of the fixpoints of certain equational systems representing grammars.). Our aim here is to present a related, but much simpler, transformation, which from a theoretical viewpoint performs somewhat less than the GGNF transformation (it involves some encoding of the initial DCG, which the GGNF does not, and it only handles offline-parsable grammars, while the GGNF is defined for arbitrary DCGs), but in practice is extremely easy to implement and displays a comparable behavior when parsing with an OP grammar. The transformation consists of two steps: (1) empty-production elimination and (2) left-recursion elimination.","The Turing-completeness of definite clause programs therefore implies the undecidability of the parsing problem for this subclass of DCGs, and a fortiori for DCGs in general. In order to guarantee good computational properties for DCGs, it is then necessary to impose certain restrictions on their form such as offline-parsability (OP), a nomenclature introduced by Pereira and sWarren Pereira and Warren 1983, who define an OP DCG as a grammar whose context-free skeleton CFG is not infinitely ambiguous, and show that OP DCGs lead to a decidable parsing problem. Our aim in this paper is to propose a simple transformation for an arbitrary OP DCG putting it into a form which leads to the completeness of the direct top-down interpretation by the standard Prolog interpreter: parsing is guaranteed to enumerate all solutions to the parsing problem and terminate. The existence of such a transformation is known: in Dymetman 1992a,Dymetman 1992, we have recently introduced a ``Generalized Greibach Normal Form'' (GGNF) for DCGs, which leads to termination of top-down interpretation in the OP case. However, the available presentation of the GGNF transformation is rather complex (it involves an algebraic study of the fixpoints of certain equational systems representing grammars.). Our aim here is to present a related, but much simpler, transformation, which from a theoretical viewpoint performs somewhat less than the GGNF transformation (it involves some encoding of the initial DCG, which the GGNF does not, and it only handles offline-parsable grammars, while the GGNF is defined for arbitrary DCGs), but in practice is extremely easy to implement and displays a comparable behavior when parsing with an OP grammar. The transformation consists of two steps: (1) empty-production elimination and (2) left-recursion elimination.","The Turing-completeness of definite clause programs therefore implies the undecidability of the parsing problem for this subclass of DCGs, and a fortiori for DCGs in general. In order to guarantee good computational properties for DCGs, it is then necessary to impose certain restrictions on their form such as offline-parsability (OP), a nomenclature introduced by Pereira and sWarren Pereira and Warren 1983, who define an OP DCG as a grammar whose context-free skeleton CFG is not infinitely ambiguous, and show that OP DCGs lead to a decidable parsing problem. Our aim in this paper is to propose a simple transformation for an arbitrary OP DCG putting it into a form which leads to the completeness of the direct top-down interpretation by the standard Prolog interpreter: parsing is guaranteed to enumerate all solutions to the parsing problem and terminate. The existence of such a transformation is known: in (CITSEG)a,Dymetman 1992, we have recently introduced a ``Generalized Greibach Normal Form'' (GGNF) for DCGs, which leads to termination of top-down interpretation in the OP case. However, the available presentation of the GGNF transformation is rather complex (it involves an algebraic study of the fixpoints of certain equational systems representing grammars.). Our aim here is to present a related, but much simpler, transformation, which from a theoretical viewpoint performs somewhat less than the GGNF transformation (it involves some encoding of the initial DCG, which the GGNF does not, and it only handles offline-parsable grammars, while the GGNF is defined for arbitrary DCGs), but in practice is extremely easy to implement and displays a comparable behavior when parsing with an OP grammar. The transformation consists of two steps: (1) empty-production elimination and (2) left-recursion elimination.",Dymetman 1992,CoCoGM,,True,REF,"{""CFunc"": ""CoCoGM"", ""ID"": ""R-4"", ""LinkS"": ""a related, but much simpler, transformation,"", ""SELF"": ""YES""}"
Teufel_original_dataset/CFC_distribution/2006_paper_training/9605023.cfc-scixml,"In a recent paper Johnson forthcoming, Mark Johnson introduces ``a left-corner program transformation for natural language parsing'', which has some similarity to the above transformation, but which is applied to definite clause programs, rather than to DCGs.","In a recent paper Johnson forthcoming, Mark Johnson introduces ``a left-corner program transformation for natural language parsing'', which has some similarity to the above transformation, but which is applied to definite clause programs, rather than to DCGs.","In a recent paper (CITSEG), Mark Johnson introduces ``a left-corner program transformation for natural language parsing'', which has some similarity to the above transformation, but which is applied to definite clause programs, rather than to DCGs.",S-22,22,DIV-1,"then the replacement of these two rules by the three rules (where is a new nonterminal symbol, which represents a kind of ``transitive closure'' of d):",preserves the declarative semantics of the grammar.,"We remarked in Dymetman et al. 1990 that this transformation ``is closely related to left-corner parsing'', but did not give details.","He proves that this transformation respects declarative equivalence, and also shows, using a model-theoretic approach, the close connection of his transformation with left-corner parsing Rosencrantz and Lewis 1970,Matsumoto et al. 1983,Pereira and Shieber 1987.","It must be noted that the left-recursion elimination procedure can be applied to any DCG, whether OP or not.","Even in the case where the grammar is OP, however, it will not lead to a terminating parsing algorithm unless empty productions have been prealably eliminated from the grammar, a problem which is shared by the usual left-corner parser-interpreter.","then the replacement of these two rules by the three rules (where is a new nonterminal symbol, which represents a kind of ``transitive closure'' of d): preserves the declarative semantics of the grammar. We remarked in Dymetman et al. 1990 that this transformation ``is closely related to left-corner parsing'', but did not give details.","He proves that this transformation respects declarative equivalence, and also shows, using a model-theoretic approach, the close connection of his transformation with left-corner parsing Rosencrantz and Lewis 1970,Matsumoto et al. 1983,Pereira and Shieber 1987. It must be noted that the left-recursion elimination procedure can be applied to any DCG, whether OP or not. Even in the case where the grammar is OP, however, it will not lead to a terminating parsing algorithm unless empty productions have been prealably eliminated from the grammar, a problem which is shared by the usual left-corner parser-interpreter.","then the replacement of these two rules by the three rules (where is a new nonterminal symbol, which represents a kind of ``transitive closure'' of d): preserves the declarative semantics of the grammar. We remarked in Dymetman et al. 1990 that this transformation ``is closely related to left-corner parsing'', but did not give details. In a recent paper Johnson forthcoming, Mark Johnson introduces ``a left-corner program transformation for natural language parsing'', which has some similarity to the above transformation, but which is applied to definite clause programs, rather than to DCGs. He proves that this transformation respects declarative equivalence, and also shows, using a model-theoretic approach, the close connection of his transformation with left-corner parsing Rosencrantz and Lewis 1970,Matsumoto et al. 1983,Pereira and Shieber 1987. It must be noted that the left-recursion elimination procedure can be applied to any DCG, whether OP or not. Even in the case where the grammar is OP, however, it will not lead to a terminating parsing algorithm unless empty productions have been prealably eliminated from the grammar, a problem which is shared by the usual left-corner parser-interpreter.","then the replacement of these two rules by the three rules (where is a new nonterminal symbol, which represents a kind of ``transitive closure'' of d): preserves the declarative semantics of the grammar. We remarked in Dymetman et al. 1990 that this transformation ``is closely related to left-corner parsing'', but did not give details. In a recent paper (CITSEG), Mark Johnson introduces ``a left-corner program transformation for natural language parsing'', which has some similarity to the above transformation, but which is applied to definite clause programs, rather than to DCGs. He proves that this transformation respects declarative equivalence, and also shows, using a model-theoretic approach, the close connection of his transformation with left-corner parsing Rosencrantz and Lewis 1970,Matsumoto et al. 1983,Pereira and Shieber 1987. It must be noted that the left-recursion elimination procedure can be applied to any DCG, whether OP or not. Even in the case where the grammar is OP, however, it will not lead to a terminating parsing algorithm unless empty productions have been prealably eliminated from the grammar, a problem which is shared by the usual left-corner parser-interpreter.",Johnson forthcoming,CoCoGM,,False,REF,"{""CFunc"": ""CoCoGM"", ""ID"": ""R-7"", ""LinkS"": ""but which is applied to definite clause programs, rather than to DCGs""}"
Teufel_original_dataset/CFC_distribution/2006_paper_training/9504006.cfc-scixml,"This result challenges the claims of recent discourse theories Grosz and Sidner 1986, Reichman 1985 which argue for a the close relation between cue words and discourse structure.","This result challenges the claims of recent discourse theories Grosz and Sidner 1986, Reichman 1985 which argue for a the close relation between cue words and discourse structure.","This result challenges the claims of recent discourse theories (CITSEG), Reichman 1985 which argue for a the close relation between cue words and discourse structure.",S-141,141,DIV-18,global organisation.,"For the control phases, we found that three types of utterances (prompts, repetitions and summaries) were consistently used to signal control shifts.","For the low level structures we identified, (i.e. control phases), cue words and phrases were not as reliable in predicting shifts.",We also examined how utterance type related to topic shift and found that few interruptions introduced a new topic.,"Finally there was evidence for high level structures in these dialogues as evidenced by topic initiation and control, with early topics being initiated and dominated by the client and the opposite being true for the later parts.","Another focus of current research has been the modelling of speaker and listener goals Allen and Perrault 1980, Cohen and Levesque 1985 but there has been little research on real dialogues investigating how goals are communicated and inferred.","global organisation. For the control phases, we found that three types of utterances (prompts, repetitions and summaries) were consistently used to signal control shifts. For the low level structures we identified, (i.e. control phases), cue words and phrases were not as reliable in predicting shifts.","We also examined how utterance type related to topic shift and found that few interruptions introduced a new topic. Finally there was evidence for high level structures in these dialogues as evidenced by topic initiation and control, with early topics being initiated and dominated by the client and the opposite being true for the later parts. Another focus of current research has been the modelling of speaker and listener goals Allen and Perrault 1980, Cohen and Levesque 1985 but there has been little research on real dialogues investigating how goals are communicated and inferred.","global organisation. For the control phases, we found that three types of utterances (prompts, repetitions and summaries) were consistently used to signal control shifts. For the low level structures we identified, (i.e. control phases), cue words and phrases were not as reliable in predicting shifts. This result challenges the claims of recent discourse theories Grosz and Sidner 1986, Reichman 1985 which argue for a the close relation between cue words and discourse structure. We also examined how utterance type related to topic shift and found that few interruptions introduced a new topic. Finally there was evidence for high level structures in these dialogues as evidenced by topic initiation and control, with early topics being initiated and dominated by the client and the opposite being true for the later parts. Another focus of current research has been the modelling of speaker and listener goals Allen and Perrault 1980, Cohen and Levesque 1985 but there has been little research on real dialogues investigating how goals are communicated and inferred.","global organisation. For the control phases, we found that three types of utterances (prompts, repetitions and summaries) were consistently used to signal control shifts. For the low level structures we identified, (i.e. control phases), cue words and phrases were not as reliable in predicting shifts. This result challenges the claims of recent discourse theories (CITSEG), Reichman 1985 which argue for a the close relation between cue words and discourse structure. We also examined how utterance type related to topic shift and found that few interruptions introduced a new topic. Finally there was evidence for high level structures in these dialogues as evidenced by topic initiation and control, with early topics being initiated and dominated by the client and the opposite being true for the later parts. Another focus of current research has been the modelling of speaker and listener goals Allen and Perrault 1980, Cohen and Levesque 1985 but there has been little research on real dialogues investigating how goals are communicated and inferred.",Grosz and Sidner 1986,CoCoR0,P,False,REF,"{""CFunc"": ""CoCoR0"", ""ID"": ""R-17"", ""TYPE"": ""P""}"
Teufel_original_dataset/CFC_distribution/2006_paper_training/9504006.cfc-scixml,"This result challenges the claims of recent discourse theories Grosz and Sidner 1986, Reichman 1985 which argue for a the close relation between cue words and discourse structure.","This result challenges the claims of recent discourse theories Grosz and Sidner 1986, Reichman 1985 which argue for a the close relation between cue words and discourse structure.","This result challenges the claims of recent discourse theories Grosz and Sidner 1986, (CITSEG) which argue for a the close relation between cue words and discourse structure.",S-141,141,DIV-18,global organisation.,"For the control phases, we found that three types of utterances (prompts, repetitions and summaries) were consistently used to signal control shifts.","For the low level structures we identified, (i.e. control phases), cue words and phrases were not as reliable in predicting shifts.",We also examined how utterance type related to topic shift and found that few interruptions introduced a new topic.,"Finally there was evidence for high level structures in these dialogues as evidenced by topic initiation and control, with early topics being initiated and dominated by the client and the opposite being true for the later parts.","Another focus of current research has been the modelling of speaker and listener goals Allen and Perrault 1980, Cohen and Levesque 1985 but there has been little research on real dialogues investigating how goals are communicated and inferred.","global organisation. For the control phases, we found that three types of utterances (prompts, repetitions and summaries) were consistently used to signal control shifts. For the low level structures we identified, (i.e. control phases), cue words and phrases were not as reliable in predicting shifts.","We also examined how utterance type related to topic shift and found that few interruptions introduced a new topic. Finally there was evidence for high level structures in these dialogues as evidenced by topic initiation and control, with early topics being initiated and dominated by the client and the opposite being true for the later parts. Another focus of current research has been the modelling of speaker and listener goals Allen and Perrault 1980, Cohen and Levesque 1985 but there has been little research on real dialogues investigating how goals are communicated and inferred.","global organisation. For the control phases, we found that three types of utterances (prompts, repetitions and summaries) were consistently used to signal control shifts. For the low level structures we identified, (i.e. control phases), cue words and phrases were not as reliable in predicting shifts. This result challenges the claims of recent discourse theories Grosz and Sidner 1986, Reichman 1985 which argue for a the close relation between cue words and discourse structure. We also examined how utterance type related to topic shift and found that few interruptions introduced a new topic. Finally there was evidence for high level structures in these dialogues as evidenced by topic initiation and control, with early topics being initiated and dominated by the client and the opposite being true for the later parts. Another focus of current research has been the modelling of speaker and listener goals Allen and Perrault 1980, Cohen and Levesque 1985 but there has been little research on real dialogues investigating how goals are communicated and inferred.","global organisation. For the control phases, we found that three types of utterances (prompts, repetitions and summaries) were consistently used to signal control shifts. For the low level structures we identified, (i.e. control phases), cue words and phrases were not as reliable in predicting shifts. This result challenges the claims of recent discourse theories Grosz and Sidner 1986, (CITSEG) which argue for a the close relation between cue words and discourse structure. We also examined how utterance type related to topic shift and found that few interruptions introduced a new topic. Finally there was evidence for high level structures in these dialogues as evidenced by topic initiation and control, with early topics being initiated and dominated by the client and the opposite being true for the later parts. Another focus of current research has been the modelling of speaker and listener goals Allen and Perrault 1980, Cohen and Levesque 1985 but there has been little research on real dialogues investigating how goals are communicated and inferred.",Reichman 1985,CoCoR0,P,False,REF,"{""CFunc"": ""CoCoR0"", ""ID"": ""R-18"", ""TYPE"": ""P""}"
Teufel_original_dataset/CFC_distribution/2006_paper_training/9405010.cfc-scixml,"Instead, we briefly compare the current work to three previous studies that explicitly tie ellipsis resolution to an account of discourse structure and coherence, namely our previous account Kehler 1993b and the accounts of Pruest 1992 and Asher 1993.","Instead, we briefly compare the current work to three previous studies that explicitly tie ellipsis resolution to an account of discourse structure and coherence, namely our previous account Kehler 1993b and the accounts of Pruest 1992 and Asher 1993.","Instead, we briefly compare the current work to three previous studies that explicitly tie ellipsis resolution to an account of discourse structure and coherence, namely our previous account (CITSEG) and the accounts of Pruest 1992 and Asher 1993.",S-130,130,DIV-11,,,"The literature on ellipsis and event reference is voluminous, and so we will not attempt a comprehensive comparison here.","In Kehler 1993b, we presented an analysis of VP-ellipsis that distinguished between two types of relationship between clauses, parallel and non-parallel.",An architecture was presented whereby utterances were parsed into propositional representations which were subsequently integrated into a discourse model.,"It was posited that VP-ellipsis could access either propositional or discourse model representations: in the case of parallel constructions, the source resided in the propositional representation; in the case of non-parallel constructions, the source had been integrated into the discourse model.","The literature on ellipsis and event reference is voluminous, and so we will not attempt a comprehensive comparison here.","In Kehler 1993b, we presented an analysis of VP-ellipsis that distinguished between two types of relationship between clauses, parallel and non-parallel. An architecture was presented whereby utterances were parsed into propositional representations which were subsequently integrated into a discourse model. It was posited that VP-ellipsis could access either propositional or discourse model representations: in the case of parallel constructions, the source resided in the propositional representation; in the case of non-parallel constructions, the source had been integrated into the discourse model.","The literature on ellipsis and event reference is voluminous, and so we will not attempt a comprehensive comparison here. Instead, we briefly compare the current work to three previous studies that explicitly tie ellipsis resolution to an account of discourse structure and coherence, namely our previous account Kehler 1993b and the accounts of Pruest 1992 and Asher 1993. In Kehler 1993b, we presented an analysis of VP-ellipsis that distinguished between two types of relationship between clauses, parallel and non-parallel. An architecture was presented whereby utterances were parsed into propositional representations which were subsequently integrated into a discourse model. It was posited that VP-ellipsis could access either propositional or discourse model representations: in the case of parallel constructions, the source resided in the propositional representation; in the case of non-parallel constructions, the source had been integrated into the discourse model.","The literature on ellipsis and event reference is voluminous, and so we will not attempt a comprehensive comparison here. Instead, we briefly compare the current work to three previous studies that explicitly tie ellipsis resolution to an account of discourse structure and coherence, namely our previous account (CITSEG) and the accounts of Pruest 1992 and Asher 1993. In Kehler 1993b, we presented an analysis of VP-ellipsis that distinguished between two types of relationship between clauses, parallel and non-parallel. An architecture was presented whereby utterances were parsed into propositional representations which were subsequently integrated into a discourse model. It was posited that VP-ellipsis could access either propositional or discourse model representations: in the case of parallel constructions, the source resided in the propositional representation; in the case of non-parallel constructions, the source had been integrated into the discourse model.",Kehler 1993b,CoCoGM,P,True,REF,"{""CFunc"": ""CoCoGM"", ""ID"": ""R-23"", ""LinkS"": ""we briefly compare "", ""SELF"": ""YES"", ""TYPE"": ""P""}"
Teufel_original_dataset/CFC_distribution/2006_paper_training/9405010.cfc-scixml,"Instead, we briefly compare the current work to three previous studies that explicitly tie ellipsis resolution to an account of discourse structure and coherence, namely our previous account Kehler 1993b and the accounts of Pruest 1992 and Asher 1993.","Instead, we briefly compare the current work to three previous studies that explicitly tie ellipsis resolution to an account of discourse structure and coherence, namely our previous account Kehler 1993b and the accounts of Pruest 1992 and Asher 1993.","Instead, we briefly compare the current work to three previous studies that explicitly tie ellipsis resolution to an account of discourse structure and coherence, namely our previous account Kehler 1993b and the accounts of (CITSEG) and Asher 1993.",S-130,130,DIV-11,,,"The literature on ellipsis and event reference is voluminous, and so we will not attempt a comprehensive comparison here.","In Kehler 1993b, we presented an analysis of VP-ellipsis that distinguished between two types of relationship between clauses, parallel and non-parallel.",An architecture was presented whereby utterances were parsed into propositional representations which were subsequently integrated into a discourse model.,"It was posited that VP-ellipsis could access either propositional or discourse model representations: in the case of parallel constructions, the source resided in the propositional representation; in the case of non-parallel constructions, the source had been integrated into the discourse model.","The literature on ellipsis and event reference is voluminous, and so we will not attempt a comprehensive comparison here.","In Kehler 1993b, we presented an analysis of VP-ellipsis that distinguished between two types of relationship between clauses, parallel and non-parallel. An architecture was presented whereby utterances were parsed into propositional representations which were subsequently integrated into a discourse model. It was posited that VP-ellipsis could access either propositional or discourse model representations: in the case of parallel constructions, the source resided in the propositional representation; in the case of non-parallel constructions, the source had been integrated into the discourse model.","The literature on ellipsis and event reference is voluminous, and so we will not attempt a comprehensive comparison here. Instead, we briefly compare the current work to three previous studies that explicitly tie ellipsis resolution to an account of discourse structure and coherence, namely our previous account Kehler 1993b and the accounts of Pruest 1992 and Asher 1993. In Kehler 1993b, we presented an analysis of VP-ellipsis that distinguished between two types of relationship between clauses, parallel and non-parallel. An architecture was presented whereby utterances were parsed into propositional representations which were subsequently integrated into a discourse model. It was posited that VP-ellipsis could access either propositional or discourse model representations: in the case of parallel constructions, the source resided in the propositional representation; in the case of non-parallel constructions, the source had been integrated into the discourse model.","The literature on ellipsis and event reference is voluminous, and so we will not attempt a comprehensive comparison here. Instead, we briefly compare the current work to three previous studies that explicitly tie ellipsis resolution to an account of discourse structure and coherence, namely our previous account Kehler 1993b and the accounts of (CITSEG) and Asher 1993. In Kehler 1993b, we presented an analysis of VP-ellipsis that distinguished between two types of relationship between clauses, parallel and non-parallel. An architecture was presented whereby utterances were parsed into propositional representations which were subsequently integrated into a discourse model. It was posited that VP-ellipsis could access either propositional or discourse model representations: in the case of parallel constructions, the source resided in the propositional representation; in the case of non-parallel constructions, the source had been integrated into the discourse model.",Pruest 1992,CoCoGM,A,False,REF,"{""CFunc"": ""CoCoGM"", ""ID"": ""R-24"", ""LinkS"": ""we briefly compare "", ""TYPE"": ""A""}"
Teufel_original_dataset/CFC_distribution/2006_paper_training/9405010.cfc-scixml,"Instead, we briefly compare the current work to three previous studies that explicitly tie ellipsis resolution to an account of discourse structure and coherence, namely our previous account Kehler 1993b and the accounts of Pruest 1992 and Asher 1993.","Instead, we briefly compare the current work to three previous studies that explicitly tie ellipsis resolution to an account of discourse structure and coherence, namely our previous account Kehler 1993b and the accounts of Pruest 1992 and Asher 1993.","Instead, we briefly compare the current work to three previous studies that explicitly tie ellipsis resolution to an account of discourse structure and coherence, namely our previous account Kehler 1993b and the accounts of Pruest 1992 and (CITSEG).",S-130,130,DIV-11,,,"The literature on ellipsis and event reference is voluminous, and so we will not attempt a comprehensive comparison here.","In Kehler 1993b, we presented an analysis of VP-ellipsis that distinguished between two types of relationship between clauses, parallel and non-parallel.",An architecture was presented whereby utterances were parsed into propositional representations which were subsequently integrated into a discourse model.,"It was posited that VP-ellipsis could access either propositional or discourse model representations: in the case of parallel constructions, the source resided in the propositional representation; in the case of non-parallel constructions, the source had been integrated into the discourse model.","The literature on ellipsis and event reference is voluminous, and so we will not attempt a comprehensive comparison here.","In Kehler 1993b, we presented an analysis of VP-ellipsis that distinguished between two types of relationship between clauses, parallel and non-parallel. An architecture was presented whereby utterances were parsed into propositional representations which were subsequently integrated into a discourse model. It was posited that VP-ellipsis could access either propositional or discourse model representations: in the case of parallel constructions, the source resided in the propositional representation; in the case of non-parallel constructions, the source had been integrated into the discourse model.","The literature on ellipsis and event reference is voluminous, and so we will not attempt a comprehensive comparison here. Instead, we briefly compare the current work to three previous studies that explicitly tie ellipsis resolution to an account of discourse structure and coherence, namely our previous account Kehler 1993b and the accounts of Pruest 1992 and Asher 1993. In Kehler 1993b, we presented an analysis of VP-ellipsis that distinguished between two types of relationship between clauses, parallel and non-parallel. An architecture was presented whereby utterances were parsed into propositional representations which were subsequently integrated into a discourse model. It was posited that VP-ellipsis could access either propositional or discourse model representations: in the case of parallel constructions, the source resided in the propositional representation; in the case of non-parallel constructions, the source had been integrated into the discourse model.","The literature on ellipsis and event reference is voluminous, and so we will not attempt a comprehensive comparison here. Instead, we briefly compare the current work to three previous studies that explicitly tie ellipsis resolution to an account of discourse structure and coherence, namely our previous account Kehler 1993b and the accounts of Pruest 1992 and (CITSEG). In Kehler 1993b, we presented an analysis of VP-ellipsis that distinguished between two types of relationship between clauses, parallel and non-parallel. An architecture was presented whereby utterances were parsed into propositional representations which were subsequently integrated into a discourse model. It was posited that VP-ellipsis could access either propositional or discourse model representations: in the case of parallel constructions, the source resided in the propositional representation; in the case of non-parallel constructions, the source had been integrated into the discourse model.",Asher 1993,CoCoGM,A,False,REF,"{""CFunc"": ""CoCoGM"", ""ID"": ""R-25"", ""LinkS"": ""we briefly compare "", ""TYPE"": ""A""}"
Teufel_original_dataset/CFC_distribution/2006_paper_training/9504017.cfc-scixml,Green solves the problem by extending the boundaries of the analysis to discourse units.,Green solves the problem by extending the boundaries of the analysis to discourse units.,(CITSEG) solves the problem by extending the boundaries of the analysis to discourse units.,S-116,116,DIV-5 > DIV-14,The following dialog is considered Green 1992:,"Answer conveys a `` yes '', but a reply consisting only of would implicate a `` no ''.","As Green notices, in previous models of implicatures Gazdar 1979, Hirschberg 1985, processing (will block the implicature generated by.",Our approach does not exhibit these constraints.,"As in the previous example, the one dealing with a sequence of utterances, we obtain a different interpretation after each step.","When the question is asked, there is no conversational implicature.","The following dialog is considered Green 1992: Answer conveys a `` yes '', but a reply consisting only of would implicate a `` no ''. As Green notices, in previous models of implicatures Gazdar 1979, Hirschberg 1985, processing (will block the implicature generated by.","Our approach does not exhibit these constraints. As in the previous example, the one dealing with a sequence of utterances, we obtain a different interpretation after each step. When the question is asked, there is no conversational implicature.","The following dialog is considered Green 1992: Answer conveys a `` yes '', but a reply consisting only of would implicate a `` no ''. As Green notices, in previous models of implicatures Gazdar 1979, Hirschberg 1985, processing (will block the implicature generated by. Green solves the problem by extending the boundaries of the analysis to discourse units. Our approach does not exhibit these constraints. As in the previous example, the one dealing with a sequence of utterances, we obtain a different interpretation after each step. When the question is asked, there is no conversational implicature.","The following dialog is considered Green 1992: Answer conveys a `` yes '', but a reply consisting only of would implicate a `` no ''. As Green notices, in previous models of implicatures Gazdar 1979, Hirschberg 1985, processing (will block the implicature generated by. (CITSEG) solves the problem by extending the boundaries of the analysis to discourse units. Our approach does not exhibit these constraints. As in the previous example, the one dealing with a sequence of utterances, we obtain a different interpretation after each step. When the question is asked, there is no conversational implicature.",Green,CoCo-,,False,REFAUTHOR,"{""CFunc"": ""CoCo-"", ""ID"": ""R-35"", ""LinkS"": ""s117""}"
Teufel_original_dataset/CFC_distribution/2006_paper_training/9409004.cfc-scixml,"Resnik 1992 performed a similar learning process, but while he was only looking for the preferred class of object nouns, we are interested in all the possible classes (SRs).","Resnik 1992 performed a similar learning process, but while he was only looking for the preferred class of object nouns, we are interested in all the possible classes (SRs).","(CITSEG) performed a similar learning process, but while he was only looking for the preferred class of object nouns, we are interested in all the possible classes (SRs).",S-100,100,DIV-2 > DIV-6,"In different iterations over these candidate classes, two operations are performed: first, the class, c, having the best Assoc (best class), is extracted for the final result; and second, the remaining candidate classes are filtered from classes being hyper / hyponyms to the best class.",This last step is made because the definitive classes must be mutually disjoint.,The iterations are repeated until the candidate space has been run out.,He performed a best-first search on the candidate space.,"However, if the function to maximize doesn't have a monotone behavior (as it is the case of Assoc) the best-first search doesn't guarantee global optimals, but only local ones.","This fact made us to decide for a global search, specially because the candidate space is not so big.","In different iterations over these candidate classes, two operations are performed: first, the class, c, having the best Assoc (best class), is extracted for the final result; and second, the remaining candidate classes are filtered from classes being hyper / hyponyms to the best class. This last step is made because the definitive classes must be mutually disjoint. The iterations are repeated until the candidate space has been run out.","He performed a best-first search on the candidate space. However, if the function to maximize doesn't have a monotone behavior (as it is the case of Assoc) the best-first search doesn't guarantee global optimals, but only local ones. This fact made us to decide for a global search, specially because the candidate space is not so big.","In different iterations over these candidate classes, two operations are performed: first, the class, c, having the best Assoc (best class), is extracted for the final result; and second, the remaining candidate classes are filtered from classes being hyper / hyponyms to the best class. This last step is made because the definitive classes must be mutually disjoint. The iterations are repeated until the candidate space has been run out. Resnik 1992 performed a similar learning process, but while he was only looking for the preferred class of object nouns, we are interested in all the possible classes (SRs). He performed a best-first search on the candidate space. However, if the function to maximize doesn't have a monotone behavior (as it is the case of Assoc) the best-first search doesn't guarantee global optimals, but only local ones. This fact made us to decide for a global search, specially because the candidate space is not so big.","In different iterations over these candidate classes, two operations are performed: first, the class, c, having the best Assoc (best class), is extracted for the final result; and second, the remaining candidate classes are filtered from classes being hyper / hyponyms to the best class. This last step is made because the definitive classes must be mutually disjoint. The iterations are repeated until the candidate space has been run out. (CITSEG) performed a similar learning process, but while he was only looking for the preferred class of object nouns, we are interested in all the possible classes (SRs). He performed a best-first search on the candidate space. However, if the function to maximize doesn't have a monotone behavior (as it is the case of Assoc) the best-first search doesn't guarantee global optimals, but only local ones. This fact made us to decide for a global search, specially because the candidate space is not so big.",Resnik 1992,CoCoGM,A,False,REF,"{""CFunc"": ""CoCoGM"", ""ID"": ""R-27"", ""LinkS"": ""but while"", ""TYPE"": ""A""}"
Teufel_original_dataset/CFC_distribution/2006_paper_training/9907010.cfc-scixml,The accuracy figures are generally similar to or better than those of Sibun and Reynar.,The accuracy figures are generally similar to or better than those of Sibun and Reynar.,The accuracy figures are generally similar to or better than those of (CITSEG).,S-91,91,DIV-5,The results of these tests appear in table.,The figures for the activation threshold were determined by experimenting on the data.,"An interesting area for further work would be to put this aspect of the procedure on a sounder theoretical basis, perhaps by using the a priori probabilities of the individual languages.","The corresponding figures for 200 tokens of training data appear in table, for the token identification task only.",One of the strengths of the algorithm is that it makes a decision as soon as one can be made reliably.,"Table shows the average number of tokens which have to be read before a decision can be made, for the cases where the decision was correct and incorrect, and for both cases together.","The results of these tests appear in table. The figures for the activation threshold were determined by experimenting on the data. An interesting area for further work would be to put this aspect of the procedure on a sounder theoretical basis, perhaps by using the a priori probabilities of the individual languages.","The corresponding figures for 200 tokens of training data appear in table, for the token identification task only. One of the strengths of the algorithm is that it makes a decision as soon as one can be made reliably. Table shows the average number of tokens which have to be read before a decision can be made, for the cases where the decision was correct and incorrect, and for both cases together.","The results of these tests appear in table. The figures for the activation threshold were determined by experimenting on the data. An interesting area for further work would be to put this aspect of the procedure on a sounder theoretical basis, perhaps by using the a priori probabilities of the individual languages. The accuracy figures are generally similar to or better than those of Sibun and Reynar. The corresponding figures for 200 tokens of training data appear in table, for the token identification task only. One of the strengths of the algorithm is that it makes a decision as soon as one can be made reliably. Table shows the average number of tokens which have to be read before a decision can be made, for the cases where the decision was correct and incorrect, and for both cases together.","The results of these tests appear in table. The figures for the activation threshold were determined by experimenting on the data. An interesting area for further work would be to put this aspect of the procedure on a sounder theoretical basis, perhaps by using the a priori probabilities of the individual languages. The accuracy figures are generally similar to or better than those of (CITSEG). The corresponding figures for 200 tokens of training data appear in table, for the token identification task only. One of the strengths of the algorithm is that it makes a decision as soon as one can be made reliably. Table shows the average number of tokens which have to be read before a decision can be made, for the cases where the decision was correct and incorrect, and for both cases together.",Sibun and Reynar,CoCo-,,False,REFAUTHOR,"{""CFunc"": ""CoCo-"", ""ID"": ""R-19"", ""LinkS"": ""similar or beter""}"
Teufel_original_dataset/CFC_distribution/2006_paper_training/9907010.cfc-scixml,"For example, Serbian, Croatian and Slovenian show several confusions between them, as in Sibun and Reynar ' s results.","For example, Serbian, Croatian and Slovenian show several confusions between them, as in Sibun and Reynar ' s results.","For example, Serbian, Croatian and Slovenian show several confusions between them, as in (CITSEG) ' s results.",S-99,99,DIV-5,"The figures show that convergence usually happens within about 10 words, with a long tailing off to the results.",The longest time to convergence was 153 shape tokens.,"A manual inspection of one run (2000 lines of training data, tokens, threshold=14) shows that errors are somtimes clustered, although quite weakly.",There are two observations to be made here.,"Firstly, there are about as many other errors between these language and languages which are unrelated to them, such as Italian, German and Norwegian, and so the errors may be due to poor quality data rather than a lack of discrimination in the algorithm.","For example, Croatian is incorrectly recognised as Serbian 3 times and as Slovenian once, while the languages which are misrecognised as Croatian are German and Norwegian (once each).","The figures show that convergence usually happens within about 10 words, with a long tailing off to the results. The longest time to convergence was 153 shape tokens. A manual inspection of one run (2000 lines of training data, tokens, threshold=14) shows that errors are somtimes clustered, although quite weakly.","There are two observations to be made here. Firstly, there are about as many other errors between these language and languages which are unrelated to them, such as Italian, German and Norwegian, and so the errors may be due to poor quality data rather than a lack of discrimination in the algorithm. For example, Croatian is incorrectly recognised as Serbian 3 times and as Slovenian once, while the languages which are misrecognised as Croatian are German and Norwegian (once each).","The figures show that convergence usually happens within about 10 words, with a long tailing off to the results. The longest time to convergence was 153 shape tokens. A manual inspection of one run (2000 lines of training data, tokens, threshold=14) shows that errors are somtimes clustered, although quite weakly. For example, Serbian, Croatian and Slovenian show several confusions between them, as in Sibun and Reynar ' s results. There are two observations to be made here. Firstly, there are about as many other errors between these language and languages which are unrelated to them, such as Italian, German and Norwegian, and so the errors may be due to poor quality data rather than a lack of discrimination in the algorithm. For example, Croatian is incorrectly recognised as Serbian 3 times and as Slovenian once, while the languages which are misrecognised as Croatian are German and Norwegian (once each).","The figures show that convergence usually happens within about 10 words, with a long tailing off to the results. The longest time to convergence was 153 shape tokens. A manual inspection of one run (2000 lines of training data, tokens, threshold=14) shows that errors are somtimes clustered, although quite weakly. For example, Serbian, Croatian and Slovenian show several confusions between them, as in (CITSEG) ' s results. There are two observations to be made here. Firstly, there are about as many other errors between these language and languages which are unrelated to them, such as Italian, German and Norwegian, and so the errors may be due to poor quality data rather than a lack of discrimination in the algorithm. For example, Croatian is incorrectly recognised as Serbian 3 times and as Slovenian once, while the languages which are misrecognised as Croatian are German and Norwegian (once each).",Sibun and Reynar,CoCoR0,,False,REFAUTHOR,"{""CFunc"": ""CoCoR0"", ""ID"": ""R-21"", ""LinkS"": ""as in X's results""}"
Teufel_original_dataset/CFC_distribution/2006_paper_training/9907010.cfc-scixml,"There is another approach to language identification, which has a certain amount in common with ours, described in a patent by Martino and Paulsen 1996.","There is another approach to language identification, which has a certain amount in common with ours, described in a patent by Martino and Paulsen 1996.","There is another approach to language identification, which has a certain amount in common with ours, described in a patent by Martino and (CITSEG).",S-124,124,DIV-5 > DIV-8,,,The classification algorithm described above was originally developed in response to Sibun and Spitz ' s work.,"Their approach is to build tables of the most frequent words in each language, and assign them a normalised score, based on the frequency of occurrence of the word in one language compared to the total across all the languages.",Only the most frequent words for each language are used.,"The algorithm works by accumulating scores, until a preset number of words has been read or a minimum score has been reached.",The classification algorithm described above was originally developed in response to Sibun and Spitz ' s work.,"Their approach is to build tables of the most frequent words in each language, and assign them a normalised score, based on the frequency of occurrence of the word in one language compared to the total across all the languages. Only the most frequent words for each language are used. The algorithm works by accumulating scores, until a preset number of words has been read or a minimum score has been reached.","The classification algorithm described above was originally developed in response to Sibun and Spitz ' s work. There is another approach to language identification, which has a certain amount in common with ours, described in a patent by Martino and Paulsen 1996. Their approach is to build tables of the most frequent words in each language, and assign them a normalised score, based on the frequency of occurrence of the word in one language compared to the total across all the languages. Only the most frequent words for each language are used. The algorithm works by accumulating scores, until a preset number of words has been read or a minimum score has been reached.","The classification algorithm described above was originally developed in response to Sibun and Spitz ' s work. There is another approach to language identification, which has a certain amount in common with ours, described in a patent by Martino and (CITSEG). Their approach is to build tables of the most frequent words in each language, and assign them a normalised score, based on the frequency of occurrence of the word in one language compared to the total across all the languages. Only the most frequent words for each language are used. The algorithm works by accumulating scores, until a preset number of words has been read or a minimum score has been reached.",Paulsen 1996,CoCoGM,,False,REF,"{""CFunc"": ""CoCoGM"", ""ID"": ""R-25"", ""LinkS"": ""S130""}"
Teufel_original_dataset/CFC_distribution/2006_paper_training/9907010.cfc-scixml,"Martino and Paulsen say they obtain a high degree of confidence in the decision after about 100 words, without saying what the actual success rate is; we can compare this with around 10 words (or tokens) for convergence here.","Martino and Paulsen say they obtain a high degree of confidence in the decision after about 100 words, without saying what the actual success rate is; we can compare this with around 10 words (or tokens) for convergence here.","Martino and (CITSEG) say they obtain a high degree of confidence in the decision after about 100 words, without saying what the actual success rate is; we can compare this with around 10 words (or tokens) for convergence here.",S-132,132,DIV-5 > DIV-8,"Since there is a clear similarity, it is perhaps worth highlighting the differences.","In terms of the algorithm, the most important difference is that no confidence measures are included.","The complexities of splitting the data into different frequency bands for calculating probabilities are thus avoided, but no test analogous to overlapping confidence intervals can be applied.",,,,"Since there is a clear similarity, it is perhaps worth highlighting the differences. In terms of the algorithm, the most important difference is that no confidence measures are included. The complexities of splitting the data into different frequency bands for calculating probabilities are thus avoided, but no test analogous to overlapping confidence intervals can be applied.",,"Since there is a clear similarity, it is perhaps worth highlighting the differences. In terms of the algorithm, the most important difference is that no confidence measures are included. The complexities of splitting the data into different frequency bands for calculating probabilities are thus avoided, but no test analogous to overlapping confidence intervals can be applied. Martino and Paulsen say they obtain a high degree of confidence in the decision after about 100 words, without saying what the actual success rate is; we can compare this with around 10 words (or tokens) for convergence here.","Since there is a clear similarity, it is perhaps worth highlighting the differences. In terms of the algorithm, the most important difference is that no confidence measures are included. The complexities of splitting the data into different frequency bands for calculating probabilities are thus avoided, but no test analogous to overlapping confidence intervals can be applied. Martino and (CITSEG) say they obtain a high degree of confidence in the decision after about 100 words, without saying what the actual success rate is; we can compare this with around 10 words (or tokens) for convergence here.",Paulsen,CoCoGM,,False,REFAUTHOR,"{""CFunc"": ""CoCoGM"", ""ID"": ""R-26"", ""LinkS"": ""compare this with ... here""}"
Teufel_original_dataset/CFC_distribution/2006_paper_training/9511006.cfc-scixml,"Here I make an explicit comparison with Sussna 's approach, since it is the most similar of previous work.","Here I make an explicit comparison with Sussna 's approach, since it is the most similar of previous work.","Here I make an explicit comparison with (CITSEG) 's approach, since it is the most similar of previous work.",S-77,77,DIV-2 > DIV-5 > DIV-6,,,"The intuition behind this algorithm is essentially the same intuition exploited by Lesk 1986, Sussna 1993, and others: the most plausible assignment of senses to multiple co-occurring words is the one that maximizes relatedness of meaning among the senses chosen.","Sussna gives as an example of the problem he is solving the following paragraph from the corpus of 1963 Time magazine articles used in information retrieval research (uppercase in the Time corpus, lowercase here for readability; punctuation is as it appears in the original corpus):","From this, Sussna extracts the following noun grouping to disambiguate:",These are the non-stopword nouns in the paragraph that appear in WordNet (he used version 1.2).,"The intuition behind this algorithm is essentially the same intuition exploited by Lesk 1986, Sussna 1993, and others: the most plausible assignment of senses to multiple co-occurring words is the one that maximizes relatedness of meaning among the senses chosen.","Sussna gives as an example of the problem he is solving the following paragraph from the corpus of 1963 Time magazine articles used in information retrieval research (uppercase in the Time corpus, lowercase here for readability; punctuation is as it appears in the original corpus): From this, Sussna extracts the following noun grouping to disambiguate: These are the non-stopword nouns in the paragraph that appear in WordNet (he used version 1.2).","The intuition behind this algorithm is essentially the same intuition exploited by Lesk 1986, Sussna 1993, and others: the most plausible assignment of senses to multiple co-occurring words is the one that maximizes relatedness of meaning among the senses chosen. Here I make an explicit comparison with Sussna 's approach, since it is the most similar of previous work. Sussna gives as an example of the problem he is solving the following paragraph from the corpus of 1963 Time magazine articles used in information retrieval research (uppercase in the Time corpus, lowercase here for readability; punctuation is as it appears in the original corpus): From this, Sussna extracts the following noun grouping to disambiguate: These are the non-stopword nouns in the paragraph that appear in WordNet (he used version 1.2).","The intuition behind this algorithm is essentially the same intuition exploited by Lesk 1986, Sussna 1993, and others: the most plausible assignment of senses to multiple co-occurring words is the one that maximizes relatedness of meaning among the senses chosen. Here I make an explicit comparison with (CITSEG) 's approach, since it is the most similar of previous work. Sussna gives as an example of the problem he is solving the following paragraph from the corpus of 1963 Time magazine articles used in information retrieval research (uppercase in the Time corpus, lowercase here for readability; punctuation is as it appears in the original corpus): From this, Sussna extracts the following noun grouping to disambiguate: These are the non-stopword nouns in the paragraph that appear in WordNet (he used version 1.2).",Sussna,CoCoGM,,False,REFAUTHOR,"{""CFunc"": ""CoCoGM"", ""ID"": ""R-23"", ""LinkS"": ""an explicit comparison with""}"
Teufel_original_dataset/CFC_distribution/2006_paper_training/9511006.cfc-scixml,"First, unlike Sussna 's proposal, this algorithm aims to disambiguate groupings of nouns already established (e.g. by clustering, or by manual effort) to be related, as opposed to groupings of nouns that happen to appear near each other in running text (which may or may not reflect relatedness based on meaning).","First, unlike Sussna 's proposal, this algorithm aims to disambiguate groupings of nouns already established (e.g. by clustering, or by manual effort) to be related, as opposed to groupings of nouns that happen to appear near each other in running text (which may or may not reflect relatedness based on meaning).","First, unlike (CITSEG) 's proposal, this algorithm aims to disambiguate groupings of nouns already established (e.g. by clustering, or by manual effort) to be related, as opposed to groupings of nouns that happen to appear near each other in running text (which may or may not reflect relatedness based on meaning).",S-83,83,DIV-2 > DIV-5 > DIV-6,These are the non-stopword nouns in the paragraph that appear in WordNet (he used version 1.2).,"The description of Sussna 's algorithm for disambiguating noun groupings like this one is similar to the one proposed here, in a number of ways: relatedness is characterized in terms of a semantic network (specifically WordNet); the focus is on nouns only; and evaluations of semantic similarity (or, in Sussna 's case, semantic distance) are the basis for sense selection.","However, there are some important differences, as well.","This provides some justification for restricting attention to similarity (reflected by the scaffolding of links in the taxonomy), as opposed to the more general notion of association.","Second, this difference is reflected algorithmically by the fact that Sussna uses not only links but also other WordNet links such as PART-OF.","Third, unlike Sussna 's algorithm, the semantic similarity / distance computation here is not based on path length, but on information content, a choice that I have argued for elsewhere Resnik 1993, Resnik 1995a.","These are the non-stopword nouns in the paragraph that appear in WordNet (he used version 1.2). The description of Sussna 's algorithm for disambiguating noun groupings like this one is similar to the one proposed here, in a number of ways: relatedness is characterized in terms of a semantic network (specifically WordNet); the focus is on nouns only; and evaluations of semantic similarity (or, in Sussna 's case, semantic distance) are the basis for sense selection. However, there are some important differences, as well.","This provides some justification for restricting attention to similarity (reflected by the scaffolding of links in the taxonomy), as opposed to the more general notion of association. Second, this difference is reflected algorithmically by the fact that Sussna uses not only links but also other WordNet links such as PART-OF. Third, unlike Sussna 's algorithm, the semantic similarity / distance computation here is not based on path length, but on information content, a choice that I have argued for elsewhere Resnik 1993, Resnik 1995a.","These are the non-stopword nouns in the paragraph that appear in WordNet (he used version 1.2). The description of Sussna 's algorithm for disambiguating noun groupings like this one is similar to the one proposed here, in a number of ways: relatedness is characterized in terms of a semantic network (specifically WordNet); the focus is on nouns only; and evaluations of semantic similarity (or, in Sussna 's case, semantic distance) are the basis for sense selection. However, there are some important differences, as well. First, unlike Sussna 's proposal, this algorithm aims to disambiguate groupings of nouns already established (e.g. by clustering, or by manual effort) to be related, as opposed to groupings of nouns that happen to appear near each other in running text (which may or may not reflect relatedness based on meaning). This provides some justification for restricting attention to similarity (reflected by the scaffolding of links in the taxonomy), as opposed to the more general notion of association. Second, this difference is reflected algorithmically by the fact that Sussna uses not only links but also other WordNet links such as PART-OF. Third, unlike Sussna 's algorithm, the semantic similarity / distance computation here is not based on path length, but on information content, a choice that I have argued for elsewhere Resnik 1993, Resnik 1995a.","These are the non-stopword nouns in the paragraph that appear in WordNet (he used version 1.2). The description of Sussna 's algorithm for disambiguating noun groupings like this one is similar to the one proposed here, in a number of ways: relatedness is characterized in terms of a semantic network (specifically WordNet); the focus is on nouns only; and evaluations of semantic similarity (or, in Sussna 's case, semantic distance) are the basis for sense selection. However, there are some important differences, as well. First, unlike (CITSEG) 's proposal, this algorithm aims to disambiguate groupings of nouns already established (e.g. by clustering, or by manual effort) to be related, as opposed to groupings of nouns that happen to appear near each other in running text (which may or may not reflect relatedness based on meaning). This provides some justification for restricting attention to similarity (reflected by the scaffolding of links in the taxonomy), as opposed to the more general notion of association. Second, this difference is reflected algorithmically by the fact that Sussna uses not only links but also other WordNet links such as PART-OF. Third, unlike Sussna 's algorithm, the semantic similarity / distance computation here is not based on path length, but on information content, a choice that I have argued for elsewhere Resnik 1993, Resnik 1995a.",Sussna,CoCoGM,,False,REFAUTHOR,"{""CFunc"": ""CoCoGM"", ""ID"": ""R-28"", ""LinkS"": ""unlike""}"
Teufel_original_dataset/CFC_distribution/2006_paper_training/9511006.cfc-scixml,"Second, this difference is reflected algorithmically by the fact that Sussna uses not only links but also other WordNet links such as PART-OF.","Second, this difference is reflected algorithmically by the fact that Sussna uses not only links but also other WordNet links such as PART-OF.","Second, this difference is reflected algorithmically by the fact that (CITSEG) uses not only links but also other WordNet links such as PART-OF.",S-85,85,DIV-2 > DIV-5 > DIV-6,"However, there are some important differences, as well.","First, unlike Sussna 's proposal, this algorithm aims to disambiguate groupings of nouns already established (e.g. by clustering, or by manual effort) to be related, as opposed to groupings of nouns that happen to appear near each other in running text (which may or may not reflect relatedness based on meaning).","This provides some justification for restricting attention to similarity (reflected by the scaffolding of links in the taxonomy), as opposed to the more general notion of association.","Third, unlike Sussna 's algorithm, the semantic similarity / distance computation here is not based on path length, but on information content, a choice that I have argued for elsewhere Resnik 1993, Resnik 1995a.","Fourth, the combinatorics are handled differently: Sussna explores analyzing all sense combinations (and living with the exponential complexity), as well as the alternative of sequentially `` freezing '' a single sense for each of and using those choices, assumed to be correct, as the basis for disambiguating.",The algorithm presented here falls between those two alternatives.,"However, there are some important differences, as well. First, unlike Sussna 's proposal, this algorithm aims to disambiguate groupings of nouns already established (e.g. by clustering, or by manual effort) to be related, as opposed to groupings of nouns that happen to appear near each other in running text (which may or may not reflect relatedness based on meaning). This provides some justification for restricting attention to similarity (reflected by the scaffolding of links in the taxonomy), as opposed to the more general notion of association.","Third, unlike Sussna 's algorithm, the semantic similarity / distance computation here is not based on path length, but on information content, a choice that I have argued for elsewhere Resnik 1993, Resnik 1995a. Fourth, the combinatorics are handled differently: Sussna explores analyzing all sense combinations (and living with the exponential complexity), as well as the alternative of sequentially `` freezing '' a single sense for each of and using those choices, assumed to be correct, as the basis for disambiguating. The algorithm presented here falls between those two alternatives.","However, there are some important differences, as well. First, unlike Sussna 's proposal, this algorithm aims to disambiguate groupings of nouns already established (e.g. by clustering, or by manual effort) to be related, as opposed to groupings of nouns that happen to appear near each other in running text (which may or may not reflect relatedness based on meaning). This provides some justification for restricting attention to similarity (reflected by the scaffolding of links in the taxonomy), as opposed to the more general notion of association. Second, this difference is reflected algorithmically by the fact that Sussna uses not only links but also other WordNet links such as PART-OF. Third, unlike Sussna 's algorithm, the semantic similarity / distance computation here is not based on path length, but on information content, a choice that I have argued for elsewhere Resnik 1993, Resnik 1995a. Fourth, the combinatorics are handled differently: Sussna explores analyzing all sense combinations (and living with the exponential complexity), as well as the alternative of sequentially `` freezing '' a single sense for each of and using those choices, assumed to be correct, as the basis for disambiguating. The algorithm presented here falls between those two alternatives.","However, there are some important differences, as well. First, unlike Sussna 's proposal, this algorithm aims to disambiguate groupings of nouns already established (e.g. by clustering, or by manual effort) to be related, as opposed to groupings of nouns that happen to appear near each other in running text (which may or may not reflect relatedness based on meaning). This provides some justification for restricting attention to similarity (reflected by the scaffolding of links in the taxonomy), as opposed to the more general notion of association. Second, this difference is reflected algorithmically by the fact that (CITSEG) uses not only links but also other WordNet links such as PART-OF. Third, unlike Sussna 's algorithm, the semantic similarity / distance computation here is not based on path length, but on information content, a choice that I have argued for elsewhere Resnik 1993, Resnik 1995a. Fourth, the combinatorics are handled differently: Sussna explores analyzing all sense combinations (and living with the exponential complexity), as well as the alternative of sequentially `` freezing '' a single sense for each of and using those choices, assumed to be correct, as the basis for disambiguating. The algorithm presented here falls between those two alternatives.",Sussna,CoCoGM,,False,REFAUTHOR,"{""CFunc"": ""CoCoGM"", ""ID"": ""R-29"", ""LinkS"": ""this difference""}"
Teufel_original_dataset/CFC_distribution/2006_paper_training/9511006.cfc-scixml,"Third, unlike Sussna 's algorithm, the semantic similarity / distance computation here is not based on path length, but on information content, a choice that I have argued for elsewhere Resnik 1993, Resnik 1995a.","Third, unlike Sussna 's algorithm, the semantic similarity / distance computation here is not based on path length, but on information content, a choice that I have argued for elsewhere Resnik 1993, Resnik 1995a.","Third, unlike (CITSEG) 's algorithm, the semantic similarity / distance computation here is not based on path length, but on information content, a choice that I have argued for elsewhere Resnik 1993, Resnik 1995a.",S-86,86,DIV-2 > DIV-5 > DIV-6,"First, unlike Sussna 's proposal, this algorithm aims to disambiguate groupings of nouns already established (e.g. by clustering, or by manual effort) to be related, as opposed to groupings of nouns that happen to appear near each other in running text (which may or may not reflect relatedness based on meaning).","This provides some justification for restricting attention to similarity (reflected by the scaffolding of links in the taxonomy), as opposed to the more general notion of association.","Second, this difference is reflected algorithmically by the fact that Sussna uses not only links but also other WordNet links such as PART-OF.","Fourth, the combinatorics are handled differently: Sussna explores analyzing all sense combinations (and living with the exponential complexity), as well as the alternative of sequentially `` freezing '' a single sense for each of and using those choices, assumed to be correct, as the basis for disambiguating.",The algorithm presented here falls between those two alternatives.,"A final, important difference between this algorithm and previous algorithms for sense disambiguation is that it offers the possibility of assigning higher-level WordNet categories rather than lowest-level sense labels.","First, unlike Sussna 's proposal, this algorithm aims to disambiguate groupings of nouns already established (e.g. by clustering, or by manual effort) to be related, as opposed to groupings of nouns that happen to appear near each other in running text (which may or may not reflect relatedness based on meaning). This provides some justification for restricting attention to similarity (reflected by the scaffolding of links in the taxonomy), as opposed to the more general notion of association. Second, this difference is reflected algorithmically by the fact that Sussna uses not only links but also other WordNet links such as PART-OF.","Fourth, the combinatorics are handled differently: Sussna explores analyzing all sense combinations (and living with the exponential complexity), as well as the alternative of sequentially `` freezing '' a single sense for each of and using those choices, assumed to be correct, as the basis for disambiguating. The algorithm presented here falls between those two alternatives. A final, important difference between this algorithm and previous algorithms for sense disambiguation is that it offers the possibility of assigning higher-level WordNet categories rather than lowest-level sense labels.","First, unlike Sussna 's proposal, this algorithm aims to disambiguate groupings of nouns already established (e.g. by clustering, or by manual effort) to be related, as opposed to groupings of nouns that happen to appear near each other in running text (which may or may not reflect relatedness based on meaning). This provides some justification for restricting attention to similarity (reflected by the scaffolding of links in the taxonomy), as opposed to the more general notion of association. Second, this difference is reflected algorithmically by the fact that Sussna uses not only links but also other WordNet links such as PART-OF. Third, unlike Sussna 's algorithm, the semantic similarity / distance computation here is not based on path length, but on information content, a choice that I have argued for elsewhere Resnik 1993, Resnik 1995a. Fourth, the combinatorics are handled differently: Sussna explores analyzing all sense combinations (and living with the exponential complexity), as well as the alternative of sequentially `` freezing '' a single sense for each of and using those choices, assumed to be correct, as the basis for disambiguating. The algorithm presented here falls between those two alternatives. A final, important difference between this algorithm and previous algorithms for sense disambiguation is that it offers the possibility of assigning higher-level WordNet categories rather than lowest-level sense labels.","First, unlike Sussna 's proposal, this algorithm aims to disambiguate groupings of nouns already established (e.g. by clustering, or by manual effort) to be related, as opposed to groupings of nouns that happen to appear near each other in running text (which may or may not reflect relatedness based on meaning). This provides some justification for restricting attention to similarity (reflected by the scaffolding of links in the taxonomy), as opposed to the more general notion of association. Second, this difference is reflected algorithmically by the fact that Sussna uses not only links but also other WordNet links such as PART-OF. Third, unlike (CITSEG) 's algorithm, the semantic similarity / distance computation here is not based on path length, but on information content, a choice that I have argued for elsewhere Resnik 1993, Resnik 1995a. Fourth, the combinatorics are handled differently: Sussna explores analyzing all sense combinations (and living with the exponential complexity), as well as the alternative of sequentially `` freezing '' a single sense for each of and using those choices, assumed to be correct, as the basis for disambiguating. The algorithm presented here falls between those two alternatives. A final, important difference between this algorithm and previous algorithms for sense disambiguation is that it offers the possibility of assigning higher-level WordNet categories rather than lowest-level sense labels.",Sussna,CoCoGM,,False,REFAUTHOR,"{""CFunc"": ""CoCoGM"", ""ID"": ""R-30"", ""LinkS"": ""unlike ""}"
Teufel_original_dataset/CFC_distribution/2006_paper_training/9511006.cfc-scixml,"Fourth, the combinatorics are handled differently: Sussna explores analyzing all sense combinations (and living with the exponential complexity), as well as the alternative of sequentially `` freezing '' a single sense for each of and using those choices, assumed to be correct, as the basis for disambiguating.","Fourth, the combinatorics are handled differently: Sussna explores analyzing all sense combinations (and living with the exponential complexity), as well as the alternative of sequentially `` freezing '' a single sense for each of and using those choices, assumed to be correct, as the basis for disambiguating.","Fourth, the combinatorics are handled differently: (CITSEG) explores analyzing all sense combinations (and living with the exponential complexity), as well as the alternative of sequentially `` freezing '' a single sense for each of and using those choices, assumed to be correct, as the basis for disambiguating.",S-87,87,DIV-2 > DIV-5 > DIV-6,"This provides some justification for restricting attention to similarity (reflected by the scaffolding of links in the taxonomy), as opposed to the more general notion of association.","Second, this difference is reflected algorithmically by the fact that Sussna uses not only links but also other WordNet links such as PART-OF.","Third, unlike Sussna 's algorithm, the semantic similarity / distance computation here is not based on path length, but on information content, a choice that I have argued for elsewhere Resnik 1993, Resnik 1995a.",The algorithm presented here falls between those two alternatives.,"A final, important difference between this algorithm and previous algorithms for sense disambiguation is that it offers the possibility of assigning higher-level WordNet categories rather than lowest-level sense labels.","It is a simple modification to the algorithm to assign values of not only to synsets directly containing words in W, but to any ancestors of those synsets -- one need only let the list of synsets associated with each word (i.e., in the problem statement of Section) also include any synset that is an ancestor of any synset containing word.","This provides some justification for restricting attention to similarity (reflected by the scaffolding of links in the taxonomy), as opposed to the more general notion of association. Second, this difference is reflected algorithmically by the fact that Sussna uses not only links but also other WordNet links such as PART-OF. Third, unlike Sussna 's algorithm, the semantic similarity / distance computation here is not based on path length, but on information content, a choice that I have argued for elsewhere Resnik 1993, Resnik 1995a.","The algorithm presented here falls between those two alternatives. A final, important difference between this algorithm and previous algorithms for sense disambiguation is that it offers the possibility of assigning higher-level WordNet categories rather than lowest-level sense labels. It is a simple modification to the algorithm to assign values of not only to synsets directly containing words in W, but to any ancestors of those synsets -- one need only let the list of synsets associated with each word (i.e., in the problem statement of Section) also include any synset that is an ancestor of any synset containing word.","This provides some justification for restricting attention to similarity (reflected by the scaffolding of links in the taxonomy), as opposed to the more general notion of association. Second, this difference is reflected algorithmically by the fact that Sussna uses not only links but also other WordNet links such as PART-OF. Third, unlike Sussna 's algorithm, the semantic similarity / distance computation here is not based on path length, but on information content, a choice that I have argued for elsewhere Resnik 1993, Resnik 1995a. Fourth, the combinatorics are handled differently: Sussna explores analyzing all sense combinations (and living with the exponential complexity), as well as the alternative of sequentially `` freezing '' a single sense for each of and using those choices, assumed to be correct, as the basis for disambiguating. The algorithm presented here falls between those two alternatives. A final, important difference between this algorithm and previous algorithms for sense disambiguation is that it offers the possibility of assigning higher-level WordNet categories rather than lowest-level sense labels. It is a simple modification to the algorithm to assign values of not only to synsets directly containing words in W, but to any ancestors of those synsets -- one need only let the list of synsets associated with each word (i.e., in the problem statement of Section) also include any synset that is an ancestor of any synset containing word.","This provides some justification for restricting attention to similarity (reflected by the scaffolding of links in the taxonomy), as opposed to the more general notion of association. Second, this difference is reflected algorithmically by the fact that Sussna uses not only links but also other WordNet links such as PART-OF. Third, unlike Sussna 's algorithm, the semantic similarity / distance computation here is not based on path length, but on information content, a choice that I have argued for elsewhere Resnik 1993, Resnik 1995a. Fourth, the combinatorics are handled differently: (CITSEG) explores analyzing all sense combinations (and living with the exponential complexity), as well as the alternative of sequentially `` freezing '' a single sense for each of and using those choices, assumed to be correct, as the basis for disambiguating. The algorithm presented here falls between those two alternatives. A final, important difference between this algorithm and previous algorithms for sense disambiguation is that it offers the possibility of assigning higher-level WordNet categories rather than lowest-level sense labels. It is a simple modification to the algorithm to assign values of not only to synsets directly containing words in W, but to any ancestors of those synsets -- one need only let the list of synsets associated with each word (i.e., in the problem statement of Section) also include any synset that is an ancestor of any synset containing word.",Sussna,CoCoGM,,False,REFAUTHOR,"{""CFunc"": ""CoCoGM"", ""ID"": ""R-33"", ""LinkS"": ""are handled differently""}"
Teufel_original_dataset/CFC_distribution/2006_paper_training/9504033.cfc-scixml,"In the test set used here and in that of Resnik 1993, the proportion of left-branching compounds is 67 % and 64 % respectively.","In the test set used here and in that of Resnik 1993, the proportion of left-branching compounds is 67 % and 64 % respectively.","In the test set used here and in that of (CITSEG), the proportion of left-branching compounds is 67 % and 64 % respectively.",S-74,74,DIV-1 > DIV-4,"Instead, the correct parse depends on whether calcium characterises the ions or mediates the exchange.",Another significant difference between the models is the predictions they make about the proportion of left and right-branching compounds.,"Lauer and Dras 1994 show that under a dependency model, left-branching compounds should occur twice as often as right-branching compounds (that is two-thirds of the time).","In contrast, the adjacency model appears to predict a proportion of 50.","The dependency model has also been proposed by Kobayasi et al. 1994 for analysing Japanese noun compounds, apparently independently.","Using a corpus to acquire associations, they bracket sequences of Kanji with lengths four to six (roughly equivalent to two or three words).","Instead, the correct parse depends on whether calcium characterises the ions or mediates the exchange. Another significant difference between the models is the predictions they make about the proportion of left and right-branching compounds. Lauer and Dras 1994 show that under a dependency model, left-branching compounds should occur twice as often as right-branching compounds (that is two-thirds of the time).","In contrast, the adjacency model appears to predict a proportion of 50. The dependency model has also been proposed by Kobayasi et al. 1994 for analysing Japanese noun compounds, apparently independently. Using a corpus to acquire associations, they bracket sequences of Kanji with lengths four to six (roughly equivalent to two or three words).","Instead, the correct parse depends on whether calcium characterises the ions or mediates the exchange. Another significant difference between the models is the predictions they make about the proportion of left and right-branching compounds. Lauer and Dras 1994 show that under a dependency model, left-branching compounds should occur twice as often as right-branching compounds (that is two-thirds of the time). In the test set used here and in that of Resnik 1993, the proportion of left-branching compounds is 67 % and 64 % respectively. In contrast, the adjacency model appears to predict a proportion of 50. The dependency model has also been proposed by Kobayasi et al. 1994 for analysing Japanese noun compounds, apparently independently. Using a corpus to acquire associations, they bracket sequences of Kanji with lengths four to six (roughly equivalent to two or three words).","Instead, the correct parse depends on whether calcium characterises the ions or mediates the exchange. Another significant difference between the models is the predictions they make about the proportion of left and right-branching compounds. Lauer and Dras 1994 show that under a dependency model, left-branching compounds should occur twice as often as right-branching compounds (that is two-thirds of the time). In the test set used here and in that of (CITSEG), the proportion of left-branching compounds is 67 % and 64 % respectively. In contrast, the adjacency model appears to predict a proportion of 50. The dependency model has also been proposed by Kobayasi et al. 1994 for analysing Japanese noun compounds, apparently independently. Using a corpus to acquire associations, they bracket sequences of Kanji with lengths four to six (roughly equivalent to two or three words).",Resnik 1993,CoCoGM,A,False,REF,"{""CFunc"": ""CoCoGM"", ""ID"": ""R-26"", ""TYPE"": ""A""}"
Teufel_original_dataset/CFC_distribution/2006_paper_training/9504033.cfc-scixml,The equations presented above for the dependency model differ from those developed in Lauer and Dras 1994 in one way.,The equations presented above for the dependency model differ from those developed in Lauer and Dras 1994 in one way.,The equations presented above for the dependency model differ from those developed in (CITSEG) in one way.,S-130,130,DIV-5 > DIV-9,This will conceal any preference given by the parameters involving.,"In such cases, we observe that the test instance itself provides the information that the event can occur and we recalculate the ratio using for all possible categories where k is any non-zero constant.","However, no correction is made to the probability estimates for and for unseen cases, thus putting the dependency model on an equal footing with the adjacency model above.","There, an additional weighting factor (of 2.0) is used to favour a left-branching analysis.",This arises because their construction is based on the dependency model which predicts that left-branching analyses should occur twice as often.,"Also, the work reported in Lauer and Dras 1994 uses simplistic estimates of the probability of a word given its thesaurus category.","This will conceal any preference given by the parameters involving. In such cases, we observe that the test instance itself provides the information that the event can occur and we recalculate the ratio using for all possible categories where k is any non-zero constant. However, no correction is made to the probability estimates for and for unseen cases, thus putting the dependency model on an equal footing with the adjacency model above.","There, an additional weighting factor (of 2.0) is used to favour a left-branching analysis. This arises because their construction is based on the dependency model which predicts that left-branching analyses should occur twice as often. Also, the work reported in Lauer and Dras 1994 uses simplistic estimates of the probability of a word given its thesaurus category.","This will conceal any preference given by the parameters involving. In such cases, we observe that the test instance itself provides the information that the event can occur and we recalculate the ratio using for all possible categories where k is any non-zero constant. However, no correction is made to the probability estimates for and for unseen cases, thus putting the dependency model on an equal footing with the adjacency model above. The equations presented above for the dependency model differ from those developed in Lauer and Dras 1994 in one way. There, an additional weighting factor (of 2.0) is used to favour a left-branching analysis. This arises because their construction is based on the dependency model which predicts that left-branching analyses should occur twice as often. Also, the work reported in Lauer and Dras 1994 uses simplistic estimates of the probability of a word given its thesaurus category.","This will conceal any preference given by the parameters involving. In such cases, we observe that the test instance itself provides the information that the event can occur and we recalculate the ratio using for all possible categories where k is any non-zero constant. However, no correction is made to the probability estimates for and for unseen cases, thus putting the dependency model on an equal footing with the adjacency model above. The equations presented above for the dependency model differ from those developed in (CITSEG) in one way. There, an additional weighting factor (of 2.0) is used to favour a left-branching analysis. This arises because their construction is based on the dependency model which predicts that left-branching analyses should occur twice as often. Also, the work reported in Lauer and Dras 1994 uses simplistic estimates of the probability of a word given its thesaurus category.",Lauer and Dras 1994,CoCoGM,A,True,REF,"{""CFunc"": ""CoCoGM"", ""ID"": ""R-34"", ""SELF"": ""YES"", ""TYPE"": ""A""}"
Teufel_original_dataset/CFC_distribution/2006_paper_training/9907007.cfc-scixml,Knight and Graehls Knight and Graehl 1998 proposed a Japanese - English transliteration method based on the mapping probability between English and Japanese katakana sounds.,Knight and Graehls Knight and Graehl 1998 proposed a Japanese - English transliteration method based on the mapping probability between English and Japanese katakana sounds.,Knight and Graehls (CITSEG) proposed a Japanese - English transliteration method based on the mapping probability between English and Japanese katakana sounds.,S-22,22,DIV-1,"To counter problem (), we use the compound word translation method we proposed Fujii and Ishikawa 1999, which selects appropriate translations based on the probability of occurrence of each combination of base words in the target language.","For problem (), we use `` transliteration '' Chen et al. 1998, Knight and Graehl 1998, Wan and Verspoor 1998.","Chen et al. Chen et al. 1998 and Wan and Verspoor Wan and Verspoor 1998 proposed English - Chinese transliteration methods relying on the property of the Chinese phonetic system, which cannot be directly applied to transliteration between English and Japanese.","However, since their method needs large-scale phoneme inventories, we propose a simpler approach using surface mapping between English and katakana characters, rather than sounds.","Section overviews our CLIR system, and Section elaborates on the translation module focusing on compound word translation and transliteration.",Section then evaluates the effectiveness of our CLIR system by way of the standardized IR evaluation method used in TREC programs.,"To counter problem (), we use the compound word translation method we proposed Fujii and Ishikawa 1999, which selects appropriate translations based on the probability of occurrence of each combination of base words in the target language. For problem (), we use `` transliteration '' Chen et al. 1998, Knight and Graehl 1998, Wan and Verspoor 1998. Chen et al. Chen et al. 1998 and Wan and Verspoor Wan and Verspoor 1998 proposed English - Chinese transliteration methods relying on the property of the Chinese phonetic system, which cannot be directly applied to transliteration between English and Japanese.","However, since their method needs large-scale phoneme inventories, we propose a simpler approach using surface mapping between English and katakana characters, rather than sounds. Section overviews our CLIR system, and Section elaborates on the translation module focusing on compound word translation and transliteration. Section then evaluates the effectiveness of our CLIR system by way of the standardized IR evaluation method used in TREC programs.","To counter problem (), we use the compound word translation method we proposed Fujii and Ishikawa 1999, which selects appropriate translations based on the probability of occurrence of each combination of base words in the target language. For problem (), we use `` transliteration '' Chen et al. 1998, Knight and Graehl 1998, Wan and Verspoor 1998. Chen et al. Chen et al. 1998 and Wan and Verspoor Wan and Verspoor 1998 proposed English - Chinese transliteration methods relying on the property of the Chinese phonetic system, which cannot be directly applied to transliteration between English and Japanese. Knight and Graehls Knight and Graehl 1998 proposed a Japanese - English transliteration method based on the mapping probability between English and Japanese katakana sounds. However, since their method needs large-scale phoneme inventories, we propose a simpler approach using surface mapping between English and katakana characters, rather than sounds. Section overviews our CLIR system, and Section elaborates on the translation module focusing on compound word translation and transliteration. Section then evaluates the effectiveness of our CLIR system by way of the standardized IR evaluation method used in TREC programs.","To counter problem (), we use the compound word translation method we proposed Fujii and Ishikawa 1999, which selects appropriate translations based on the probability of occurrence of each combination of base words in the target language. For problem (), we use `` transliteration '' Chen et al. 1998, Knight and Graehl 1998, Wan and Verspoor 1998. Chen et al. Chen et al. 1998 and Wan and Verspoor Wan and Verspoor 1998 proposed English - Chinese transliteration methods relying on the property of the Chinese phonetic system, which cannot be directly applied to transliteration between English and Japanese. Knight and Graehls (CITSEG) proposed a Japanese - English transliteration method based on the mapping probability between English and Japanese katakana sounds. However, since their method needs large-scale phoneme inventories, we propose a simpler approach using surface mapping between English and katakana characters, rather than sounds. Section overviews our CLIR system, and Section elaborates on the translation module focusing on compound word translation and transliteration. Section then evaluates the effectiveness of our CLIR system by way of the standardized IR evaluation method used in TREC programs.",Knight and Graehl 1998,CoCoGM,,False,REF,"{""CFunc"": ""CoCoGM"", ""ID"": ""R-14"", ""LinkS"": ""simpler - good or bad?""}"
Teufel_original_dataset/CFC_distribution/2006_paper_training/9907007.cfc-scixml,"For further investigation, let us discuss similar experimental results reported by Kando and Aizawa Kando and Aizawa 1998, where a bilingual dictionary produced from Japanese / English keyword pairs in the NACSIS documents is used for query translation.","For further investigation, let us discuss similar experimental results reported by Kando and Aizawa Kando and Aizawa 1998, where a bilingual dictionary produced from Japanese / English keyword pairs in the NACSIS documents is used for query translation.","For further investigation, let us discuss similar experimental results reported by Kando and Aizawa (CITSEG), where a bilingual dictionary produced from Japanese / English keyword pairs in the NACSIS documents is used for query translation.",S-146,146,DIV-7 > DIV-10,"We compared our system (``CWT+translit '') with the Japanese - Japanese IR system, where (unlike the evaluation in Section) transliteration was applied only to `` ma-i-ni-n-gu (mining) '' and `` ko-ro-ke-i-sho-n (collocation) ''.","Figure and Table show the recall-precision curve and 11 - point average precision for each system, respectively, from which one can see that our CLIR system is quite comparable with the monolingual IR system in performance.","In addition, from Figure to, one can see that the monolingual system generally performs better at lower recall while the CLIR system performs better at higher recall.",Their evaluation method is almost the same as performed in our experiments.,"One difference is that they use the `` OpenText '' search engine, and thus the performance for Japanese - Japanese IR is higher than obtained in our evaluation.","However, the performance of their Japanese - English CLIR systems, which is roughly 50 - 60% of that for their Japanese - Japanese IR system, is comparable with our CLIR system performance.","We compared our system (``CWT+translit '') with the Japanese - Japanese IR system, where (unlike the evaluation in Section) transliteration was applied only to `` ma-i-ni-n-gu (mining) '' and `` ko-ro-ke-i-sho-n (collocation) ''. Figure and Table show the recall-precision curve and 11 - point average precision for each system, respectively, from which one can see that our CLIR system is quite comparable with the monolingual IR system in performance. In addition, from Figure to, one can see that the monolingual system generally performs better at lower recall while the CLIR system performs better at higher recall.","Their evaluation method is almost the same as performed in our experiments. One difference is that they use the `` OpenText '' search engine, and thus the performance for Japanese - Japanese IR is higher than obtained in our evaluation. However, the performance of their Japanese - English CLIR systems, which is roughly 50 - 60% of that for their Japanese - Japanese IR system, is comparable with our CLIR system performance.","We compared our system (``CWT+translit '') with the Japanese - Japanese IR system, where (unlike the evaluation in Section) transliteration was applied only to `` ma-i-ni-n-gu (mining) '' and `` ko-ro-ke-i-sho-n (collocation) ''. Figure and Table show the recall-precision curve and 11 - point average precision for each system, respectively, from which one can see that our CLIR system is quite comparable with the monolingual IR system in performance. In addition, from Figure to, one can see that the monolingual system generally performs better at lower recall while the CLIR system performs better at higher recall. For further investigation, let us discuss similar experimental results reported by Kando and Aizawa Kando and Aizawa 1998, where a bilingual dictionary produced from Japanese / English keyword pairs in the NACSIS documents is used for query translation. Their evaluation method is almost the same as performed in our experiments. One difference is that they use the `` OpenText '' search engine, and thus the performance for Japanese - Japanese IR is higher than obtained in our evaluation. However, the performance of their Japanese - English CLIR systems, which is roughly 50 - 60% of that for their Japanese - Japanese IR system, is comparable with our CLIR system performance.","We compared our system (``CWT+translit '') with the Japanese - Japanese IR system, where (unlike the evaluation in Section) transliteration was applied only to `` ma-i-ni-n-gu (mining) '' and `` ko-ro-ke-i-sho-n (collocation) ''. Figure and Table show the recall-precision curve and 11 - point average precision for each system, respectively, from which one can see that our CLIR system is quite comparable with the monolingual IR system in performance. In addition, from Figure to, one can see that the monolingual system generally performs better at lower recall while the CLIR system performs better at higher recall. For further investigation, let us discuss similar experimental results reported by Kando and Aizawa (CITSEG), where a bilingual dictionary produced from Japanese / English keyword pairs in the NACSIS documents is used for query translation. Their evaluation method is almost the same as performed in our experiments. One difference is that they use the `` OpenText '' search engine, and thus the performance for Japanese - Japanese IR is higher than obtained in our evaluation. However, the performance of their Japanese - English CLIR systems, which is roughly 50 - 60% of that for their Japanese - Japanese IR system, is comparable with our CLIR system performance.",Kando and Aizawa 1998,CoCoR0,,False,REF,"{""CFunc"": ""CoCoR0"", ""ID"": ""R-40"", ""LinkS"": ""results overwrite differences overwrite similarities. Rule 48""}"
Teufel_original_dataset/CFC_distribution/2006_paper_training/9502038.cfc-scixml,This version differs from the current version (1.2) of the Xerox Tagger as described in Cutting et al. 1992 in that the DDS Tagger accommodates lexicons and class guessers in the form of external finite-state transducers.,This version differs from the current version (1.2) of the Xerox Tagger as described in Cutting et al. 1992 in that the DDS Tagger accommodates lexicons and class guessers in the form of external finite-state transducers.,This version differs from the current version (1.2) of the Xerox Tagger as described in (CITSEG) in that the DDS Tagger accommodates lexicons and class guessers in the form of external finite-state transducers.,S-11,11,DIV-2,,,The version of the Xerox tagger used for the implementation described here is the DDS Tagger version 1.1 Kupiec and Wilkens 1994.,Implementing a new language model for this tagger involves supplying:,"a definition of the tag set to be used by the HMM,","a lexicon listing word forms with their equivalence classes, that is the list of POS tags that can be assigned to the word form,",The version of the Xerox tagger used for the implementation described here is the DDS Tagger version 1.1 Kupiec and Wilkens 1994.,"Implementing a new language model for this tagger involves supplying: a definition of the tag set to be used by the HMM, a lexicon listing word forms with their equivalence classes, that is the list of POS tags that can be assigned to the word form,","The version of the Xerox tagger used for the implementation described here is the DDS Tagger version 1.1 Kupiec and Wilkens 1994. This version differs from the current version (1.2) of the Xerox Tagger as described in Cutting et al. 1992 in that the DDS Tagger accommodates lexicons and class guessers in the form of external finite-state transducers. Implementing a new language model for this tagger involves supplying: a definition of the tag set to be used by the HMM, a lexicon listing word forms with their equivalence classes, that is the list of POS tags that can be assigned to the word form,","The version of the Xerox tagger used for the implementation described here is the DDS Tagger version 1.1 Kupiec and Wilkens 1994. This version differs from the current version (1.2) of the Xerox Tagger as described in (CITSEG) in that the DDS Tagger accommodates lexicons and class guessers in the form of external finite-state transducers. Implementing a new language model for this tagger involves supplying: a definition of the tag set to be used by the HMM, a lexicon listing word forms with their equivalence classes, that is the list of POS tags that can be assigned to the word form,",Cutting et al. 1992,CoCoGM,A,False,REF,"{""CFunc"": ""CoCoGM"", ""ID"": ""R-5"", ""LinkS"": ""differs from"", ""TYPE"": ""A""}"
Teufel_original_dataset/CFC_distribution/2006_paper_training/9405028.cfc-scixml,"Although this notion of observer shares a large part with PIVOT of Iida-Sells 1988, our notion of observer is introduced only by garu.","Although this notion of observer shares a large part with PIVOT of Iida-Sells 1988, our notion of observer is introduced only by garu.","Although this notion of observer shares a large part with PIVOT of (CITSEG), our notion of observer is introduced only by garu.",S-78,78,DIV-3,Garu roughly means `` show a sign of '' or `` behave like.. ing '' Ohye 1975.,"Also in Palmer 1986 its semantics is informally explained, however our proposal is to formalize garu 's semantics in UG or more generally in computational linguistics.","For this, first of all, we introduce a new pragmatic role called observer.",Therefore it is much narrower notion.,"As you will see later, this newly introduced role is playing a key role which bridges semantic roles of subordinate clause to semantic roles of main clause.","As for an observer introduced by garu, one of the widely known consequence about the nature of subjective predicate is the following.","Garu roughly means `` show a sign of '' or `` behave like.. ing '' Ohye 1975. Also in Palmer 1986 its semantics is informally explained, however our proposal is to formalize garu 's semantics in UG or more generally in computational linguistics. For this, first of all, we introduce a new pragmatic role called observer.","Therefore it is much narrower notion. As you will see later, this newly introduced role is playing a key role which bridges semantic roles of subordinate clause to semantic roles of main clause. As for an observer introduced by garu, one of the widely known consequence about the nature of subjective predicate is the following.","Garu roughly means `` show a sign of '' or `` behave like.. ing '' Ohye 1975. Also in Palmer 1986 its semantics is informally explained, however our proposal is to formalize garu 's semantics in UG or more generally in computational linguistics. For this, first of all, we introduce a new pragmatic role called observer. Although this notion of observer shares a large part with PIVOT of Iida-Sells 1988, our notion of observer is introduced only by garu. Therefore it is much narrower notion. As you will see later, this newly introduced role is playing a key role which bridges semantic roles of subordinate clause to semantic roles of main clause. As for an observer introduced by garu, one of the widely known consequence about the nature of subjective predicate is the following.","Garu roughly means `` show a sign of '' or `` behave like.. ing '' Ohye 1975. Also in Palmer 1986 its semantics is informally explained, however our proposal is to formalize garu 's semantics in UG or more generally in computational linguistics. For this, first of all, we introduce a new pragmatic role called observer. Although this notion of observer shares a large part with PIVOT of (CITSEG), our notion of observer is introduced only by garu. Therefore it is much narrower notion. As you will see later, this newly introduced role is playing a key role which bridges semantic roles of subordinate clause to semantic roles of main clause. As for an observer introduced by garu, one of the widely known consequence about the nature of subjective predicate is the following.",Iida-Sells 1988,CoCoGM,A,False,REF,"{""CFunc"": ""CoCoGM"", ""ID"": ""R-19"", ""LinkS"": ""it is much narrower notion "", ""TYPE"": ""A""}"
Teufel_original_dataset/CFC_distribution/2006_paper_training/9405028.cfc-scixml,"One of the relevant researches to ours is JPSG that has been developed by Gunji 1987, Gunji 1989 and is further studied by the ICOT working group.","One of the relevant researches to ours is JPSG that has been developed by Gunji 1987, Gunji 1989 and is further studied by the ICOT working group.","One of the relevant researches to ours is JPSG that has been developed by (CITSEG), Gunji 1989 and is further studied by the ICOT working group.",S-178,178,DIV-7,,,,Our focus is a more pragmatics oriented one than JPSG is.,"Many Japanese linguists have already done the enormous amount of basic observations and proposed linguistic theories about the phenomena we deal with in this paper Mikami 1953, Kuno 1973, Kuno 1978, Ohye 1975, Minami 1974, Takubo 1987, Teramura 1984, Teramura 1990, Saito 1992.",Of course our research is based on their works and observations.,,"Our focus is a more pragmatics oriented one than JPSG is. Many Japanese linguists have already done the enormous amount of basic observations and proposed linguistic theories about the phenomena we deal with in this paper Mikami 1953, Kuno 1973, Kuno 1978, Ohye 1975, Minami 1974, Takubo 1987, Teramura 1984, Teramura 1990, Saito 1992. Of course our research is based on their works and observations.","One of the relevant researches to ours is JPSG that has been developed by Gunji 1987, Gunji 1989 and is further studied by the ICOT working group. Our focus is a more pragmatics oriented one than JPSG is. Many Japanese linguists have already done the enormous amount of basic observations and proposed linguistic theories about the phenomena we deal with in this paper Mikami 1953, Kuno 1973, Kuno 1978, Ohye 1975, Minami 1974, Takubo 1987, Teramura 1984, Teramura 1990, Saito 1992. Of course our research is based on their works and observations.","One of the relevant researches to ours is JPSG that has been developed by (CITSEG), Gunji 1989 and is further studied by the ICOT working group. Our focus is a more pragmatics oriented one than JPSG is. Many Japanese linguists have already done the enormous amount of basic observations and proposed linguistic theories about the phenomena we deal with in this paper Mikami 1953, Kuno 1973, Kuno 1978, Ohye 1975, Minami 1974, Takubo 1987, Teramura 1984, Teramura 1990, Saito 1992. Of course our research is based on their works and observations.",Gunji 1987,CoCoGM,A,False,REF,"{""CFunc"": ""CoCoGM"", ""ID"": ""R-23"", ""LinkS"": ""s a more pragmatics oriented one than "", ""TYPE"": ""A""}"
Teufel_original_dataset/CFC_distribution/2006_paper_training/9405028.cfc-scixml,"One of the relevant researches to ours is JPSG that has been developed by Gunji 1987, Gunji 1989 and is further studied by the ICOT working group.","One of the relevant researches to ours is JPSG that has been developed by Gunji 1987, Gunji 1989 and is further studied by the ICOT working group.","One of the relevant researches to ours is JPSG that has been developed by Gunji 1987, (CITSEG) and is further studied by the ICOT working group.",S-178,178,DIV-7,,,,Our focus is a more pragmatics oriented one than JPSG is.,"Many Japanese linguists have already done the enormous amount of basic observations and proposed linguistic theories about the phenomena we deal with in this paper Mikami 1953, Kuno 1973, Kuno 1978, Ohye 1975, Minami 1974, Takubo 1987, Teramura 1984, Teramura 1990, Saito 1992.",Of course our research is based on their works and observations.,,"Our focus is a more pragmatics oriented one than JPSG is. Many Japanese linguists have already done the enormous amount of basic observations and proposed linguistic theories about the phenomena we deal with in this paper Mikami 1953, Kuno 1973, Kuno 1978, Ohye 1975, Minami 1974, Takubo 1987, Teramura 1984, Teramura 1990, Saito 1992. Of course our research is based on their works and observations.","One of the relevant researches to ours is JPSG that has been developed by Gunji 1987, Gunji 1989 and is further studied by the ICOT working group. Our focus is a more pragmatics oriented one than JPSG is. Many Japanese linguists have already done the enormous amount of basic observations and proposed linguistic theories about the phenomena we deal with in this paper Mikami 1953, Kuno 1973, Kuno 1978, Ohye 1975, Minami 1974, Takubo 1987, Teramura 1984, Teramura 1990, Saito 1992. Of course our research is based on their works and observations.","One of the relevant researches to ours is JPSG that has been developed by Gunji 1987, (CITSEG) and is further studied by the ICOT working group. Our focus is a more pragmatics oriented one than JPSG is. Many Japanese linguists have already done the enormous amount of basic observations and proposed linguistic theories about the phenomena we deal with in this paper Mikami 1953, Kuno 1973, Kuno 1978, Ohye 1975, Minami 1974, Takubo 1987, Teramura 1984, Teramura 1990, Saito 1992. Of course our research is based on their works and observations.",Gunji 1989,CoCoGM,A,False,REF,"{""CFunc"": ""CoCoGM"", ""ID"": ""R-24"", ""TYPE"": ""A""}"
Teufel_original_dataset/CFC_distribution/2006_paper_training/9503009.cfc-scixml,"This differs from previous approaches Finch and Chater 1992, Schuetze 1993 in which left and right context vectors of a word are always used in one concatenated vector.","This differs from previous approaches Finch and Chater 1992, Schuetze 1993 in which left and right context vectors of a word are always used in one concatenated vector.","This differs from previous approaches (CITSEG), Schuetze 1993 in which left and right context vectors of a word are always used in one concatenated vector.",S-112,112,DIV-3 > DIV-6,A generalized right context vector v for word w was then formed by counting how often words from these 250 classes occurred to the right of w. Entry counts the number of times that a word from class i occurs to the right of w in the corpus (as opposed to the number of times that the word with frequency rank i occurs to the right of w).,Generalized left context vectors were derived by an analogous procedure using word-based right context vectors.,Note that the information about left and right is kept separate in this computation.,There are arguably fewer different types of right syntactic contexts than types of syntactic categories.,"For example, transitive verbs and prepositions belong to different syntactic categories, but their right contexts are virtually identical in that they require a noun phrase.",This generalization could not be exploited if left and right context were not treated separately.,A generalized right context vector v for word w was then formed by counting how often words from these 250 classes occurred to the right of w. Entry counts the number of times that a word from class i occurs to the right of w in the corpus (as opposed to the number of times that the word with frequency rank i occurs to the right of w). Generalized left context vectors were derived by an analogous procedure using word-based right context vectors. Note that the information about left and right is kept separate in this computation.,"There are arguably fewer different types of right syntactic contexts than types of syntactic categories. For example, transitive verbs and prepositions belong to different syntactic categories, but their right contexts are virtually identical in that they require a noun phrase. This generalization could not be exploited if left and right context were not treated separately.","A generalized right context vector v for word w was then formed by counting how often words from these 250 classes occurred to the right of w. Entry counts the number of times that a word from class i occurs to the right of w in the corpus (as opposed to the number of times that the word with frequency rank i occurs to the right of w). Generalized left context vectors were derived by an analogous procedure using word-based right context vectors. Note that the information about left and right is kept separate in this computation. This differs from previous approaches Finch and Chater 1992, Schuetze 1993 in which left and right context vectors of a word are always used in one concatenated vector. There are arguably fewer different types of right syntactic contexts than types of syntactic categories. For example, transitive verbs and prepositions belong to different syntactic categories, but their right contexts are virtually identical in that they require a noun phrase. This generalization could not be exploited if left and right context were not treated separately.","A generalized right context vector v for word w was then formed by counting how often words from these 250 classes occurred to the right of w. Entry counts the number of times that a word from class i occurs to the right of w in the corpus (as opposed to the number of times that the word with frequency rank i occurs to the right of w). Generalized left context vectors were derived by an analogous procedure using word-based right context vectors. Note that the information about left and right is kept separate in this computation. This differs from previous approaches (CITSEG), Schuetze 1993 in which left and right context vectors of a word are always used in one concatenated vector. There are arguably fewer different types of right syntactic contexts than types of syntactic categories. For example, transitive verbs and prepositions belong to different syntactic categories, but their right contexts are virtually identical in that they require a noun phrase. This generalization could not be exploited if left and right context were not treated separately.",Finch and Chater 1992,CoCoGM,P,False,REF,"{""CFunc"": ""CoCoGM"", ""ID"": ""R-24"", ""LinkS"": ""differs from "", ""TYPE"": ""P""}"
Teufel_original_dataset/CFC_distribution/2006_paper_training/9503009.cfc-scixml,"This differs from previous approaches Finch and Chater 1992, Schuetze 1993 in which left and right context vectors of a word are always used in one concatenated vector.","This differs from previous approaches Finch and Chater 1992, Schuetze 1993 in which left and right context vectors of a word are always used in one concatenated vector.","This differs from previous approaches Finch and Chater 1992, (CITSEG) in which left and right context vectors of a word are always used in one concatenated vector.",S-112,112,DIV-3 > DIV-6,A generalized right context vector v for word w was then formed by counting how often words from these 250 classes occurred to the right of w. Entry counts the number of times that a word from class i occurs to the right of w in the corpus (as opposed to the number of times that the word with frequency rank i occurs to the right of w).,Generalized left context vectors were derived by an analogous procedure using word-based right context vectors.,Note that the information about left and right is kept separate in this computation.,There are arguably fewer different types of right syntactic contexts than types of syntactic categories.,"For example, transitive verbs and prepositions belong to different syntactic categories, but their right contexts are virtually identical in that they require a noun phrase.",This generalization could not be exploited if left and right context were not treated separately.,A generalized right context vector v for word w was then formed by counting how often words from these 250 classes occurred to the right of w. Entry counts the number of times that a word from class i occurs to the right of w in the corpus (as opposed to the number of times that the word with frequency rank i occurs to the right of w). Generalized left context vectors were derived by an analogous procedure using word-based right context vectors. Note that the information about left and right is kept separate in this computation.,"There are arguably fewer different types of right syntactic contexts than types of syntactic categories. For example, transitive verbs and prepositions belong to different syntactic categories, but their right contexts are virtually identical in that they require a noun phrase. This generalization could not be exploited if left and right context were not treated separately.","A generalized right context vector v for word w was then formed by counting how often words from these 250 classes occurred to the right of w. Entry counts the number of times that a word from class i occurs to the right of w in the corpus (as opposed to the number of times that the word with frequency rank i occurs to the right of w). Generalized left context vectors were derived by an analogous procedure using word-based right context vectors. Note that the information about left and right is kept separate in this computation. This differs from previous approaches Finch and Chater 1992, Schuetze 1993 in which left and right context vectors of a word are always used in one concatenated vector. There are arguably fewer different types of right syntactic contexts than types of syntactic categories. For example, transitive verbs and prepositions belong to different syntactic categories, but their right contexts are virtually identical in that they require a noun phrase. This generalization could not be exploited if left and right context were not treated separately.","A generalized right context vector v for word w was then formed by counting how often words from these 250 classes occurred to the right of w. Entry counts the number of times that a word from class i occurs to the right of w in the corpus (as opposed to the number of times that the word with frequency rank i occurs to the right of w). Generalized left context vectors were derived by an analogous procedure using word-based right context vectors. Note that the information about left and right is kept separate in this computation. This differs from previous approaches Finch and Chater 1992, (CITSEG) in which left and right context vectors of a word are always used in one concatenated vector. There are arguably fewer different types of right syntactic contexts than types of syntactic categories. For example, transitive verbs and prepositions belong to different syntactic categories, but their right contexts are virtually identical in that they require a noun phrase. This generalization could not be exploited if left and right context were not treated separately.",Schuetze 1993,CoCoGM,P,True,REF,"{""CFunc"": ""CoCoGM"", ""ID"": ""R-25"", ""LinkS"": ""differs from "", ""SELF"": ""YES"", ""TYPE"": ""P""}"
Teufel_original_dataset/CFC_distribution/2006_paper_training/9412005.cfc-scixml,"The first is the problem of parsing continuous speech into words given a developed lexicon to which incoming sounds can be matched; both psychologists Cutler and Carter 1987, Cutler and Butterfield 1992 and designers of speech-recognition systems Church 1987 have examined this problem.","The first is the problem of parsing continuous speech into words given a developed lexicon to which incoming sounds can be matched; both psychologists Cutler and Carter 1987, Cutler and Butterfield 1992 and designers of speech-recognition systems Church 1987 have examined this problem.","The first is the problem of parsing continuous speech into words given a developed lexicon to which incoming sounds can be matched; both psychologists (CITSEG), Cutler and Butterfield 1992 and designers of speech-recognition systems Church 1987 have examined this problem.",S-7,7,DIV-1,"We found that each source provided some useful information for speech segmentation, but the combination of sources provided substantial information.",We also found that child-directed speech was much easier to segment than adult-directed speech when using both sources.,"To date, psychologists have focused on two aspects of the speech segmentation problem.","However, the problem we examined is different -- we want to know how infants segment speech before knowing which phonemic sequences form words.",The second aspect psychologists have focused on is the problem of determining the information sources to which infants are sensitive.,"Primarily, two sources have been examined: prosody and word stress.","We found that each source provided some useful information for speech segmentation, but the combination of sources provided substantial information. We also found that child-directed speech was much easier to segment than adult-directed speech when using both sources. To date, psychologists have focused on two aspects of the speech segmentation problem.","However, the problem we examined is different -- we want to know how infants segment speech before knowing which phonemic sequences form words. The second aspect psychologists have focused on is the problem of determining the information sources to which infants are sensitive. Primarily, two sources have been examined: prosody and word stress.","We found that each source provided some useful information for speech segmentation, but the combination of sources provided substantial information. We also found that child-directed speech was much easier to segment than adult-directed speech when using both sources. To date, psychologists have focused on two aspects of the speech segmentation problem. The first is the problem of parsing continuous speech into words given a developed lexicon to which incoming sounds can be matched; both psychologists Cutler and Carter 1987, Cutler and Butterfield 1992 and designers of speech-recognition systems Church 1987 have examined this problem. However, the problem we examined is different -- we want to know how infants segment speech before knowing which phonemic sequences form words. The second aspect psychologists have focused on is the problem of determining the information sources to which infants are sensitive. Primarily, two sources have been examined: prosody and word stress.","We found that each source provided some useful information for speech segmentation, but the combination of sources provided substantial information. We also found that child-directed speech was much easier to segment than adult-directed speech when using both sources. To date, psychologists have focused on two aspects of the speech segmentation problem. The first is the problem of parsing continuous speech into words given a developed lexicon to which incoming sounds can be matched; both psychologists (CITSEG), Cutler and Butterfield 1992 and designers of speech-recognition systems Church 1987 have examined this problem. However, the problem we examined is different -- we want to know how infants segment speech before knowing which phonemic sequences form words. The second aspect psychologists have focused on is the problem of determining the information sources to which infants are sensitive. Primarily, two sources have been examined: prosody and word stress.",Cutler and Carter 1987,CoCoGM,P,False,REF,"{""CFunc"": ""CoCoGM"", ""ID"": ""R-0"", ""LinkS"": ""S-8  However , the problem we examined is different "", ""TYPE"": ""P""}"
Teufel_original_dataset/CFC_distribution/2006_paper_training/9412005.cfc-scixml,"The first is the problem of parsing continuous speech into words given a developed lexicon to which incoming sounds can be matched; both psychologists Cutler and Carter 1987, Cutler and Butterfield 1992 and designers of speech-recognition systems Church 1987 have examined this problem.","The first is the problem of parsing continuous speech into words given a developed lexicon to which incoming sounds can be matched; both psychologists Cutler and Carter 1987, Cutler and Butterfield 1992 and designers of speech-recognition systems Church 1987 have examined this problem.","The first is the problem of parsing continuous speech into words given a developed lexicon to which incoming sounds can be matched; both psychologists Cutler and Carter 1987, (CITSEG) and designers of speech-recognition systems Church 1987 have examined this problem.",S-7,7,DIV-1,"We found that each source provided some useful information for speech segmentation, but the combination of sources provided substantial information.",We also found that child-directed speech was much easier to segment than adult-directed speech when using both sources.,"To date, psychologists have focused on two aspects of the speech segmentation problem.","However, the problem we examined is different -- we want to know how infants segment speech before knowing which phonemic sequences form words.",The second aspect psychologists have focused on is the problem of determining the information sources to which infants are sensitive.,"Primarily, two sources have been examined: prosody and word stress.","We found that each source provided some useful information for speech segmentation, but the combination of sources provided substantial information. We also found that child-directed speech was much easier to segment than adult-directed speech when using both sources. To date, psychologists have focused on two aspects of the speech segmentation problem.","However, the problem we examined is different -- we want to know how infants segment speech before knowing which phonemic sequences form words. The second aspect psychologists have focused on is the problem of determining the information sources to which infants are sensitive. Primarily, two sources have been examined: prosody and word stress.","We found that each source provided some useful information for speech segmentation, but the combination of sources provided substantial information. We also found that child-directed speech was much easier to segment than adult-directed speech when using both sources. To date, psychologists have focused on two aspects of the speech segmentation problem. The first is the problem of parsing continuous speech into words given a developed lexicon to which incoming sounds can be matched; both psychologists Cutler and Carter 1987, Cutler and Butterfield 1992 and designers of speech-recognition systems Church 1987 have examined this problem. However, the problem we examined is different -- we want to know how infants segment speech before knowing which phonemic sequences form words. The second aspect psychologists have focused on is the problem of determining the information sources to which infants are sensitive. Primarily, two sources have been examined: prosody and word stress.","We found that each source provided some useful information for speech segmentation, but the combination of sources provided substantial information. We also found that child-directed speech was much easier to segment than adult-directed speech when using both sources. To date, psychologists have focused on two aspects of the speech segmentation problem. The first is the problem of parsing continuous speech into words given a developed lexicon to which incoming sounds can be matched; both psychologists Cutler and Carter 1987, (CITSEG) and designers of speech-recognition systems Church 1987 have examined this problem. However, the problem we examined is different -- we want to know how infants segment speech before knowing which phonemic sequences form words. The second aspect psychologists have focused on is the problem of determining the information sources to which infants are sensitive. Primarily, two sources have been examined: prosody and word stress.",Cutler and Butterfield 1992,CoCoGM,P,False,REF,"{""CFunc"": ""CoCoGM"", ""ID"": ""R-1"", ""LinkS"": ""S-8  However , the problem we examined is different "", ""TYPE"": ""P""}"
Teufel_original_dataset/CFC_distribution/2006_paper_training/9412005.cfc-scixml,"The first is the problem of parsing continuous speech into words given a developed lexicon to which incoming sounds can be matched; both psychologists Cutler and Carter 1987, Cutler and Butterfield 1992 and designers of speech-recognition systems Church 1987 have examined this problem.","The first is the problem of parsing continuous speech into words given a developed lexicon to which incoming sounds can be matched; both psychologists Cutler and Carter 1987, Cutler and Butterfield 1992 and designers of speech-recognition systems Church 1987 have examined this problem.","The first is the problem of parsing continuous speech into words given a developed lexicon to which incoming sounds can be matched; both psychologists Cutler and Carter 1987, Cutler and Butterfield 1992 and designers of speech-recognition systems (CITSEG) have examined this problem.",S-7,7,DIV-1,"We found that each source provided some useful information for speech segmentation, but the combination of sources provided substantial information.",We also found that child-directed speech was much easier to segment than adult-directed speech when using both sources.,"To date, psychologists have focused on two aspects of the speech segmentation problem.","However, the problem we examined is different -- we want to know how infants segment speech before knowing which phonemic sequences form words.",The second aspect psychologists have focused on is the problem of determining the information sources to which infants are sensitive.,"Primarily, two sources have been examined: prosody and word stress.","We found that each source provided some useful information for speech segmentation, but the combination of sources provided substantial information. We also found that child-directed speech was much easier to segment than adult-directed speech when using both sources. To date, psychologists have focused on two aspects of the speech segmentation problem.","However, the problem we examined is different -- we want to know how infants segment speech before knowing which phonemic sequences form words. The second aspect psychologists have focused on is the problem of determining the information sources to which infants are sensitive. Primarily, two sources have been examined: prosody and word stress.","We found that each source provided some useful information for speech segmentation, but the combination of sources provided substantial information. We also found that child-directed speech was much easier to segment than adult-directed speech when using both sources. To date, psychologists have focused on two aspects of the speech segmentation problem. The first is the problem of parsing continuous speech into words given a developed lexicon to which incoming sounds can be matched; both psychologists Cutler and Carter 1987, Cutler and Butterfield 1992 and designers of speech-recognition systems Church 1987 have examined this problem. However, the problem we examined is different -- we want to know how infants segment speech before knowing which phonemic sequences form words. The second aspect psychologists have focused on is the problem of determining the information sources to which infants are sensitive. Primarily, two sources have been examined: prosody and word stress.","We found that each source provided some useful information for speech segmentation, but the combination of sources provided substantial information. We also found that child-directed speech was much easier to segment than adult-directed speech when using both sources. To date, psychologists have focused on two aspects of the speech segmentation problem. The first is the problem of parsing continuous speech into words given a developed lexicon to which incoming sounds can be matched; both psychologists Cutler and Carter 1987, Cutler and Butterfield 1992 and designers of speech-recognition systems (CITSEG) have examined this problem. However, the problem we examined is different -- we want to know how infants segment speech before knowing which phonemic sequences form words. The second aspect psychologists have focused on is the problem of determining the information sources to which infants are sensitive. Primarily, two sources have been examined: prosody and word stress.",Church 1987,CoCoGM,P,False,REF,"{""CFunc"": ""CoCoGM"", ""ID"": ""R-2"", ""LinkS"": ""S-8  However , the problem we examined is different "", ""TYPE"": ""P""}"
Teufel_original_dataset/CFC_distribution/2006_paper_training/9410001.cfc-scixml,"This work thus goes beyond that of Iyer et al. by focusing on the methodological importance of corpus clustering, rather than just its usefulness in improving overall system performance, and by exploring in detail the way its effectiveness varies along the dimensions of language model type, language model complexity, and number of clusters used.","This work thus goes beyond that of Iyer et al. by focusing on the methodological importance of corpus clustering, rather than just its usefulness in improving overall system performance, and by exploring in detail the way its effectiveness varies along the dimensions of language model type, language model complexity, and number of clusters used.","This work thus goes beyond that of (CITSEG) by focusing on the methodological importance of corpus clustering, rather than just its usefulness in improving overall system performance, and by exploring in detail the way its effectiveness varies along the dimensions of language model type, language model complexity, and number of clusters used.",S-28,28,DIV-1,"And, of course, there is no reason why clustering should not, where it gives an advantage, also be used in conjunction with extension by hand to produce yet further improvements.","As evidence for these claims, I present experimental results showing how, for a particular task and training corpus, clustering produces a sizeable improvement in unigram - and bigram-based models, but not in trigram-based ones; this is consistent with experience in the speech understanding community that while moving from bigrams to trigrams usually produces a definite payoff, a move from trigrams to 4-grams yields less clear benefits for the domain in question.","I also show that, for the same task and corpus, clustering produces improvements when sentences are assessed not according to the words they contain but according to the syntax rules used in their best parse.","It also differs from Iyer et al. 's work by clustering at the utterance rather than the paragraph level, and by using a training corpus of thousands, rather than millions, of sentences; in many speech applications, available training data is likely to be quite limited, and may not always be chunked into paragraphs.",,,"And, of course, there is no reason why clustering should not, where it gives an advantage, also be used in conjunction with extension by hand to produce yet further improvements. As evidence for these claims, I present experimental results showing how, for a particular task and training corpus, clustering produces a sizeable improvement in unigram - and bigram-based models, but not in trigram-based ones; this is consistent with experience in the speech understanding community that while moving from bigrams to trigrams usually produces a definite payoff, a move from trigrams to 4-grams yields less clear benefits for the domain in question. I also show that, for the same task and corpus, clustering produces improvements when sentences are assessed not according to the words they contain but according to the syntax rules used in their best parse.","It also differs from Iyer et al. 's work by clustering at the utterance rather than the paragraph level, and by using a training corpus of thousands, rather than millions, of sentences; in many speech applications, available training data is likely to be quite limited, and may not always be chunked into paragraphs.","And, of course, there is no reason why clustering should not, where it gives an advantage, also be used in conjunction with extension by hand to produce yet further improvements. As evidence for these claims, I present experimental results showing how, for a particular task and training corpus, clustering produces a sizeable improvement in unigram - and bigram-based models, but not in trigram-based ones; this is consistent with experience in the speech understanding community that while moving from bigrams to trigrams usually produces a definite payoff, a move from trigrams to 4-grams yields less clear benefits for the domain in question. I also show that, for the same task and corpus, clustering produces improvements when sentences are assessed not according to the words they contain but according to the syntax rules used in their best parse. This work thus goes beyond that of Iyer et al. by focusing on the methodological importance of corpus clustering, rather than just its usefulness in improving overall system performance, and by exploring in detail the way its effectiveness varies along the dimensions of language model type, language model complexity, and number of clusters used. It also differs from Iyer et al. 's work by clustering at the utterance rather than the paragraph level, and by using a training corpus of thousands, rather than millions, of sentences; in many speech applications, available training data is likely to be quite limited, and may not always be chunked into paragraphs.","And, of course, there is no reason why clustering should not, where it gives an advantage, also be used in conjunction with extension by hand to produce yet further improvements. As evidence for these claims, I present experimental results showing how, for a particular task and training corpus, clustering produces a sizeable improvement in unigram - and bigram-based models, but not in trigram-based ones; this is consistent with experience in the speech understanding community that while moving from bigrams to trigrams usually produces a definite payoff, a move from trigrams to 4-grams yields less clear benefits for the domain in question. I also show that, for the same task and corpus, clustering produces improvements when sentences are assessed not according to the words they contain but according to the syntax rules used in their best parse. This work thus goes beyond that of (CITSEG) by focusing on the methodological importance of corpus clustering, rather than just its usefulness in improving overall system performance, and by exploring in detail the way its effectiveness varies along the dimensions of language model type, language model complexity, and number of clusters used. It also differs from Iyer et al. 's work by clustering at the utterance rather than the paragraph level, and by using a training corpus of thousands, rather than millions, of sentences; in many speech applications, available training data is likely to be quite limited, and may not always be chunked into paragraphs.",Iyer et al.,CoCoGM,,False,REFAUTHOR,"{""CFunc"": ""CoCoGM"", ""ID"": ""R-6"", ""LinkS"": ""goes beyond that of""}"
Teufel_original_dataset/CFC_distribution/2006_paper_training/9410001.cfc-scixml,"It also differs from Iyer et al. 's work by clustering at the utterance rather than the paragraph level, and by using a training corpus of thousands, rather than millions, of sentences; in many speech applications, available training data is likely to be quite limited, and may not always be chunked into paragraphs.","It also differs from Iyer et al. 's work by clustering at the utterance rather than the paragraph level, and by using a training corpus of thousands, rather than millions, of sentences; in many speech applications, available training data is likely to be quite limited, and may not always be chunked into paragraphs.","It also differs from (CITSEG) 's work by clustering at the utterance rather than the paragraph level, and by using a training corpus of thousands, rather than millions, of sentences; in many speech applications, available training data is likely to be quite limited, and may not always be chunked into paragraphs.",S-29,29,DIV-1,"As evidence for these claims, I present experimental results showing how, for a particular task and training corpus, clustering produces a sizeable improvement in unigram - and bigram-based models, but not in trigram-based ones; this is consistent with experience in the speech understanding community that while moving from bigrams to trigrams usually produces a definite payoff, a move from trigrams to 4-grams yields less clear benefits for the domain in question.","I also show that, for the same task and corpus, clustering produces improvements when sentences are assessed not according to the words they contain but according to the syntax rules used in their best parse.","This work thus goes beyond that of Iyer et al. by focusing on the methodological importance of corpus clustering, rather than just its usefulness in improving overall system performance, and by exploring in detail the way its effectiveness varies along the dimensions of language model type, language model complexity, and number of clusters used.",,,,"As evidence for these claims, I present experimental results showing how, for a particular task and training corpus, clustering produces a sizeable improvement in unigram - and bigram-based models, but not in trigram-based ones; this is consistent with experience in the speech understanding community that while moving from bigrams to trigrams usually produces a definite payoff, a move from trigrams to 4-grams yields less clear benefits for the domain in question. I also show that, for the same task and corpus, clustering produces improvements when sentences are assessed not according to the words they contain but according to the syntax rules used in their best parse. This work thus goes beyond that of Iyer et al. by focusing on the methodological importance of corpus clustering, rather than just its usefulness in improving overall system performance, and by exploring in detail the way its effectiveness varies along the dimensions of language model type, language model complexity, and number of clusters used.",,"As evidence for these claims, I present experimental results showing how, for a particular task and training corpus, clustering produces a sizeable improvement in unigram - and bigram-based models, but not in trigram-based ones; this is consistent with experience in the speech understanding community that while moving from bigrams to trigrams usually produces a definite payoff, a move from trigrams to 4-grams yields less clear benefits for the domain in question. I also show that, for the same task and corpus, clustering produces improvements when sentences are assessed not according to the words they contain but according to the syntax rules used in their best parse. This work thus goes beyond that of Iyer et al. by focusing on the methodological importance of corpus clustering, rather than just its usefulness in improving overall system performance, and by exploring in detail the way its effectiveness varies along the dimensions of language model type, language model complexity, and number of clusters used. It also differs from Iyer et al. 's work by clustering at the utterance rather than the paragraph level, and by using a training corpus of thousands, rather than millions, of sentences; in many speech applications, available training data is likely to be quite limited, and may not always be chunked into paragraphs.","As evidence for these claims, I present experimental results showing how, for a particular task and training corpus, clustering produces a sizeable improvement in unigram - and bigram-based models, but not in trigram-based ones; this is consistent with experience in the speech understanding community that while moving from bigrams to trigrams usually produces a definite payoff, a move from trigrams to 4-grams yields less clear benefits for the domain in question. I also show that, for the same task and corpus, clustering produces improvements when sentences are assessed not according to the words they contain but according to the syntax rules used in their best parse. This work thus goes beyond that of Iyer et al. by focusing on the methodological importance of corpus clustering, rather than just its usefulness in improving overall system performance, and by exploring in detail the way its effectiveness varies along the dimensions of language model type, language model complexity, and number of clusters used. It also differs from (CITSEG) 's work by clustering at the utterance rather than the paragraph level, and by using a training corpus of thousands, rather than millions, of sentences; in many speech applications, available training data is likely to be quite limited, and may not always be chunked into paragraphs.",Iyer et al.,CoCoGM,,False,REFAUTHOR,"{""CFunc"": ""CoCoGM"", ""ID"": ""R-7"", ""LinkS"": ""differs from""}"
Teufel_original_dataset/CFC_distribution/2006_paper_training/9410001.cfc-scixml,"Most other work on clustering for language modeling Pereira et al. 1993, Net et al. 1994 has addressed the problem of data sparseness by clustering words into classes which are then used to predict smoothed probabilities of occurrence for events which may seldom or never have been observed during training.","Most other work on clustering for language modeling Pereira et al. 1993, Net et al. 1994 has addressed the problem of data sparseness by clustering words into classes which are then used to predict smoothed probabilities of occurrence for events which may seldom or never have been observed during training.","Most other work on clustering for language modeling (CITSEG), Net et al. 1994 has addressed the problem of data sparseness by clustering words into classes which are then used to predict smoothed probabilities of occurrence for events which may seldom or never have been observed during training.",S-30,30,DIV-2,,,,"Thus conceptually at least, their processes are agglomerative: a large initial set of words is clumped into a smaller number of clusters.",The approach described here is quite different.,"Firstly, it involves clustering whole sentences, not words.",,"Thus conceptually at least, their processes are agglomerative: a large initial set of words is clumped into a smaller number of clusters. The approach described here is quite different. Firstly, it involves clustering whole sentences, not words.","Most other work on clustering for language modeling Pereira et al. 1993, Net et al. 1994 has addressed the problem of data sparseness by clustering words into classes which are then used to predict smoothed probabilities of occurrence for events which may seldom or never have been observed during training. Thus conceptually at least, their processes are agglomerative: a large initial set of words is clumped into a smaller number of clusters. The approach described here is quite different. Firstly, it involves clustering whole sentences, not words.","Most other work on clustering for language modeling (CITSEG), Net et al. 1994 has addressed the problem of data sparseness by clustering words into classes which are then used to predict smoothed probabilities of occurrence for events which may seldom or never have been observed during training. Thus conceptually at least, their processes are agglomerative: a large initial set of words is clumped into a smaller number of clusters. The approach described here is quite different. Firstly, it involves clustering whole sentences, not words.",Pereira et al. 1993,CoCoGM,P,False,REF,"{""CFunc"": ""CoCoGM"", ""ID"": ""R-8"", ""LinkS"": "" is quite different"", ""TYPE"": ""P""}"
Teufel_original_dataset/CFC_distribution/2006_paper_training/9410001.cfc-scixml,"Most other work on clustering for language modeling Pereira et al. 1993, Net et al. 1994 has addressed the problem of data sparseness by clustering words into classes which are then used to predict smoothed probabilities of occurrence for events which may seldom or never have been observed during training.","Most other work on clustering for language modeling Pereira et al. 1993, Net et al. 1994 has addressed the problem of data sparseness by clustering words into classes which are then used to predict smoothed probabilities of occurrence for events which may seldom or never have been observed during training.","Most other work on clustering for language modeling Pereira et al. 1993, (CITSEG) has addressed the problem of data sparseness by clustering words into classes which are then used to predict smoothed probabilities of occurrence for events which may seldom or never have been observed during training.",S-30,30,DIV-2,,,,"Thus conceptually at least, their processes are agglomerative: a large initial set of words is clumped into a smaller number of clusters.",The approach described here is quite different.,"Firstly, it involves clustering whole sentences, not words.",,"Thus conceptually at least, their processes are agglomerative: a large initial set of words is clumped into a smaller number of clusters. The approach described here is quite different. Firstly, it involves clustering whole sentences, not words.","Most other work on clustering for language modeling Pereira et al. 1993, Net et al. 1994 has addressed the problem of data sparseness by clustering words into classes which are then used to predict smoothed probabilities of occurrence for events which may seldom or never have been observed during training. Thus conceptually at least, their processes are agglomerative: a large initial set of words is clumped into a smaller number of clusters. The approach described here is quite different. Firstly, it involves clustering whole sentences, not words.","Most other work on clustering for language modeling Pereira et al. 1993, (CITSEG) has addressed the problem of data sparseness by clustering words into classes which are then used to predict smoothed probabilities of occurrence for events which may seldom or never have been observed during training. Thus conceptually at least, their processes are agglomerative: a large initial set of words is clumped into a smaller number of clusters. The approach described here is quite different. Firstly, it involves clustering whole sentences, not words.",Net et al. 1994,CoCoGM,P,False,REF,"{""CFunc"": ""CoCoGM"", ""ID"": ""R-9"", ""LinkS"": "" is quite different"", ""TYPE"": ""P""}"
Teufel_original_dataset/CFC_distribution/2006_paper_training/9907006.cfc-scixml,We have compared four complete and three partial data representation formats for the baseNP recognition task presented in Ramshaw and Marcus 1995.,We have compared four complete and three partial data representation formats for the baseNP recognition task presented in Ramshaw and Marcus 1995.,We have compared four complete and three partial data representation formats for the baseNP recognition task presented in (CITSEG).,S-20,20,DIV-2 > DIV-3,,,,The four complete formats all use an I tag for words that are inside a baseNP and an O tag for words that are outside a baseNP.,They differ in their treatment of chunk-initial and chunk-final words:,We wanted to compare these data representation formats with a standard bracket representation.,,The four complete formats all use an I tag for words that are inside a baseNP and an O tag for words that are outside a baseNP. They differ in their treatment of chunk-initial and chunk-final words: We wanted to compare these data representation formats with a standard bracket representation.,We have compared four complete and three partial data representation formats for the baseNP recognition task presented in Ramshaw and Marcus 1995. The four complete formats all use an I tag for words that are inside a baseNP and an O tag for words that are outside a baseNP. They differ in their treatment of chunk-initial and chunk-final words: We wanted to compare these data representation formats with a standard bracket representation.,We have compared four complete and three partial data representation formats for the baseNP recognition task presented in (CITSEG). The four complete formats all use an I tag for words that are inside a baseNP and an O tag for words that are outside a baseNP. They differ in their treatment of chunk-initial and chunk-final words: We wanted to compare these data representation formats with a standard bracket representation.,Ramshaw and Marcus 1995,CoCoGM,,False,REF,"{""CFunc"": ""CoCoGM"", ""ID"": ""R-4"", ""LinkS"": ""compared; s-19; rule 47""}"
Teufel_original_dataset/CFC_distribution/2006_paper_training/9907006.cfc-scixml,Again the best result was obtained with IOB1 (F =92.37) which is an improvement of the best reported F rate for this data set (Ramshaw and Marcus 1995: 92.03).,Again the best result was obtained with IOB1 (F =92.37) which is an improvement of the best reported F rate for this data set (Ramshaw and Marcus 1995: 92.03).,Again the best result was obtained with IOB1 (F =92.37) which is an improvement of the best reported F rate for this data set ((CITSEG): 92.03).,S-99,99,DIV-6,We have used the optimal experiment configurations that we had obtained from the fourth experiment series for processing the complete Ramshaw and Marcus 1995 data set.,The results can be found in table.,They are better than the results for section 15 because more training data was used in these experiments.,We would like to apply our learning approach to the large data set mentioned in Ramshaw and Marcus 1995: Wall Street Journal corpus sections 2 - 21 as training material and section 0 as test material.,With our present hardware applying our optimal experiment configuration to this data would require several months of computer time.,Therefore we have only used the best stage 1 approach with IOB1 tags: a left and right context of three words and three POS tags combined with k=3.,We have used the optimal experiment configurations that we had obtained from the fourth experiment series for processing the complete Ramshaw and Marcus 1995 data set. The results can be found in table. They are better than the results for section 15 because more training data was used in these experiments.,We would like to apply our learning approach to the large data set mentioned in Ramshaw and Marcus 1995: Wall Street Journal corpus sections 2 - 21 as training material and section 0 as test material. With our present hardware applying our optimal experiment configuration to this data would require several months of computer time. Therefore we have only used the best stage 1 approach with IOB1 tags: a left and right context of three words and three POS tags combined with k=3.,We have used the optimal experiment configurations that we had obtained from the fourth experiment series for processing the complete Ramshaw and Marcus 1995 data set. The results can be found in table. They are better than the results for section 15 because more training data was used in these experiments. Again the best result was obtained with IOB1 (F =92.37) which is an improvement of the best reported F rate for this data set (Ramshaw and Marcus 1995: 92.03). We would like to apply our learning approach to the large data set mentioned in Ramshaw and Marcus 1995: Wall Street Journal corpus sections 2 - 21 as training material and section 0 as test material. With our present hardware applying our optimal experiment configuration to this data would require several months of computer time. Therefore we have only used the best stage 1 approach with IOB1 tags: a left and right context of three words and three POS tags combined with k=3.,We have used the optimal experiment configurations that we had obtained from the fourth experiment series for processing the complete Ramshaw and Marcus 1995 data set. The results can be found in table. They are better than the results for section 15 because more training data was used in these experiments. Again the best result was obtained with IOB1 (F =92.37) which is an improvement of the best reported F rate for this data set ((CITSEG): 92.03). We would like to apply our learning approach to the large data set mentioned in Ramshaw and Marcus 1995: Wall Street Journal corpus sections 2 - 21 as training material and section 0 as test material. With our present hardware applying our optimal experiment configuration to this data would require several months of computer time. Therefore we have only used the best stage 1 approach with IOB1 tags: a left and right context of three words and three POS tags combined with k=3.,Ramshaw and Marcus 1995,CoCo-,,False,REF,"{""CFunc"": ""CoCo-"", ""ID"": ""R-13"", ""LinkS"": ""improvement""}"
Teufel_original_dataset/CFC_distribution/2006_paper_training/9907006.cfc-scixml,This time the chunker achieved a F score of 93.81 which is half a point better than the results obtained by Ramshaw and Marcus 1995: 93.3 (other chunker rates for this data: accuracy: 98.04%; precision: 93.71%; recall: 93.90%).,This time the chunker achieved a F score of 93.81 which is half a point better than the results obtained by Ramshaw and Marcus 1995: 93.3 (other chunker rates for this data: accuracy: 98.04%; precision: 93.71%; recall: 93.90%).,This time the chunker achieved a F score of 93.81 which is half a point better than the results obtained by (CITSEG): 93.3 (other chunker rates for this data: accuracy: 98.04%; precision: 93.71%; recall: 93.90%).,S-103,103,DIV-6,We would like to apply our learning approach to the large data set mentioned in Ramshaw and Marcus 1995: Wall Street Journal corpus sections 2 - 21 as training material and section 0 as test material.,With our present hardware applying our optimal experiment configuration to this data would require several months of computer time.,Therefore we have only used the best stage 1 approach with IOB1 tags: a left and right context of three words and three POS tags combined with k=3.,,,,We would like to apply our learning approach to the large data set mentioned in Ramshaw and Marcus 1995: Wall Street Journal corpus sections 2 - 21 as training material and section 0 as test material. With our present hardware applying our optimal experiment configuration to this data would require several months of computer time. Therefore we have only used the best stage 1 approach with IOB1 tags: a left and right context of three words and three POS tags combined with k=3.,,We would like to apply our learning approach to the large data set mentioned in Ramshaw and Marcus 1995: Wall Street Journal corpus sections 2 - 21 as training material and section 0 as test material. With our present hardware applying our optimal experiment configuration to this data would require several months of computer time. Therefore we have only used the best stage 1 approach with IOB1 tags: a left and right context of three words and three POS tags combined with k=3. This time the chunker achieved a F score of 93.81 which is half a point better than the results obtained by Ramshaw and Marcus 1995: 93.3 (other chunker rates for this data: accuracy: 98.04%; precision: 93.71%; recall: 93.90%).,We would like to apply our learning approach to the large data set mentioned in Ramshaw and Marcus 1995: Wall Street Journal corpus sections 2 - 21 as training material and section 0 as test material. With our present hardware applying our optimal experiment configuration to this data would require several months of computer time. Therefore we have only used the best stage 1 approach with IOB1 tags: a left and right context of three words and three POS tags combined with k=3. This time the chunker achieved a F score of 93.81 which is half a point better than the results obtained by (CITSEG): 93.3 (other chunker rates for this data: accuracy: 98.04%; precision: 93.71%; recall: 93.90%).,Ramshaw and Marcus 1995,CoCo-,,False,REF,"{""CFunc"": ""CoCo-"", ""ID"": ""R-15"", ""LinkS"": ""better""}"
Teufel_original_dataset/CFC_distribution/2006_paper_training/9907006.cfc-scixml,The IB1-IG algorithm has been able to improve the best reported F rates for a standard data set (92.37 versus Ramshaw and Marcus 1995 ' s 92.03).,The IB1-IG algorithm has been able to improve the best reported F rates for a standard data set (92.37 versus Ramshaw and Marcus 1995 ' s 92.03).,The IB1-IG algorithm has been able to improve the best reported F rates for a standard data set (92.37 versus (CITSEG) ' s 92.03).,S-130,130,DIV-8,"However, the differences with other formats were not significant.","Some representation formats achieved better precision rates, others better recall rates.",This information is useful for tasks that require chunking structures because some tasks might be more interested in high precision rates while others might be more interested in high recall rates.,This result was aided by using non-standard parameter values (k=3) and the algorithm was sensitive for redundant input features.,This means that finding an optimal performance or this task requires searching a large parameter/feature configuration space.,"An interesting topic for future research would be to embed IB1-IG in a standard search algorithm, like hill-climbing, and explore this parameter space.","However, the differences with other formats were not significant. Some representation formats achieved better precision rates, others better recall rates. This information is useful for tasks that require chunking structures because some tasks might be more interested in high precision rates while others might be more interested in high recall rates.","This result was aided by using non-standard parameter values (k=3) and the algorithm was sensitive for redundant input features. This means that finding an optimal performance or this task requires searching a large parameter/feature configuration space. An interesting topic for future research would be to embed IB1-IG in a standard search algorithm, like hill-climbing, and explore this parameter space.","However, the differences with other formats were not significant. Some representation formats achieved better precision rates, others better recall rates. This information is useful for tasks that require chunking structures because some tasks might be more interested in high precision rates while others might be more interested in high recall rates. The IB1-IG algorithm has been able to improve the best reported F rates for a standard data set (92.37 versus Ramshaw and Marcus 1995 ' s 92.03). This result was aided by using non-standard parameter values (k=3) and the algorithm was sensitive for redundant input features. This means that finding an optimal performance or this task requires searching a large parameter/feature configuration space. An interesting topic for future research would be to embed IB1-IG in a standard search algorithm, like hill-climbing, and explore this parameter space.","However, the differences with other formats were not significant. Some representation formats achieved better precision rates, others better recall rates. This information is useful for tasks that require chunking structures because some tasks might be more interested in high precision rates while others might be more interested in high recall rates. The IB1-IG algorithm has been able to improve the best reported F rates for a standard data set (92.37 versus (CITSEG) ' s 92.03). This result was aided by using non-standard parameter values (k=3) and the algorithm was sensitive for redundant input features. This means that finding an optimal performance or this task requires searching a large parameter/feature configuration space. An interesting topic for future research would be to embed IB1-IG in a standard search algorithm, like hill-climbing, and explore this parameter space.",Ramshaw and Marcus 1995,CoCo-,,False,REF,"{""CFunc"": ""CoCo-"", ""ID"": ""R-35"", ""LinkS"": ""IB1-IG is theirs, kind of, s34""}"
Teufel_original_dataset/CFC_distribution/2006_paper_training/9808012.cfc-scixml,"Recently, Kruijff 1997 has given a categorial-style formulation of these ordering rules.","Recently, Kruijff 1997 has given a categorial-style formulation of these ordering rules.","Recently, (CITSEG) has given a categorial-style formulation of these ordering rules.",S-20,20,DIV-2 > DIV-3,,"Sgall et al. 1986 assumes a language-independent underlying order, which is represented as a projective dependency tree.",This abstract representation of the sentence is mapped via ordering rules to the concrete surface realization.,"He assumes associative categorial operators, permuting the arguments to yield the surface ordering.","One difference to our proposal is that we argue for a representational account of word order (based on valid structures representing word order), eschewing the non-determinism introduced by unary operators; the second difference is the avoidance of an underlying structure, which stratifies the theory and makes incremental processing difficult.",,"Sgall et al. 1986 assumes a language-independent underlying order, which is represented as a projective dependency tree. This abstract representation of the sentence is mapped via ordering rules to the concrete surface realization.","He assumes associative categorial operators, permuting the arguments to yield the surface ordering. One difference to our proposal is that we argue for a representational account of word order (based on valid structures representing word order), eschewing the non-determinism introduced by unary operators; the second difference is the avoidance of an underlying structure, which stratifies the theory and makes incremental processing difficult.","Sgall et al. 1986 assumes a language-independent underlying order, which is represented as a projective dependency tree. This abstract representation of the sentence is mapped via ordering rules to the concrete surface realization. Recently, Kruijff 1997 has given a categorial-style formulation of these ordering rules. He assumes associative categorial operators, permuting the arguments to yield the surface ordering. One difference to our proposal is that we argue for a representational account of word order (based on valid structures representing word order), eschewing the non-determinism introduced by unary operators; the second difference is the avoidance of an underlying structure, which stratifies the theory and makes incremental processing difficult.","Sgall et al. 1986 assumes a language-independent underlying order, which is represented as a projective dependency tree. This abstract representation of the sentence is mapped via ordering rules to the concrete surface realization. Recently, (CITSEG) has given a categorial-style formulation of these ordering rules. He assumes associative categorial operators, permuting the arguments to yield the surface ordering. One difference to our proposal is that we argue for a representational account of word order (based on valid structures representing word order), eschewing the non-determinism introduced by unary operators; the second difference is the avoidance of an underlying structure, which stratifies the theory and makes incremental processing difficult.",Kruijff 1997,CoCoGM,,False,REF,"{""CFunc"": ""CoCoGM"", ""ID"": ""R-8"", ""LinkS"": ""s-22""}"
Teufel_original_dataset/CFC_distribution/2006_paper_training/9808012.cfc-scixml,"Other lexicalized grammars collapse syntactic and ordering information and are forced to represent ordering alternatives by lexical ambiguity, most notable L-TAG Schabes et al. 1988 and some versions of CG Hepple 1994.","Other lexicalized grammars collapse syntactic and ordering information and are forced to represent ordering alternatives by lexical ambiguity, most notable L-TAG Schabes et al. 1988 and some versions of CG Hepple 1994.","Other lexicalized grammars collapse syntactic and ordering information and are forced to represent ordering alternatives by lexical ambiguity, most notable L-TAG (CITSEG) and some versions of CG Hepple 1994.",S-110,110,DIV-16,,,"One feature of word order domains is that they factor ordering alternatives from the syntactic tree, much like feature annotations do for morphological alternatives.","This is not necessary in our approach, which drastically reduces the search space for parsing.","This property is shared by the proposal of Reape 1993 to associate HPSG signs with sequences of constituents, also called word order domains.",Surface ordering is determined by the sequence of constituents associated with the root node.,"One feature of word order domains is that they factor ordering alternatives from the syntactic tree, much like feature annotations do for morphological alternatives.","This is not necessary in our approach, which drastically reduces the search space for parsing. This property is shared by the proposal of Reape 1993 to associate HPSG signs with sequences of constituents, also called word order domains. Surface ordering is determined by the sequence of constituents associated with the root node.","One feature of word order domains is that they factor ordering alternatives from the syntactic tree, much like feature annotations do for morphological alternatives. Other lexicalized grammars collapse syntactic and ordering information and are forced to represent ordering alternatives by lexical ambiguity, most notable L-TAG Schabes et al. 1988 and some versions of CG Hepple 1994. This is not necessary in our approach, which drastically reduces the search space for parsing. This property is shared by the proposal of Reape 1993 to associate HPSG signs with sequences of constituents, also called word order domains. Surface ordering is determined by the sequence of constituents associated with the root node.","One feature of word order domains is that they factor ordering alternatives from the syntactic tree, much like feature annotations do for morphological alternatives. Other lexicalized grammars collapse syntactic and ordering information and are forced to represent ordering alternatives by lexical ambiguity, most notable L-TAG (CITSEG) and some versions of CG Hepple 1994. This is not necessary in our approach, which drastically reduces the search space for parsing. This property is shared by the proposal of Reape 1993 to associate HPSG signs with sequences of constituents, also called word order domains. Surface ordering is determined by the sequence of constituents associated with the root node.",Schabes et al. 1988,CoCo-,,False,REF,"{""CFunc"": ""CoCo-"", ""ID"": ""R-21"", ""LinkS"": ""rule 13""}"
Teufel_original_dataset/CFC_distribution/2006_paper_training/9808012.cfc-scixml,"Other lexicalized grammars collapse syntactic and ordering information and are forced to represent ordering alternatives by lexical ambiguity, most notable L-TAG Schabes et al. 1988 and some versions of CG Hepple 1994.","Other lexicalized grammars collapse syntactic and ordering information and are forced to represent ordering alternatives by lexical ambiguity, most notable L-TAG Schabes et al. 1988 and some versions of CG Hepple 1994.","Other lexicalized grammars collapse syntactic and ordering information and are forced to represent ordering alternatives by lexical ambiguity, most notable L-TAG Schabes et al. 1988 and some versions of CG (CITSEG).",S-110,110,DIV-16,,,"One feature of word order domains is that they factor ordering alternatives from the syntactic tree, much like feature annotations do for morphological alternatives.","This is not necessary in our approach, which drastically reduces the search space for parsing.","This property is shared by the proposal of Reape 1993 to associate HPSG signs with sequences of constituents, also called word order domains.",Surface ordering is determined by the sequence of constituents associated with the root node.,"One feature of word order domains is that they factor ordering alternatives from the syntactic tree, much like feature annotations do for morphological alternatives.","This is not necessary in our approach, which drastically reduces the search space for parsing. This property is shared by the proposal of Reape 1993 to associate HPSG signs with sequences of constituents, also called word order domains. Surface ordering is determined by the sequence of constituents associated with the root node.","One feature of word order domains is that they factor ordering alternatives from the syntactic tree, much like feature annotations do for morphological alternatives. Other lexicalized grammars collapse syntactic and ordering information and are forced to represent ordering alternatives by lexical ambiguity, most notable L-TAG Schabes et al. 1988 and some versions of CG Hepple 1994. This is not necessary in our approach, which drastically reduces the search space for parsing. This property is shared by the proposal of Reape 1993 to associate HPSG signs with sequences of constituents, also called word order domains. Surface ordering is determined by the sequence of constituents associated with the root node.","One feature of word order domains is that they factor ordering alternatives from the syntactic tree, much like feature annotations do for morphological alternatives. Other lexicalized grammars collapse syntactic and ordering information and are forced to represent ordering alternatives by lexical ambiguity, most notable L-TAG Schabes et al. 1988 and some versions of CG (CITSEG). This is not necessary in our approach, which drastically reduces the search space for parsing. This property is shared by the proposal of Reape 1993 to associate HPSG signs with sequences of constituents, also called word order domains. Surface ordering is determined by the sequence of constituents associated with the root node.",Hepple 1994,CoCo-,,False,REF,"{""CFunc"": ""CoCo-"", ""ID"": ""R-22""}"
Teufel_original_dataset/CFC_distribution/2006_paper_training/9808012.cfc-scixml,"This property is shared by the proposal of Reape 1993 to associate HPSG signs with sequences of constituents, also called word order domains.","This property is shared by the proposal of Reape 1993 to associate HPSG signs with sequences of constituents, also called word order domains.","This property is shared by the proposal of (CITSEG) to associate HPSG signs with sequences of constituents, also called word order domains.",S-112,112,DIV-16,"One feature of word order domains is that they factor ordering alternatives from the syntactic tree, much like feature annotations do for morphological alternatives.","Other lexicalized grammars collapse syntactic and ordering information and are forced to represent ordering alternatives by lexical ambiguity, most notable L-TAG Schabes et al. 1988 and some versions of CG Hepple 1994.","This is not necessary in our approach, which drastically reduces the search space for parsing.",Surface ordering is determined by the sequence of constituents associated with the root node.,"The order domain of a mother node is the sequence union of the order domains of the daughter nodes, which means that the relative order of elements in an order domain is retained, but material from several domains may be interleaved, resulting in discontinuities.",Whether an order domain allows interleaving with other domains is a parameter of the constituent.,"One feature of word order domains is that they factor ordering alternatives from the syntactic tree, much like feature annotations do for morphological alternatives. Other lexicalized grammars collapse syntactic and ordering information and are forced to represent ordering alternatives by lexical ambiguity, most notable L-TAG Schabes et al. 1988 and some versions of CG Hepple 1994. This is not necessary in our approach, which drastically reduces the search space for parsing.","Surface ordering is determined by the sequence of constituents associated with the root node. The order domain of a mother node is the sequence union of the order domains of the daughter nodes, which means that the relative order of elements in an order domain is retained, but material from several domains may be interleaved, resulting in discontinuities. Whether an order domain allows interleaving with other domains is a parameter of the constituent.","One feature of word order domains is that they factor ordering alternatives from the syntactic tree, much like feature annotations do for morphological alternatives. Other lexicalized grammars collapse syntactic and ordering information and are forced to represent ordering alternatives by lexical ambiguity, most notable L-TAG Schabes et al. 1988 and some versions of CG Hepple 1994. This is not necessary in our approach, which drastically reduces the search space for parsing. This property is shared by the proposal of Reape 1993 to associate HPSG signs with sequences of constituents, also called word order domains. Surface ordering is determined by the sequence of constituents associated with the root node. The order domain of a mother node is the sequence union of the order domains of the daughter nodes, which means that the relative order of elements in an order domain is retained, but material from several domains may be interleaved, resulting in discontinuities. Whether an order domain allows interleaving with other domains is a parameter of the constituent.","One feature of word order domains is that they factor ordering alternatives from the syntactic tree, much like feature annotations do for morphological alternatives. Other lexicalized grammars collapse syntactic and ordering information and are forced to represent ordering alternatives by lexical ambiguity, most notable L-TAG Schabes et al. 1988 and some versions of CG Hepple 1994. This is not necessary in our approach, which drastically reduces the search space for parsing. This property is shared by the proposal of (CITSEG) to associate HPSG signs with sequences of constituents, also called word order domains. Surface ordering is determined by the sequence of constituents associated with the root node. The order domain of a mother node is the sequence union of the order domains of the daughter nodes, which means that the relative order of elements in an order domain is retained, but material from several domains may be interleaved, resulting in discontinuities. Whether an order domain allows interleaving with other domains is a parameter of the constituent.",Reape 1993,CoCoGM,,False,REF,"{""CFunc"": ""CoCoGM"", ""ID"": ""R-23""}"
Teufel_original_dataset/CFC_distribution/2006_paper_training/9808012.cfc-scixml,"We may also compare our approach with the projection architecture of LFG Kaplan and Bresnan 1982, Kaplan 1995.","We may also compare our approach with the projection architecture of LFG Kaplan and Bresnan 1982, Kaplan 1995.","We may also compare our approach with the projection architecture of LFG (CITSEG), Kaplan 1995.",S-119,119,DIV-16,"This approach is very similar to ours in that order domains separate word order from the syntactic tree, but there is one important difference: Word order domains in HPSG do not completely free the hierarchical structure from ordering considerations, because discontinuity is specified per phrase, not per modifier.","For example, two projections are required for an NP, the lower one for the continuous material (determiner, adjective, noun, genitival and prepositional attributes) and the higher one for the possibly discontinuous relative clause.",This dependence of hierarchical structure on ordering is absent from our proposal.,"There is a close similarity of the LFG projections (c-structure and f-structure) to the dimensions used here (order domain structure and dependency tree, respectively).","C-structure and order domains represent surface ordering, whereas f-structure and dependency tree show the subcategorization or valence requirements.","What is more, these projections or dimensions are linked in both accounts by an element-wise mapping.","This approach is very similar to ours in that order domains separate word order from the syntactic tree, but there is one important difference: Word order domains in HPSG do not completely free the hierarchical structure from ordering considerations, because discontinuity is specified per phrase, not per modifier. For example, two projections are required for an NP, the lower one for the continuous material (determiner, adjective, noun, genitival and prepositional attributes) and the higher one for the possibly discontinuous relative clause. This dependence of hierarchical structure on ordering is absent from our proposal.","There is a close similarity of the LFG projections (c-structure and f-structure) to the dimensions used here (order domain structure and dependency tree, respectively). C-structure and order domains represent surface ordering, whereas f-structure and dependency tree show the subcategorization or valence requirements. What is more, these projections or dimensions are linked in both accounts by an element-wise mapping.","This approach is very similar to ours in that order domains separate word order from the syntactic tree, but there is one important difference: Word order domains in HPSG do not completely free the hierarchical structure from ordering considerations, because discontinuity is specified per phrase, not per modifier. For example, two projections are required for an NP, the lower one for the continuous material (determiner, adjective, noun, genitival and prepositional attributes) and the higher one for the possibly discontinuous relative clause. This dependence of hierarchical structure on ordering is absent from our proposal. We may also compare our approach with the projection architecture of LFG Kaplan and Bresnan 1982, Kaplan 1995. There is a close similarity of the LFG projections (c-structure and f-structure) to the dimensions used here (order domain structure and dependency tree, respectively). C-structure and order domains represent surface ordering, whereas f-structure and dependency tree show the subcategorization or valence requirements. What is more, these projections or dimensions are linked in both accounts by an element-wise mapping.","This approach is very similar to ours in that order domains separate word order from the syntactic tree, but there is one important difference: Word order domains in HPSG do not completely free the hierarchical structure from ordering considerations, because discontinuity is specified per phrase, not per modifier. For example, two projections are required for an NP, the lower one for the continuous material (determiner, adjective, noun, genitival and prepositional attributes) and the higher one for the possibly discontinuous relative clause. This dependence of hierarchical structure on ordering is absent from our proposal. We may also compare our approach with the projection architecture of LFG (CITSEG), Kaplan 1995. There is a close similarity of the LFG projections (c-structure and f-structure) to the dimensions used here (order domain structure and dependency tree, respectively). C-structure and order domains represent surface ordering, whereas f-structure and dependency tree show the subcategorization or valence requirements. What is more, these projections or dimensions are linked in both accounts by an element-wise mapping.",Kaplan and Bresnan 1982,CoCoGM,,False,REF,"{""CFunc"": ""CoCoGM"", ""ID"": ""R-24""}"
Teufel_original_dataset/CFC_distribution/2006_paper_training/9808012.cfc-scixml,"We may also compare our approach with the projection architecture of LFG Kaplan and Bresnan 1982, Kaplan 1995.","We may also compare our approach with the projection architecture of LFG Kaplan and Bresnan 1982, Kaplan 1995.","We may also compare our approach with the projection architecture of LFG Kaplan and Bresnan 1982, (CITSEG).",S-119,119,DIV-16,"This approach is very similar to ours in that order domains separate word order from the syntactic tree, but there is one important difference: Word order domains in HPSG do not completely free the hierarchical structure from ordering considerations, because discontinuity is specified per phrase, not per modifier.","For example, two projections are required for an NP, the lower one for the continuous material (determiner, adjective, noun, genitival and prepositional attributes) and the higher one for the possibly discontinuous relative clause.",This dependence of hierarchical structure on ordering is absent from our proposal.,"There is a close similarity of the LFG projections (c-structure and f-structure) to the dimensions used here (order domain structure and dependency tree, respectively).","C-structure and order domains represent surface ordering, whereas f-structure and dependency tree show the subcategorization or valence requirements.","What is more, these projections or dimensions are linked in both accounts by an element-wise mapping.","This approach is very similar to ours in that order domains separate word order from the syntactic tree, but there is one important difference: Word order domains in HPSG do not completely free the hierarchical structure from ordering considerations, because discontinuity is specified per phrase, not per modifier. For example, two projections are required for an NP, the lower one for the continuous material (determiner, adjective, noun, genitival and prepositional attributes) and the higher one for the possibly discontinuous relative clause. This dependence of hierarchical structure on ordering is absent from our proposal.","There is a close similarity of the LFG projections (c-structure and f-structure) to the dimensions used here (order domain structure and dependency tree, respectively). C-structure and order domains represent surface ordering, whereas f-structure and dependency tree show the subcategorization or valence requirements. What is more, these projections or dimensions are linked in both accounts by an element-wise mapping.","This approach is very similar to ours in that order domains separate word order from the syntactic tree, but there is one important difference: Word order domains in HPSG do not completely free the hierarchical structure from ordering considerations, because discontinuity is specified per phrase, not per modifier. For example, two projections are required for an NP, the lower one for the continuous material (determiner, adjective, noun, genitival and prepositional attributes) and the higher one for the possibly discontinuous relative clause. This dependence of hierarchical structure on ordering is absent from our proposal. We may also compare our approach with the projection architecture of LFG Kaplan and Bresnan 1982, Kaplan 1995. There is a close similarity of the LFG projections (c-structure and f-structure) to the dimensions used here (order domain structure and dependency tree, respectively). C-structure and order domains represent surface ordering, whereas f-structure and dependency tree show the subcategorization or valence requirements. What is more, these projections or dimensions are linked in both accounts by an element-wise mapping.","This approach is very similar to ours in that order domains separate word order from the syntactic tree, but there is one important difference: Word order domains in HPSG do not completely free the hierarchical structure from ordering considerations, because discontinuity is specified per phrase, not per modifier. For example, two projections are required for an NP, the lower one for the continuous material (determiner, adjective, noun, genitival and prepositional attributes) and the higher one for the possibly discontinuous relative clause. This dependence of hierarchical structure on ordering is absent from our proposal. We may also compare our approach with the projection architecture of LFG Kaplan and Bresnan 1982, (CITSEG). There is a close similarity of the LFG projections (c-structure and f-structure) to the dimensions used here (order domain structure and dependency tree, respectively). C-structure and order domains represent surface ordering, whereas f-structure and dependency tree show the subcategorization or valence requirements. What is more, these projections or dimensions are linked in both accounts by an element-wise mapping.",Kaplan 1995,CoCoGM,,False,REF,"{""CFunc"": ""CoCoGM"", ""ID"": ""R-25""}"
Teufel_original_dataset/CFC_distribution/2006_paper_training/9809106.cfc-scixml,"It focusses on extracting linguistic properties, as compared to e.g. general concept learning Hahn et al. 1996.","It focusses on extracting linguistic properties, as compared to e.g. general concept learning Hahn et al. 1996.","It focusses on extracting linguistic properties, as compared to e.g. general concept learning (CITSEG).",S-5,5,DIV-1,"Notable exceptions include Zernik 1989, Erbach 1990, Hastings and Lytinen 1994.",See Zernik 1989 for an introduction to the general issues involved.,This paper describes an HPSG - based system which can incrementally learn and refine properties of unknown words after parsing individual sentences.,"Unlike Erbach 1990, however, it is not confined to simple morpho-syntactic information but can also handle selectional restrictions, semantic types and argument structure.","Finally, while statistical approaches like Brent 1991 can gather e.g. valence information from large corpora, we are more interested in full grammatical processing of individual sentences to maximally exploit each context.",The following three goals serve to structure our model.,"Notable exceptions include Zernik 1989, Erbach 1990, Hastings and Lytinen 1994. See Zernik 1989 for an introduction to the general issues involved. This paper describes an HPSG - based system which can incrementally learn and refine properties of unknown words after parsing individual sentences.","Unlike Erbach 1990, however, it is not confined to simple morpho-syntactic information but can also handle selectional restrictions, semantic types and argument structure. Finally, while statistical approaches like Brent 1991 can gather e.g. valence information from large corpora, we are more interested in full grammatical processing of individual sentences to maximally exploit each context. The following three goals serve to structure our model.","Notable exceptions include Zernik 1989, Erbach 1990, Hastings and Lytinen 1994. See Zernik 1989 for an introduction to the general issues involved. This paper describes an HPSG - based system which can incrementally learn and refine properties of unknown words after parsing individual sentences. It focusses on extracting linguistic properties, as compared to e.g. general concept learning Hahn et al. 1996. Unlike Erbach 1990, however, it is not confined to simple morpho-syntactic information but can also handle selectional restrictions, semantic types and argument structure. Finally, while statistical approaches like Brent 1991 can gather e.g. valence information from large corpora, we are more interested in full grammatical processing of individual sentences to maximally exploit each context. The following three goals serve to structure our model.","Notable exceptions include Zernik 1989, Erbach 1990, Hastings and Lytinen 1994. See Zernik 1989 for an introduction to the general issues involved. This paper describes an HPSG - based system which can incrementally learn and refine properties of unknown words after parsing individual sentences. It focusses on extracting linguistic properties, as compared to e.g. general concept learning (CITSEG). Unlike Erbach 1990, however, it is not confined to simple morpho-syntactic information but can also handle selectional restrictions, semantic types and argument structure. Finally, while statistical approaches like Brent 1991 can gather e.g. valence information from large corpora, we are more interested in full grammatical processing of individual sentences to maximally exploit each context. The following three goals serve to structure our model.",Hahn et al. 1996,CoCoGM,,False,REF,"{""CFunc"": ""CoCoGM"", ""ID"": ""R-4"", ""LinkS"": ""compared""}"
Teufel_original_dataset/CFC_distribution/2006_paper_training/9809106.cfc-scixml,"Unlike Erbach 1990, however, it is not confined to simple morpho-syntactic information but can also handle selectional restrictions, semantic types and argument structure.","Unlike Erbach 1990, however, it is not confined to simple morpho-syntactic information but can also handle selectional restrictions, semantic types and argument structure.","Unlike (CITSEG), however, it is not confined to simple morpho-syntactic information but can also handle selectional restrictions, semantic types and argument structure.",S-6,6,DIV-1,See Zernik 1989 for an introduction to the general issues involved.,This paper describes an HPSG - based system which can incrementally learn and refine properties of unknown words after parsing individual sentences.,"It focusses on extracting linguistic properties, as compared to e.g. general concept learning Hahn et al. 1996.","Finally, while statistical approaches like Brent 1991 can gather e.g. valence information from large corpora, we are more interested in full grammatical processing of individual sentences to maximally exploit each context.",The following three goals serve to structure our model.,"It should i) incorporate a gradual, information-based conceptualization of `` unknownness ''.","See Zernik 1989 for an introduction to the general issues involved. This paper describes an HPSG - based system which can incrementally learn and refine properties of unknown words after parsing individual sentences. It focusses on extracting linguistic properties, as compared to e.g. general concept learning Hahn et al. 1996.","Finally, while statistical approaches like Brent 1991 can gather e.g. valence information from large corpora, we are more interested in full grammatical processing of individual sentences to maximally exploit each context. The following three goals serve to structure our model. It should i) incorporate a gradual, information-based conceptualization of `` unknownness ''.","See Zernik 1989 for an introduction to the general issues involved. This paper describes an HPSG - based system which can incrementally learn and refine properties of unknown words after parsing individual sentences. It focusses on extracting linguistic properties, as compared to e.g. general concept learning Hahn et al. 1996. Unlike Erbach 1990, however, it is not confined to simple morpho-syntactic information but can also handle selectional restrictions, semantic types and argument structure. Finally, while statistical approaches like Brent 1991 can gather e.g. valence information from large corpora, we are more interested in full grammatical processing of individual sentences to maximally exploit each context. The following three goals serve to structure our model. It should i) incorporate a gradual, information-based conceptualization of `` unknownness ''.","See Zernik 1989 for an introduction to the general issues involved. This paper describes an HPSG - based system which can incrementally learn and refine properties of unknown words after parsing individual sentences. It focusses on extracting linguistic properties, as compared to e.g. general concept learning Hahn et al. 1996. Unlike (CITSEG), however, it is not confined to simple morpho-syntactic information but can also handle selectional restrictions, semantic types and argument structure. Finally, while statistical approaches like Brent 1991 can gather e.g. valence information from large corpora, we are more interested in full grammatical processing of individual sentences to maximally exploit each context. The following three goals serve to structure our model. It should i) incorporate a gradual, information-based conceptualization of `` unknownness ''.",Erbach 1990,CoCoGM,,False,REF,"{""CFunc"": ""CoCoGM"", ""ID"": ""R-5"", ""LinkS"": ""unlike""}"
Teufel_original_dataset/CFC_distribution/2006_paper_training/9809106.cfc-scixml,"Finally, while statistical approaches like Brent 1991 can gather e.g. valence information from large corpora, we are more interested in full grammatical processing of individual sentences to maximally exploit each context.","Finally, while statistical approaches like Brent 1991 can gather e.g. valence information from large corpora, we are more interested in full grammatical processing of individual sentences to maximally exploit each context.","Finally, while statistical approaches like (CITSEG) can gather e.g. valence information from large corpora, we are more interested in full grammatical processing of individual sentences to maximally exploit each context.",S-7,7,DIV-1,This paper describes an HPSG - based system which can incrementally learn and refine properties of unknown words after parsing individual sentences.,"It focusses on extracting linguistic properties, as compared to e.g. general concept learning Hahn et al. 1996.","Unlike Erbach 1990, however, it is not confined to simple morpho-syntactic information but can also handle selectional restrictions, semantic types and argument structure.",The following three goals serve to structure our model.,"It should i) incorporate a gradual, information-based conceptualization of `` unknownness ''.","Words are not unknown as a whole, but may contain unknown, i.e. revisable pieces of information.","This paper describes an HPSG - based system which can incrementally learn and refine properties of unknown words after parsing individual sentences. It focusses on extracting linguistic properties, as compared to e.g. general concept learning Hahn et al. 1996. Unlike Erbach 1990, however, it is not confined to simple morpho-syntactic information but can also handle selectional restrictions, semantic types and argument structure.","The following three goals serve to structure our model. It should i) incorporate a gradual, information-based conceptualization of `` unknownness ''. Words are not unknown as a whole, but may contain unknown, i.e. revisable pieces of information.","This paper describes an HPSG - based system which can incrementally learn and refine properties of unknown words after parsing individual sentences. It focusses on extracting linguistic properties, as compared to e.g. general concept learning Hahn et al. 1996. Unlike Erbach 1990, however, it is not confined to simple morpho-syntactic information but can also handle selectional restrictions, semantic types and argument structure. Finally, while statistical approaches like Brent 1991 can gather e.g. valence information from large corpora, we are more interested in full grammatical processing of individual sentences to maximally exploit each context. The following three goals serve to structure our model. It should i) incorporate a gradual, information-based conceptualization of `` unknownness ''. Words are not unknown as a whole, but may contain unknown, i.e. revisable pieces of information.","This paper describes an HPSG - based system which can incrementally learn and refine properties of unknown words after parsing individual sentences. It focusses on extracting linguistic properties, as compared to e.g. general concept learning Hahn et al. 1996. Unlike Erbach 1990, however, it is not confined to simple morpho-syntactic information but can also handle selectional restrictions, semantic types and argument structure. Finally, while statistical approaches like (CITSEG) can gather e.g. valence information from large corpora, we are more interested in full grammatical processing of individual sentences to maximally exploit each context. The following three goals serve to structure our model. It should i) incorporate a gradual, information-based conceptualization of `` unknownness ''. Words are not unknown as a whole, but may contain unknown, i.e. revisable pieces of information.",Brent 1991,CoCoGM,,False,REF,"{""CFunc"": ""CoCoGM"", ""ID"": ""R-6"", ""LinkS"": ""while...we are  more interested in""}"
Teufel_original_dataset/CFC_distribution/2006_paper_training/9707009.cfc-scixml,"The present algorithm thus provides an interesting case of what happens with extremely poor syntactic input, even poorer than in Kennedy and Boguraev 1996 's system.","The present algorithm thus provides an interesting case of what happens with extremely poor syntactic input, even poorer than in Kennedy and Boguraev 1996 's system.","The present algorithm thus provides an interesting case of what happens with extremely poor syntactic input, even poorer than in (CITSEG) 's system.",S-71,71,DIV-4,The MUC-6 system took the destructive option.,The nondestructive option has been implemented in a more recent system.,"These basic steps of `` COLLECT, FILTER, and ORDER by salience '' are analogous to Lappin and Leass 1994's pronoun resolution algorithm, but each step in FASTUS relies on considerably poorer syntactic input.",This comparison will be discussed later.,,,"The MUC-6 system took the destructive option. The nondestructive option has been implemented in a more recent system. These basic steps of `` COLLECT, FILTER, and ORDER by salience '' are analogous to Lappin and Leass 1994's pronoun resolution algorithm, but each step in FASTUS relies on considerably poorer syntactic input.",This comparison will be discussed later.,"The MUC-6 system took the destructive option. The nondestructive option has been implemented in a more recent system. These basic steps of `` COLLECT, FILTER, and ORDER by salience '' are analogous to Lappin and Leass 1994's pronoun resolution algorithm, but each step in FASTUS relies on considerably poorer syntactic input. The present algorithm thus provides an interesting case of what happens with extremely poor syntactic input, even poorer than in Kennedy and Boguraev 1996 's system. This comparison will be discussed later.","The MUC-6 system took the destructive option. The nondestructive option has been implemented in a more recent system. These basic steps of `` COLLECT, FILTER, and ORDER by salience '' are analogous to Lappin and Leass 1994's pronoun resolution algorithm, but each step in FASTUS relies on considerably poorer syntactic input. The present algorithm thus provides an interesting case of what happens with extremely poor syntactic input, even poorer than in (CITSEG) 's system. This comparison will be discussed later.",Kennedy and Boguraev 1996,CoCoGM,,False,REF,"{""CFunc"": ""CoCoGM"", ""ID"": ""R-17"", ""LinkS"": ""backoff rule. substandial enough-rule 25?""}"
Teufel_original_dataset/CFC_distribution/2006_paper_training/9707009.cfc-scixml,Part of the pronoun resolution performance here enables a preliminary comparison with the results reported in (1) Lappin and Leass 1994 and (2) Kennedy and Boguraev 1996.,Part of the pronoun resolution performance here enables a preliminary comparison with the results reported in (1) Lappin and Leass 1994 and (2) Kennedy and Boguraev 1996.,Part of the pronoun resolution performance here enables a preliminary comparison with the results reported in (1) (CITSEG) and (2) Kennedy and Boguraev 1996.,S-91,91,DIV-6,There were not enough instances of reflexives to compare.,"Table shows the system's performance for pronouns broken down by two parameters, grammatical person and inter- vs. intrasentential antecedent.","The system did quite well (78%) with third-person pronouns with intrasentential antecedents, the largest class of such pronouns.","For the third-person pronouns and reflexives, the performance was (1) 86% of 560 cases in five computer manuals and (2) 75% of 306 cases in twenty - seven Web page texts.",The present FASTUS system correctly resolved 71% of 34 cases in five newspaper articles.,This progressive decline in performance corresponds to the progressive decline in the amount of syntactic information in the input to reference resolution.,"There were not enough instances of reflexives to compare. Table shows the system's performance for pronouns broken down by two parameters, grammatical person and inter- vs. intrasentential antecedent. The system did quite well (78%) with third-person pronouns with intrasentential antecedents, the largest class of such pronouns.","For the third-person pronouns and reflexives, the performance was (1) 86% of 560 cases in five computer manuals and (2) 75% of 306 cases in twenty - seven Web page texts. The present FASTUS system correctly resolved 71% of 34 cases in five newspaper articles. This progressive decline in performance corresponds to the progressive decline in the amount of syntactic information in the input to reference resolution.","There were not enough instances of reflexives to compare. Table shows the system's performance for pronouns broken down by two parameters, grammatical person and inter- vs. intrasentential antecedent. The system did quite well (78%) with third-person pronouns with intrasentential antecedents, the largest class of such pronouns. Part of the pronoun resolution performance here enables a preliminary comparison with the results reported in (1) Lappin and Leass 1994 and (2) Kennedy and Boguraev 1996. For the third-person pronouns and reflexives, the performance was (1) 86% of 560 cases in five computer manuals and (2) 75% of 306 cases in twenty - seven Web page texts. The present FASTUS system correctly resolved 71% of 34 cases in five newspaper articles. This progressive decline in performance corresponds to the progressive decline in the amount of syntactic information in the input to reference resolution.","There were not enough instances of reflexives to compare. Table shows the system's performance for pronouns broken down by two parameters, grammatical person and inter- vs. intrasentential antecedent. The system did quite well (78%) with third-person pronouns with intrasentential antecedents, the largest class of such pronouns. Part of the pronoun resolution performance here enables a preliminary comparison with the results reported in (1) (CITSEG) and (2) Kennedy and Boguraev 1996. For the third-person pronouns and reflexives, the performance was (1) 86% of 560 cases in five computer manuals and (2) 75% of 306 cases in twenty - seven Web page texts. The present FASTUS system correctly resolved 71% of 34 cases in five newspaper articles. This progressive decline in performance corresponds to the progressive decline in the amount of syntactic information in the input to reference resolution.",Lappin and Leass 1994,CoCoR0,,False,REF,"{""CFunc"": ""CoCoR0"", ""ID"": ""R-18"", ""LinkS"": ""decline""}"
Teufel_original_dataset/CFC_distribution/2006_paper_training/9707009.cfc-scixml,Part of the pronoun resolution performance here enables a preliminary comparison with the results reported in (1) Lappin and Leass 1994 and (2) Kennedy and Boguraev 1996.,Part of the pronoun resolution performance here enables a preliminary comparison with the results reported in (1) Lappin and Leass 1994 and (2) Kennedy and Boguraev 1996.,Part of the pronoun resolution performance here enables a preliminary comparison with the results reported in (1) Lappin and Leass 1994 and (2) (CITSEG).,S-91,91,DIV-6,There were not enough instances of reflexives to compare.,"Table shows the system's performance for pronouns broken down by two parameters, grammatical person and inter- vs. intrasentential antecedent.","The system did quite well (78%) with third-person pronouns with intrasentential antecedents, the largest class of such pronouns.","For the third-person pronouns and reflexives, the performance was (1) 86% of 560 cases in five computer manuals and (2) 75% of 306 cases in twenty - seven Web page texts.",The present FASTUS system correctly resolved 71% of 34 cases in five newspaper articles.,This progressive decline in performance corresponds to the progressive decline in the amount of syntactic information in the input to reference resolution.,"There were not enough instances of reflexives to compare. Table shows the system's performance for pronouns broken down by two parameters, grammatical person and inter- vs. intrasentential antecedent. The system did quite well (78%) with third-person pronouns with intrasentential antecedents, the largest class of such pronouns.","For the third-person pronouns and reflexives, the performance was (1) 86% of 560 cases in five computer manuals and (2) 75% of 306 cases in twenty - seven Web page texts. The present FASTUS system correctly resolved 71% of 34 cases in five newspaper articles. This progressive decline in performance corresponds to the progressive decline in the amount of syntactic information in the input to reference resolution.","There were not enough instances of reflexives to compare. Table shows the system's performance for pronouns broken down by two parameters, grammatical person and inter- vs. intrasentential antecedent. The system did quite well (78%) with third-person pronouns with intrasentential antecedents, the largest class of such pronouns. Part of the pronoun resolution performance here enables a preliminary comparison with the results reported in (1) Lappin and Leass 1994 and (2) Kennedy and Boguraev 1996. For the third-person pronouns and reflexives, the performance was (1) 86% of 560 cases in five computer manuals and (2) 75% of 306 cases in twenty - seven Web page texts. The present FASTUS system correctly resolved 71% of 34 cases in five newspaper articles. This progressive decline in performance corresponds to the progressive decline in the amount of syntactic information in the input to reference resolution.","There were not enough instances of reflexives to compare. Table shows the system's performance for pronouns broken down by two parameters, grammatical person and inter- vs. intrasentential antecedent. The system did quite well (78%) with third-person pronouns with intrasentential antecedents, the largest class of such pronouns. Part of the pronoun resolution performance here enables a preliminary comparison with the results reported in (1) Lappin and Leass 1994 and (2) (CITSEG). For the third-person pronouns and reflexives, the performance was (1) 86% of 560 cases in five computer manuals and (2) 75% of 306 cases in twenty - seven Web page texts. The present FASTUS system correctly resolved 71% of 34 cases in five newspaper articles. This progressive decline in performance corresponds to the progressive decline in the amount of syntactic information in the input to reference resolution.",Kennedy and Boguraev 1996,CoCoR0,,False,REF,"{""CFunc"": ""CoCoR0"", ""ID"": ""R-19""}"
Teufel_original_dataset/CFC_distribution/2006_paper_training/9503013.cfc-scixml,"In contrast, in dynamic semantics, the order in which states are updated is determined by semantic structure, not by left-to-right order (see e.g. Lewin 1992 for discussion).","In contrast, in dynamic semantics, the order in which states are updated is determined by semantic structure, not by left-to-right order (see e.g. Lewin 1992 for discussion).","In contrast, in dynamic semantics, the order in which states are updated is determined by semantic structure, not by left-to-right order (see e.g. (CITSEG) for discussion).",S-138,138,DIV-7,"Indeed, Groenendijk and Stokhof claim that the compositional nature of Dynamic Predicate Logic enables one to `` interpret a text in an on-line manner, i.e., incrementally, processing and interpreting each basic unit as it comes along, in the context created by the interpretation of the text so far ''.","Putting these two quotes together is, however, misleading, since it suggests a more direct mapping between incremental semantics and dynamic semantics than is actually possible.","In an incremental semantics, we would expect the information state of an interpreter to be updated word by word.","For example, in Dynamic Predicate Logic Groenendijk and Stokhof 1991, states are threaded from the antecedent of a conditional into the consequent, and from a restrictor of a quantifier into the body.","Thus, in interpreting,",the input state for evaluation of John will buy it right away is the output state from the antecedent a car impresses him.,"Indeed, Groenendijk and Stokhof claim that the compositional nature of Dynamic Predicate Logic enables one to `` interpret a text in an on-line manner, i.e., incrementally, processing and interpreting each basic unit as it comes along, in the context created by the interpretation of the text so far ''. Putting these two quotes together is, however, misleading, since it suggests a more direct mapping between incremental semantics and dynamic semantics than is actually possible. In an incremental semantics, we would expect the information state of an interpreter to be updated word by word.","For example, in Dynamic Predicate Logic Groenendijk and Stokhof 1991, states are threaded from the antecedent of a conditional into the consequent, and from a restrictor of a quantifier into the body. Thus, in interpreting, the input state for evaluation of John will buy it right away is the output state from the antecedent a car impresses him.","Indeed, Groenendijk and Stokhof claim that the compositional nature of Dynamic Predicate Logic enables one to `` interpret a text in an on-line manner, i.e., incrementally, processing and interpreting each basic unit as it comes along, in the context created by the interpretation of the text so far ''. Putting these two quotes together is, however, misleading, since it suggests a more direct mapping between incremental semantics and dynamic semantics than is actually possible. In an incremental semantics, we would expect the information state of an interpreter to be updated word by word. In contrast, in dynamic semantics, the order in which states are updated is determined by semantic structure, not by left-to-right order (see e.g. Lewin 1992 for discussion). For example, in Dynamic Predicate Logic Groenendijk and Stokhof 1991, states are threaded from the antecedent of a conditional into the consequent, and from a restrictor of a quantifier into the body. Thus, in interpreting, the input state for evaluation of John will buy it right away is the output state from the antecedent a car impresses him.","Indeed, Groenendijk and Stokhof claim that the compositional nature of Dynamic Predicate Logic enables one to `` interpret a text in an on-line manner, i.e., incrementally, processing and interpreting each basic unit as it comes along, in the context created by the interpretation of the text so far ''. Putting these two quotes together is, however, misleading, since it suggests a more direct mapping between incremental semantics and dynamic semantics than is actually possible. In an incremental semantics, we would expect the information state of an interpreter to be updated word by word. In contrast, in dynamic semantics, the order in which states are updated is determined by semantic structure, not by left-to-right order (see e.g. (CITSEG) for discussion). For example, in Dynamic Predicate Logic Groenendijk and Stokhof 1991, states are threaded from the antecedent of a conditional into the consequent, and from a restrictor of a quantifier into the body. Thus, in interpreting, the input state for evaluation of John will buy it right away is the output state from the antecedent a car impresses him.",Lewin 1992,CoCoGM,A,False,REF,"{""CFunc"": ""CoCoGM"", ""ID"": ""R-40"", ""LinkS"": "" In contrast (to incremental - title)"", ""TYPE"": ""A""}"
Teufel_original_dataset/CFC_distribution/2006_paper_training/9502005.cfc-scixml,"By combining the off-line optimization process with a mixed bottom-up / top-down evaluation strategy, we can refrain from a complete reformulation of the grammar as, for example, in Minnen et al. 1995.","By combining the off-line optimization process with a mixed bottom-up / top-down evaluation strategy, we can refrain from a complete reformulation of the grammar as, for example, in Minnen et al. 1995.","By combining the off-line optimization process with a mixed bottom-up / top-down evaluation strategy, we can refrain from a complete reformulation of the grammar as, for example, in (CITSEG).",S-32,32,DIV-2,This mixture of top-down and bottom-up information flow is crucial since the top-down semantic information from the goal category must be integrated with the bottom-up subcategorization information from the lexicon.,"A strict top-down evaluation strategy suffers from what may be called head-recursion, i.e. the generation analog of left recursion in parsing.","Shieber et al. 1990 show that a top-down evaluation strategy will fail for rules such as VP VP X, irrespective of the order of evaluation of the right-hand side categories in the rule.",,,,"This mixture of top-down and bottom-up information flow is crucial since the top-down semantic information from the goal category must be integrated with the bottom-up subcategorization information from the lexicon. A strict top-down evaluation strategy suffers from what may be called head-recursion, i.e. the generation analog of left recursion in parsing. Shieber et al. 1990 show that a top-down evaluation strategy will fail for rules such as VP VP X, irrespective of the order of evaluation of the right-hand side categories in the rule.",,"This mixture of top-down and bottom-up information flow is crucial since the top-down semantic information from the goal category must be integrated with the bottom-up subcategorization information from the lexicon. A strict top-down evaluation strategy suffers from what may be called head-recursion, i.e. the generation analog of left recursion in parsing. Shieber et al. 1990 show that a top-down evaluation strategy will fail for rules such as VP VP X, irrespective of the order of evaluation of the right-hand side categories in the rule. By combining the off-line optimization process with a mixed bottom-up / top-down evaluation strategy, we can refrain from a complete reformulation of the grammar as, for example, in Minnen et al. 1995.","This mixture of top-down and bottom-up information flow is crucial since the top-down semantic information from the goal category must be integrated with the bottom-up subcategorization information from the lexicon. A strict top-down evaluation strategy suffers from what may be called head-recursion, i.e. the generation analog of left recursion in parsing. Shieber et al. 1990 show that a top-down evaluation strategy will fail for rules such as VP VP X, irrespective of the order of evaluation of the right-hand side categories in the rule. By combining the off-line optimization process with a mixed bottom-up / top-down evaluation strategy, we can refrain from a complete reformulation of the grammar as, for example, in (CITSEG).",Minnen et al. 1995,CoCoGM,A,True,REF,"{""CFunc"": ""CoCoGM"", ""ID"": ""R-23"", ""LinkS"": ""refrain from..as , for example , in"", ""SELF"": ""YES"", ""TYPE"": ""A""}"
Teufel_original_dataset/CFC_distribution/2006_paper_training/9502005.cfc-scixml,"This indexing technique, as illustrated below, improves upon the more complex indices in Gerdemann 1991 and is closely related to OLDT-resolution Tamaki and Sato 1986.","This indexing technique, as illustrated below, improves upon the more complex indices in Gerdemann 1991 and is closely related to OLDT-resolution Tamaki and Sato 1986.","This indexing technique, as illustrated below, improves upon the more complex indices in (CITSEG) and is closely related to OLDT-resolution Tamaki and Sato 1986.",S-37,37,DIV-2 > DIV-3,Three optimizations were especially helpful.,"The first supplies each edge in the chart with two indices, a backward index pointing to the state in the chart that the edge is predicted from, and a forward index pointing to the states that are predicted from the edge.","By matching forward and backward indices, the edges that must be combined for completion can be located faster.",Active edge 2 resulted from active edge 1 through prediction.,The backward index of edge 2 is therefore identified with the forward index of edge 1.,Completion of an active edge results in an edge with identical backward index.,"Three optimizations were especially helpful. The first supplies each edge in the chart with two indices, a backward index pointing to the state in the chart that the edge is predicted from, and a forward index pointing to the states that are predicted from the edge. By matching forward and backward indices, the edges that must be combined for completion can be located faster.",Active edge 2 resulted from active edge 1 through prediction. The backward index of edge 2 is therefore identified with the forward index of edge 1. Completion of an active edge results in an edge with identical backward index.,"Three optimizations were especially helpful. The first supplies each edge in the chart with two indices, a backward index pointing to the state in the chart that the edge is predicted from, and a forward index pointing to the states that are predicted from the edge. By matching forward and backward indices, the edges that must be combined for completion can be located faster. This indexing technique, as illustrated below, improves upon the more complex indices in Gerdemann 1991 and is closely related to OLDT-resolution Tamaki and Sato 1986. Active edge 2 resulted from active edge 1 through prediction. The backward index of edge 2 is therefore identified with the forward index of edge 1. Completion of an active edge results in an edge with identical backward index.","Three optimizations were especially helpful. The first supplies each edge in the chart with two indices, a backward index pointing to the state in the chart that the edge is predicted from, and a forward index pointing to the states that are predicted from the edge. By matching forward and backward indices, the edges that must be combined for completion can be located faster. This indexing technique, as illustrated below, improves upon the more complex indices in (CITSEG) and is closely related to OLDT-resolution Tamaki and Sato 1986. Active edge 2 resulted from active edge 1 through prediction. The backward index of edge 2 is therefore identified with the forward index of edge 1. Completion of an active edge results in an edge with identical backward index.",Gerdemann 1991,CoCo-,A,True,REF,"{""CFunc"": ""CoCo-"", ""ID"": ""R-25"", ""LinkS"": "" improves upon"", ""SELF"": ""YES"", ""TYPE"": ""A""}"
Teufel_original_dataset/CFC_distribution/2006_paper_training/9504030.cfc-scixml,"In Black et al. 1993, IBM 's parser was evaluated using the 0-crossing - brackets measure, which represents the percentage of sentences for which none of the constituents in the parser 's parse violates the constituent boundaries of any constituent in the correct parse.","In Black et al. 1993, IBM 's parser was evaluated using the 0-crossing - brackets measure, which represents the percentage of sentences for which none of the constituents in the parser 's parse violates the constituent boundaries of any constituent in the correct parse.","In (CITSEG), IBM 's parser was evaluated using the 0-crossing - brackets measure, which represents the percentage of sentences for which none of the constituents in the parser 's parse violates the constituent boundaries of any constituent in the correct parse.",S-154,154,DIV-12 > DIV-13,"The parser was trained on the first 30,800 sentences from the Lancaster treebank.","The test set included 1,473 new sentences, whose lengths range from 3 to 30 words, with a mean length of 13.7 words.",These sentences are the same test sentences used in the experiments reported for IBM 's parser in Black et al. 1993.,"After over ten years of grammar development, the IBM parser achieved a 0-crossing - brackets score of 69 %.","On this same test set, SPATTER scored 76 %.",,"The parser was trained on the first 30,800 sentences from the Lancaster treebank. The test set included 1,473 new sentences, whose lengths range from 3 to 30 words, with a mean length of 13.7 words. These sentences are the same test sentences used in the experiments reported for IBM 's parser in Black et al. 1993.","After over ten years of grammar development, the IBM parser achieved a 0-crossing - brackets score of 69 %. On this same test set, SPATTER scored 76 %.","The parser was trained on the first 30,800 sentences from the Lancaster treebank. The test set included 1,473 new sentences, whose lengths range from 3 to 30 words, with a mean length of 13.7 words. These sentences are the same test sentences used in the experiments reported for IBM 's parser in Black et al. 1993. In Black et al. 1993, IBM 's parser was evaluated using the 0-crossing - brackets measure, which represents the percentage of sentences for which none of the constituents in the parser 's parse violates the constituent boundaries of any constituent in the correct parse. After over ten years of grammar development, the IBM parser achieved a 0-crossing - brackets score of 69 %. On this same test set, SPATTER scored 76 %.","The parser was trained on the first 30,800 sentences from the Lancaster treebank. The test set included 1,473 new sentences, whose lengths range from 3 to 30 words, with a mean length of 13.7 words. These sentences are the same test sentences used in the experiments reported for IBM 's parser in Black et al. 1993. In (CITSEG), IBM 's parser was evaluated using the 0-crossing - brackets measure, which represents the percentage of sentences for which none of the constituents in the parser 's parse violates the constituent boundaries of any constituent in the correct parse. After over ten years of grammar development, the IBM parser achieved a 0-crossing - brackets score of 69 %. On this same test set, SPATTER scored 76 %.",Black et al. 1993,CoCo-,A,False,REF,"{""CFunc"": ""CoCo-"", ""ID"": ""R-9"", ""TYPE"": ""A""}"
Teufel_original_dataset/CFC_distribution/2006_paper_training/9502015.cfc-scixml,"We will present an analysis that preserves the intuition underlying Partee and Rooth 's processing strategy, but that predicts and generates the correct reading for cases such as.","We will present an analysis that preserves the intuition underlying Partee and Rooth 's processing strategy, but that predicts and generates the correct reading for cases such as.","We will present an analysis that preserves the intuition underlying (CITSEG) 's processing strategy, but that predicts and generates the correct reading for cases such as.",S-50,50,DIV-2 > DIV-4,"Further, there does not seem to be an obvious way to modify the Partee and Rooth proposal so as to produce the correct result, the problem being that the ability to copy quantifiers inherent in their schema is too unrestricted.","A second problem with the account is that, as with Steedman 's coordination schema, Partee and Rooth 's type-raising strategy only applies to coordinate structures.","However, the need to type-raise extends to cases not involving coordination, as in sentence.","Furthermore, the account applies equally to examples not involving coordination, as is the case in sentence.",,,"Further, there does not seem to be an obvious way to modify the Partee and Rooth proposal so as to produce the correct result, the problem being that the ability to copy quantifiers inherent in their schema is too unrestricted. A second problem with the account is that, as with Steedman 's coordination schema, Partee and Rooth 's type-raising strategy only applies to coordinate structures. However, the need to type-raise extends to cases not involving coordination, as in sentence.","Furthermore, the account applies equally to examples not involving coordination, as is the case in sentence.","Further, there does not seem to be an obvious way to modify the Partee and Rooth proposal so as to produce the correct result, the problem being that the ability to copy quantifiers inherent in their schema is too unrestricted. A second problem with the account is that, as with Steedman 's coordination schema, Partee and Rooth 's type-raising strategy only applies to coordinate structures. However, the need to type-raise extends to cases not involving coordination, as in sentence. We will present an analysis that preserves the intuition underlying Partee and Rooth 's processing strategy, but that predicts and generates the correct reading for cases such as. Furthermore, the account applies equally to examples not involving coordination, as is the case in sentence.","Further, there does not seem to be an obvious way to modify the Partee and Rooth proposal so as to produce the correct result, the problem being that the ability to copy quantifiers inherent in their schema is too unrestricted. A second problem with the account is that, as with Steedman 's coordination schema, Partee and Rooth 's type-raising strategy only applies to coordinate structures. However, the need to type-raise extends to cases not involving coordination, as in sentence. We will present an analysis that preserves the intuition underlying (CITSEG) 's processing strategy, but that predicts and generates the correct reading for cases such as. Furthermore, the account applies equally to examples not involving coordination, as is the case in sentence.",Partee and Rooth,CoCo-,,False,REFAUTHOR,"{""CFunc"": ""CoCo-"", ""ID"": ""R-20"", ""LinkS"": ""but that predicts and generates the correct reading""}"
Teufel_original_dataset/CFC_distribution/2006_paper_training/9502015.cfc-scixml,"Also, it allows some flexibility in cases where pragmatics strongly suggests that quantifiers are copied and distributed for multiple extensional verbs; unlike the Partee and Rooth account, this would apply equally to the case where there are also intensional verbs and the case where there are not.","Also, it allows some flexibility in cases where pragmatics strongly suggests that quantifiers are copied and distributed for multiple extensional verbs; unlike the Partee and Rooth account, this would apply equally to the case where there are also intensional verbs and the case where there are not.","Also, it allows some flexibility in cases where pragmatics strongly suggests that quantifiers are copied and distributed for multiple extensional verbs; unlike the (CITSEG) account, this would apply equally to the case where there are also intensional verbs and the case where there are not.",S-146,146,DIV-9,This strategy predicts the readings generated for the examples in Section.,"It also predicts the desired reading for sentence, since that reading requires two quantifiers.","While the reading generated by Partee and Rooth is derivable, it requires three quantifiers and thus uses QNP duplication twice, which is less preferred than the reading requiring two quantifiers which uses QNP duplication once.","Finally, our account readily applies to cases of intensional verbs without coordination as in example, since it applies more generally to cases of resource sharing.",,,"This strategy predicts the readings generated for the examples in Section. It also predicts the desired reading for sentence, since that reading requires two quantifiers. While the reading generated by Partee and Rooth is derivable, it requires three quantifiers and thus uses QNP duplication twice, which is less preferred than the reading requiring two quantifiers which uses QNP duplication once.","Finally, our account readily applies to cases of intensional verbs without coordination as in example, since it applies more generally to cases of resource sharing.","This strategy predicts the readings generated for the examples in Section. It also predicts the desired reading for sentence, since that reading requires two quantifiers. While the reading generated by Partee and Rooth is derivable, it requires three quantifiers and thus uses QNP duplication twice, which is less preferred than the reading requiring two quantifiers which uses QNP duplication once. Also, it allows some flexibility in cases where pragmatics strongly suggests that quantifiers are copied and distributed for multiple extensional verbs; unlike the Partee and Rooth account, this would apply equally to the case where there are also intensional verbs and the case where there are not. Finally, our account readily applies to cases of intensional verbs without coordination as in example, since it applies more generally to cases of resource sharing.","This strategy predicts the readings generated for the examples in Section. It also predicts the desired reading for sentence, since that reading requires two quantifiers. While the reading generated by Partee and Rooth is derivable, it requires three quantifiers and thus uses QNP duplication twice, which is less preferred than the reading requiring two quantifiers which uses QNP duplication once. Also, it allows some flexibility in cases where pragmatics strongly suggests that quantifiers are copied and distributed for multiple extensional verbs; unlike the (CITSEG) account, this would apply equally to the case where there are also intensional verbs and the case where there are not. Finally, our account readily applies to cases of intensional verbs without coordination as in example, since it applies more generally to cases of resource sharing.",Partee and Rooth,CoCoGM,,False,REFAUTHOR,"{""CFunc"": ""CoCoGM"", ""ID"": ""R-33"", ""LinkS"": ""unlike""}"
Teufel_original_dataset/CFC_distribution/2006_paper_training/9502015.cfc-scixml,"Furthermore, it lends itself readily to an extension for the intensional verb case that has advantages over the widely-assumed account of Partee and Rooth 1983.","Furthermore, it lends itself readily to an extension for the intensional verb case that has advantages over the widely-assumed account of Partee and Rooth 1983.","Furthermore, it lends itself readily to an extension for the intensional verb case that has advantages over the widely-assumed account of (CITSEG).",S-151,151,DIV-10,We have given an account of resource sharing in the syntax / semantics interface of LFG.,The multiple use of semantic contributions results from viewing dependencies in f-structures as resources; in this way the one-to-one correspondence between f-structure relations and meanings is maintained.,"The resulting account does not suffer from overgeneration inherent in other approaches, and applies equally to cases of resource sharing that do not involve coordination.",Here we have separated the issue of arriving at the appropriate f-structure in the syntax from the issue of deriving the correct semantics from the f-structure.,"We have argued that this is the correct distinction to make, and have given a treatment of the second issue.",A treatment of the first issue will be articulated in a future forum.,"We have given an account of resource sharing in the syntax / semantics interface of LFG. The multiple use of semantic contributions results from viewing dependencies in f-structures as resources; in this way the one-to-one correspondence between f-structure relations and meanings is maintained. The resulting account does not suffer from overgeneration inherent in other approaches, and applies equally to cases of resource sharing that do not involve coordination.","Here we have separated the issue of arriving at the appropriate f-structure in the syntax from the issue of deriving the correct semantics from the f-structure. We have argued that this is the correct distinction to make, and have given a treatment of the second issue. A treatment of the first issue will be articulated in a future forum.","We have given an account of resource sharing in the syntax / semantics interface of LFG. The multiple use of semantic contributions results from viewing dependencies in f-structures as resources; in this way the one-to-one correspondence between f-structure relations and meanings is maintained. The resulting account does not suffer from overgeneration inherent in other approaches, and applies equally to cases of resource sharing that do not involve coordination. Furthermore, it lends itself readily to an extension for the intensional verb case that has advantages over the widely-assumed account of Partee and Rooth 1983. Here we have separated the issue of arriving at the appropriate f-structure in the syntax from the issue of deriving the correct semantics from the f-structure. We have argued that this is the correct distinction to make, and have given a treatment of the second issue. A treatment of the first issue will be articulated in a future forum.","We have given an account of resource sharing in the syntax / semantics interface of LFG. The multiple use of semantic contributions results from viewing dependencies in f-structures as resources; in this way the one-to-one correspondence between f-structure relations and meanings is maintained. The resulting account does not suffer from overgeneration inherent in other approaches, and applies equally to cases of resource sharing that do not involve coordination. Furthermore, it lends itself readily to an extension for the intensional verb case that has advantages over the widely-assumed account of (CITSEG). Here we have separated the issue of arriving at the appropriate f-structure in the syntax from the issue of deriving the correct semantics from the f-structure. We have argued that this is the correct distinction to make, and have given a treatment of the second issue. A treatment of the first issue will be articulated in a future forum.",Partee and Rooth 1983,CoCo-,A,False,REF,"{""CFunc"": ""CoCo-"", ""ID"": ""R-34"", ""LinkS"": ""has advantages over"", ""TYPE"": ""A""}"
Teufel_original_dataset/CFC_distribution/2006_paper_training/9808009.cfc-scixml,"Recently, Kruijff 1997 has given a categorial-style formulation of these ordering rules.","Recently, Kruijff 1997 has given a categorial-style formulation of these ordering rules.","Recently, (CITSEG) has given a categorial-style formulation of these ordering rules.",S-31,31,DIV-2 > DIV-3,,"Sgall et al. 1986 assumes a language-independent underlying order, which is represented as a projective dependency tree.",This abstract representation of the sentence is mapped via ordering rules to the concrete surface realization.,"He assumes associative categorial operators, permuting the arguments to yield the surface ordering.","One difference to our proposal is that we argue for a representational account of word order (based on valid structures representing word order), eschewing the non-determinism introduced by unary categorial operators; the second difference is the avoidance of an underlying structure, which stratifies the theory and makes incremental processing difficult.",,"Sgall et al. 1986 assumes a language-independent underlying order, which is represented as a projective dependency tree. This abstract representation of the sentence is mapped via ordering rules to the concrete surface realization.","He assumes associative categorial operators, permuting the arguments to yield the surface ordering. One difference to our proposal is that we argue for a representational account of word order (based on valid structures representing word order), eschewing the non-determinism introduced by unary categorial operators; the second difference is the avoidance of an underlying structure, which stratifies the theory and makes incremental processing difficult.","Sgall et al. 1986 assumes a language-independent underlying order, which is represented as a projective dependency tree. This abstract representation of the sentence is mapped via ordering rules to the concrete surface realization. Recently, Kruijff 1997 has given a categorial-style formulation of these ordering rules. He assumes associative categorial operators, permuting the arguments to yield the surface ordering. One difference to our proposal is that we argue for a representational account of word order (based on valid structures representing word order), eschewing the non-determinism introduced by unary categorial operators; the second difference is the avoidance of an underlying structure, which stratifies the theory and makes incremental processing difficult.","Sgall et al. 1986 assumes a language-independent underlying order, which is represented as a projective dependency tree. This abstract representation of the sentence is mapped via ordering rules to the concrete surface realization. Recently, (CITSEG) has given a categorial-style formulation of these ordering rules. He assumes associative categorial operators, permuting the arguments to yield the surface ordering. One difference to our proposal is that we argue for a representational account of word order (based on valid structures representing word order), eschewing the non-determinism introduced by unary categorial operators; the second difference is the avoidance of an underlying structure, which stratifies the theory and makes incremental processing difficult.",Kruijff 1997,CoCoGM,,False,REF,"{""CFunc"": ""CoCoGM"", ""ID"": ""R-10"", ""LinkS"": ""difference""}"
Teufel_original_dataset/CFC_distribution/2006_paper_training/9408011.cfc-scixml,"While it may be worthwhile to base such a model on preexisting sense classes Resnik 1992, in the work described here we look at how to derive the classes directly from distributional data.","While it may be worthwhile to base such a model on preexisting sense classes Resnik 1992, in the work described here we look at how to derive the classes directly from distributional data.","While it may be worthwhile to base such a model on preexisting sense classes (CITSEG), in the work described here we look at how to derive the classes directly from distributional data.",S-11,11,DIV-1,"In Hindle 's proposal, words are similar if we have strong statistical evidence that they tend to participate in the same events.","His notion of similarity seems to agree with our intuitions in many cases, but it is not clear how it can be used directly to construct word classes and corresponding models of association.","Our research addresses some of the same questions and uses similar raw data, but we investigate how to factor word association tendencies into associations of words to certain hidden senses classes and associations between the classes themselves.","More specifically, we model senses as probabilistic concepts or clusters c with corresponding cluster membership probabilities for each word w.",Most other class-based modeling techniques for natural language rely instead on `` hard '' Boolean classes Brown et al. 1990.,"Class construction is then combinatorially very demanding and depends on frequency counts for joint events involving particular words, a potentially unreliable source of information as we noted above.","In Hindle 's proposal, words are similar if we have strong statistical evidence that they tend to participate in the same events. His notion of similarity seems to agree with our intuitions in many cases, but it is not clear how it can be used directly to construct word classes and corresponding models of association. Our research addresses some of the same questions and uses similar raw data, but we investigate how to factor word association tendencies into associations of words to certain hidden senses classes and associations between the classes themselves.","More specifically, we model senses as probabilistic concepts or clusters c with corresponding cluster membership probabilities for each word w. Most other class-based modeling techniques for natural language rely instead on `` hard '' Boolean classes Brown et al. 1990. Class construction is then combinatorially very demanding and depends on frequency counts for joint events involving particular words, a potentially unreliable source of information as we noted above.","In Hindle 's proposal, words are similar if we have strong statistical evidence that they tend to participate in the same events. His notion of similarity seems to agree with our intuitions in many cases, but it is not clear how it can be used directly to construct word classes and corresponding models of association. Our research addresses some of the same questions and uses similar raw data, but we investigate how to factor word association tendencies into associations of words to certain hidden senses classes and associations between the classes themselves. While it may be worthwhile to base such a model on preexisting sense classes Resnik 1992, in the work described here we look at how to derive the classes directly from distributional data. More specifically, we model senses as probabilistic concepts or clusters c with corresponding cluster membership probabilities for each word w. Most other class-based modeling techniques for natural language rely instead on `` hard '' Boolean classes Brown et al. 1990. Class construction is then combinatorially very demanding and depends on frequency counts for joint events involving particular words, a potentially unreliable source of information as we noted above.","In Hindle 's proposal, words are similar if we have strong statistical evidence that they tend to participate in the same events. His notion of similarity seems to agree with our intuitions in many cases, but it is not clear how it can be used directly to construct word classes and corresponding models of association. Our research addresses some of the same questions and uses similar raw data, but we investigate how to factor word association tendencies into associations of words to certain hidden senses classes and associations between the classes themselves. While it may be worthwhile to base such a model on preexisting sense classes (CITSEG), in the work described here we look at how to derive the classes directly from distributional data. More specifically, we model senses as probabilistic concepts or clusters c with corresponding cluster membership probabilities for each word w. Most other class-based modeling techniques for natural language rely instead on `` hard '' Boolean classes Brown et al. 1990. Class construction is then combinatorially very demanding and depends on frequency counts for joint events involving particular words, a potentially unreliable source of information as we noted above.",Resnik 1992,CoCoGM,P,False,REF,"{""CFunc"": ""CoCoGM"", ""ID"": ""R-2"", ""LinkS"": ""while"", ""TYPE"": ""P""}"
Teufel_original_dataset/CFC_distribution/2006_paper_training/9408011.cfc-scixml,Most other class-based modeling techniques for natural language rely instead on `` hard '' Boolean classes Brown et al. 1990.,Most other class-based modeling techniques for natural language rely instead on `` hard '' Boolean classes Brown et al. 1990.,Most other class-based modeling techniques for natural language rely instead on `` hard '' Boolean classes (CITSEG).,S-13,13,DIV-1,"Our research addresses some of the same questions and uses similar raw data, but we investigate how to factor word association tendencies into associations of words to certain hidden senses classes and associations between the classes themselves.","While it may be worthwhile to base such a model on preexisting sense classes Resnik 1992, in the work described here we look at how to derive the classes directly from distributional data.","More specifically, we model senses as probabilistic concepts or clusters c with corresponding cluster membership probabilities for each word w.","Class construction is then combinatorially very demanding and depends on frequency counts for joint events involving particular words, a potentially unreliable source of information as we noted above.",Our approach avoids both problems.,,"Our research addresses some of the same questions and uses similar raw data, but we investigate how to factor word association tendencies into associations of words to certain hidden senses classes and associations between the classes themselves. While it may be worthwhile to base such a model on preexisting sense classes Resnik 1992, in the work described here we look at how to derive the classes directly from distributional data. More specifically, we model senses as probabilistic concepts or clusters c with corresponding cluster membership probabilities for each word w.","Class construction is then combinatorially very demanding and depends on frequency counts for joint events involving particular words, a potentially unreliable source of information as we noted above. Our approach avoids both problems.","Our research addresses some of the same questions and uses similar raw data, but we investigate how to factor word association tendencies into associations of words to certain hidden senses classes and associations between the classes themselves. While it may be worthwhile to base such a model on preexisting sense classes Resnik 1992, in the work described here we look at how to derive the classes directly from distributional data. More specifically, we model senses as probabilistic concepts or clusters c with corresponding cluster membership probabilities for each word w. Most other class-based modeling techniques for natural language rely instead on `` hard '' Boolean classes Brown et al. 1990. Class construction is then combinatorially very demanding and depends on frequency counts for joint events involving particular words, a potentially unreliable source of information as we noted above. Our approach avoids both problems.","Our research addresses some of the same questions and uses similar raw data, but we investigate how to factor word association tendencies into associations of words to certain hidden senses classes and associations between the classes themselves. While it may be worthwhile to base such a model on preexisting sense classes Resnik 1992, in the work described here we look at how to derive the classes directly from distributional data. More specifically, we model senses as probabilistic concepts or clusters c with corresponding cluster membership probabilities for each word w. Most other class-based modeling techniques for natural language rely instead on `` hard '' Boolean classes (CITSEG). Class construction is then combinatorially very demanding and depends on frequency counts for joint events involving particular words, a potentially unreliable source of information as we noted above. Our approach avoids both problems.",Brown et al. 1990,CoCoGM,P,False,REF,"{""CFunc"": ""CoCoGM"", ""ID"": ""R-3"", ""LinkS"": ""ely instead on "", ""TYPE"": ""P""}"
Teufel_original_dataset/CFC_distribution/2006_paper_training/9504034.cfc-scixml,"In this paper, we describe a corpus-based induction algorithm for probabilistic context-free grammars that outperforms n-gram models and the Inside-Outside algorithm Baker 1979 in medium-sized domains.","In this paper, we describe a corpus-based induction algorithm for probabilistic context-free grammars that outperforms n-gram models and the Inside-Outside algorithm Baker 1979 in medium-sized domains.","In this paper, we describe a corpus-based induction algorithm for probabilistic context-free grammars that outperforms n-gram models and the Inside-Outside algorithm (CITSEG) in medium-sized domains.",S-7,7,DIV-1,An appealing alternative is grammar-based language models.,"Language models expressed as a probabilistic grammar tend to be more compact than n-gram language models, and have the ability to model long-distance dependencies Lari and Young 1990, Resnik 1992, Schabes 1992.","However, to date there has been little success in constructing grammar-based language models competitive with n-gram models in problems of any magnitude.",This result marks the first time a grammar-based language model has surpassed n-gram modeling in a task of at least moderate size.,"The algorithm employs a greedy heuristic search within a Bayes -ian framework, and a post-pass using the Inside-Outside algorithm.",,"An appealing alternative is grammar-based language models. Language models expressed as a probabilistic grammar tend to be more compact than n-gram language models, and have the ability to model long-distance dependencies Lari and Young 1990, Resnik 1992, Schabes 1992. However, to date there has been little success in constructing grammar-based language models competitive with n-gram models in problems of any magnitude.","This result marks the first time a grammar-based language model has surpassed n-gram modeling in a task of at least moderate size. The algorithm employs a greedy heuristic search within a Bayes -ian framework, and a post-pass using the Inside-Outside algorithm.","An appealing alternative is grammar-based language models. Language models expressed as a probabilistic grammar tend to be more compact than n-gram language models, and have the ability to model long-distance dependencies Lari and Young 1990, Resnik 1992, Schabes 1992. However, to date there has been little success in constructing grammar-based language models competitive with n-gram models in problems of any magnitude. In this paper, we describe a corpus-based induction algorithm for probabilistic context-free grammars that outperforms n-gram models and the Inside-Outside algorithm Baker 1979 in medium-sized domains. This result marks the first time a grammar-based language model has surpassed n-gram modeling in a task of at least moderate size. The algorithm employs a greedy heuristic search within a Bayes -ian framework, and a post-pass using the Inside-Outside algorithm.","An appealing alternative is grammar-based language models. Language models expressed as a probabilistic grammar tend to be more compact than n-gram language models, and have the ability to model long-distance dependencies Lari and Young 1990, Resnik 1992, Schabes 1992. However, to date there has been little success in constructing grammar-based language models competitive with n-gram models in problems of any magnitude. In this paper, we describe a corpus-based induction algorithm for probabilistic context-free grammars that outperforms n-gram models and the Inside-Outside algorithm (CITSEG) in medium-sized domains. This result marks the first time a grammar-based language model has surpassed n-gram modeling in a task of at least moderate size. The algorithm employs a greedy heuristic search within a Bayes -ian framework, and a post-pass using the Inside-Outside algorithm.",Baker 1979,CoCo-,P,False,REF,"{""CFunc"": ""CoCo-"", ""ID"": ""R-10"", ""LinkS"": ""outperforms "", ""TYPE"": ""P""}"
Teufel_original_dataset/CFC_distribution/2006_paper_training/9504034.cfc-scixml,Similar research includes work by Cook et al. 1976 and Stolcke and Omohundro 1994.,Similar research includes work by Cook et al. 1976 and Stolcke and Omohundro 1994.,Similar research includes work by (CITSEG) and Stolcke and Omohundro 1994.,S-109,109,DIV-8,,"As mentioned, this work employs the Bayes -ian grammar induction framework described by Solomonoff 1960, Solomonoff 1964.","However, Solomonoff does not specify a concrete search algorithm and only makes suggestions as to its nature.",This work also employs a heuristic search within a Bayes -ian framework.,"However, a different prior probability on grammars is used, and the algorithms are only efficient enough to be applied to small data sets.","The grammar induction algorithms most successful in language modeling include the Inside-Outside algorithm Lari and Young 1990, Lari and Young 1991, Pereira and Schabes 1992, a special case of the Expectation-Maximization algorithm Dempster et al. 1977, and work by McCandless 1993.","As mentioned, this work employs the Bayes -ian grammar induction framework described by Solomonoff 1960, Solomonoff 1964. However, Solomonoff does not specify a concrete search algorithm and only makes suggestions as to its nature.","This work also employs a heuristic search within a Bayes -ian framework. However, a different prior probability on grammars is used, and the algorithms are only efficient enough to be applied to small data sets. The grammar induction algorithms most successful in language modeling include the Inside-Outside algorithm Lari and Young 1990, Lari and Young 1991, Pereira and Schabes 1992, a special case of the Expectation-Maximization algorithm Dempster et al. 1977, and work by McCandless 1993.","As mentioned, this work employs the Bayes -ian grammar induction framework described by Solomonoff 1960, Solomonoff 1964. However, Solomonoff does not specify a concrete search algorithm and only makes suggestions as to its nature. Similar research includes work by Cook et al. 1976 and Stolcke and Omohundro 1994. This work also employs a heuristic search within a Bayes -ian framework. However, a different prior probability on grammars is used, and the algorithms are only efficient enough to be applied to small data sets. The grammar induction algorithms most successful in language modeling include the Inside-Outside algorithm Lari and Young 1990, Lari and Young 1991, Pereira and Schabes 1992, a special case of the Expectation-Maximization algorithm Dempster et al. 1977, and work by McCandless 1993.","As mentioned, this work employs the Bayes -ian grammar induction framework described by Solomonoff 1960, Solomonoff 1964. However, Solomonoff does not specify a concrete search algorithm and only makes suggestions as to its nature. Similar research includes work by (CITSEG) and Stolcke and Omohundro 1994. This work also employs a heuristic search within a Bayes -ian framework. However, a different prior probability on grammars is used, and the algorithms are only efficient enough to be applied to small data sets. The grammar induction algorithms most successful in language modeling include the Inside-Outside algorithm Lari and Young 1990, Lari and Young 1991, Pereira and Schabes 1992, a special case of the Expectation-Maximization algorithm Dempster et al. 1977, and work by McCandless 1993.",Cook et al. 1976,CoCoGM,A,False,REF,"{""CFunc"": ""CoCoGM"", ""ID"": ""R-24"", ""LinkS"": ""a different "", ""TYPE"": ""A""}"
Teufel_original_dataset/CFC_distribution/2006_paper_training/9504034.cfc-scixml,Similar research includes work by Cook et al. 1976 and Stolcke and Omohundro 1994.,Similar research includes work by Cook et al. 1976 and Stolcke and Omohundro 1994.,Similar research includes work by Cook et al. 1976 and (CITSEG).,S-109,109,DIV-8,,"As mentioned, this work employs the Bayes -ian grammar induction framework described by Solomonoff 1960, Solomonoff 1964.","However, Solomonoff does not specify a concrete search algorithm and only makes suggestions as to its nature.",This work also employs a heuristic search within a Bayes -ian framework.,"However, a different prior probability on grammars is used, and the algorithms are only efficient enough to be applied to small data sets.","The grammar induction algorithms most successful in language modeling include the Inside-Outside algorithm Lari and Young 1990, Lari and Young 1991, Pereira and Schabes 1992, a special case of the Expectation-Maximization algorithm Dempster et al. 1977, and work by McCandless 1993.","As mentioned, this work employs the Bayes -ian grammar induction framework described by Solomonoff 1960, Solomonoff 1964. However, Solomonoff does not specify a concrete search algorithm and only makes suggestions as to its nature.","This work also employs a heuristic search within a Bayes -ian framework. However, a different prior probability on grammars is used, and the algorithms are only efficient enough to be applied to small data sets. The grammar induction algorithms most successful in language modeling include the Inside-Outside algorithm Lari and Young 1990, Lari and Young 1991, Pereira and Schabes 1992, a special case of the Expectation-Maximization algorithm Dempster et al. 1977, and work by McCandless 1993.","As mentioned, this work employs the Bayes -ian grammar induction framework described by Solomonoff 1960, Solomonoff 1964. However, Solomonoff does not specify a concrete search algorithm and only makes suggestions as to its nature. Similar research includes work by Cook et al. 1976 and Stolcke and Omohundro 1994. This work also employs a heuristic search within a Bayes -ian framework. However, a different prior probability on grammars is used, and the algorithms are only efficient enough to be applied to small data sets. The grammar induction algorithms most successful in language modeling include the Inside-Outside algorithm Lari and Young 1990, Lari and Young 1991, Pereira and Schabes 1992, a special case of the Expectation-Maximization algorithm Dempster et al. 1977, and work by McCandless 1993.","As mentioned, this work employs the Bayes -ian grammar induction framework described by Solomonoff 1960, Solomonoff 1964. However, Solomonoff does not specify a concrete search algorithm and only makes suggestions as to its nature. Similar research includes work by Cook et al. 1976 and (CITSEG). This work also employs a heuristic search within a Bayes -ian framework. However, a different prior probability on grammars is used, and the algorithms are only efficient enough to be applied to small data sets. The grammar induction algorithms most successful in language modeling include the Inside-Outside algorithm Lari and Young 1990, Lari and Young 1991, Pereira and Schabes 1992, a special case of the Expectation-Maximization algorithm Dempster et al. 1977, and work by McCandless 1993.",Stolcke and Omohundro 1994,CoCoGM,A,False,REF,"{""CFunc"": ""CoCoGM"", ""ID"": ""R-25"", ""TYPE"": ""A""}"
Teufel_original_dataset/CFC_distribution/2006_paper_training/9504034.cfc-scixml,"In the latter work, McCandless uses a heuristic search procedure similar to ours, but a very different search criteria.","In the latter work, McCandless uses a heuristic search procedure similar to ours, but a very different search criteria.","In the latter work, (CITSEG) uses a heuristic search procedure similar to ours, but a very different search criteria.",S-113,113,DIV-8,This work also employs a heuristic search within a Bayes -ian framework.,"However, a different prior probability on grammars is used, and the algorithms are only efficient enough to be applied to small data sets.","The grammar induction algorithms most successful in language modeling include the Inside-Outside algorithm Lari and Young 1990, Lari and Young 1991, Pereira and Schabes 1992, a special case of the Expectation-Maximization algorithm Dempster et al. 1977, and work by McCandless 1993.","To our knowledge, neither algorithm has surpassed the performance of n-gram models in a language modeling task of substantial scale.",,,"This work also employs a heuristic search within a Bayes -ian framework. However, a different prior probability on grammars is used, and the algorithms are only efficient enough to be applied to small data sets. The grammar induction algorithms most successful in language modeling include the Inside-Outside algorithm Lari and Young 1990, Lari and Young 1991, Pereira and Schabes 1992, a special case of the Expectation-Maximization algorithm Dempster et al. 1977, and work by McCandless 1993.","To our knowledge, neither algorithm has surpassed the performance of n-gram models in a language modeling task of substantial scale.","This work also employs a heuristic search within a Bayes -ian framework. However, a different prior probability on grammars is used, and the algorithms are only efficient enough to be applied to small data sets. The grammar induction algorithms most successful in language modeling include the Inside-Outside algorithm Lari and Young 1990, Lari and Young 1991, Pereira and Schabes 1992, a special case of the Expectation-Maximization algorithm Dempster et al. 1977, and work by McCandless 1993. In the latter work, McCandless uses a heuristic search procedure similar to ours, but a very different search criteria. To our knowledge, neither algorithm has surpassed the performance of n-gram models in a language modeling task of substantial scale.","This work also employs a heuristic search within a Bayes -ian framework. However, a different prior probability on grammars is used, and the algorithms are only efficient enough to be applied to small data sets. The grammar induction algorithms most successful in language modeling include the Inside-Outside algorithm Lari and Young 1990, Lari and Young 1991, Pereira and Schabes 1992, a special case of the Expectation-Maximization algorithm Dempster et al. 1977, and work by McCandless 1993. In the latter work, (CITSEG) uses a heuristic search procedure similar to ours, but a very different search criteria. To our knowledge, neither algorithm has surpassed the performance of n-gram models in a language modeling task of substantial scale.",McCandless,CoCoGM,,False,REFAUTHOR,"{""CFunc"": ""CoCoGM"", ""ID"": ""R-32"", ""LinkS"": ""but a very different""}"
Teufel_original_dataset/CFC_distribution/2006_paper_training/9502023.cfc-scixml,"This separation allows for an analysis in DRT of temporal subordinate clauses in quantified sentences, which avoids Partee 's problem altogether.","This separation allows for an analysis in DRT of temporal subordinate clauses in quantified sentences, which avoids Partee 's problem altogether.","This separation allows for an analysis in DRT of temporal subordinate clauses in quantified sentences, which avoids (CITSEG) 's problem altogether.",S-90,90,DIV-7,,Our analysis of Partee 's quantification problem uses a different notion of reference time than that used by the accounts in the exposition above.,"Following Kamp and Reyle 1993, we split the role of the reference time, used to account for a large array of phenomena, into several independent mechanisms.","The mechanisms we discuss are: the location time, Rpt and perf.",DRSs will contain temporal markers corresponding to location times and Rpts.,"The location time is an interval, used to temporally locate eventualities, in accordance with their aspectual classification.","Our analysis of Partee 's quantification problem uses a different notion of reference time than that used by the accounts in the exposition above. Following Kamp and Reyle 1993, we split the role of the reference time, used to account for a large array of phenomena, into several independent mechanisms.","The mechanisms we discuss are: the location time, Rpt and perf. DRSs will contain temporal markers corresponding to location times and Rpts. The location time is an interval, used to temporally locate eventualities, in accordance with their aspectual classification.","Our analysis of Partee 's quantification problem uses a different notion of reference time than that used by the accounts in the exposition above. Following Kamp and Reyle 1993, we split the role of the reference time, used to account for a large array of phenomena, into several independent mechanisms. This separation allows for an analysis in DRT of temporal subordinate clauses in quantified sentences, which avoids Partee 's problem altogether. The mechanisms we discuss are: the location time, Rpt and perf. DRSs will contain temporal markers corresponding to location times and Rpts. The location time is an interval, used to temporally locate eventualities, in accordance with their aspectual classification.","Our analysis of Partee 's quantification problem uses a different notion of reference time than that used by the accounts in the exposition above. Following Kamp and Reyle 1993, we split the role of the reference time, used to account for a large array of phenomena, into several independent mechanisms. This separation allows for an analysis in DRT of temporal subordinate clauses in quantified sentences, which avoids (CITSEG) 's problem altogether. The mechanisms we discuss are: the location time, Rpt and perf. DRSs will contain temporal markers corresponding to location times and Rpts. The location time is an interval, used to temporally locate eventualities, in accordance with their aspectual classification.",Partee,CoCo-,,False,REFAUTHOR,"{""CFunc"": ""CoCo-"", ""ID"": ""R-53"", ""LinkS"": ""avoids... problem""}"
Teufel_original_dataset/CFC_distribution/2006_paper_training/9410022.cfc-scixml,"Finally, it is worth comparing with Hyman 's and Stewart 's interpretation functions which were illustrated in.","Finally, it is worth comparing with Hyman 's and Stewart 's interpretation functions which were illustrated in.","Finally, it is worth comparing with (CITSEG) 's and Stewart 's interpretation functions which were illustrated in.",S-85,85,DIV-5,Then it is straightforward to show that.,Notice also that if for all x and if then.,These results will be useful in the next section.,"As pointed out already, Hyman 's is a partial downstep model while Stewart 's is a total downstep model.","Partial and total downstep can be visualised as follows, where the dotted lines indicate the abstract register inside which tones are scaled, and where downstep corresponds to lowering of the register.","Observe that for partial downstep, it is necessary to have two downsteps before a high tone is at the level of a preceding low, while for total downstep, it is only necessary to have a single downstep for a high tone to be at the same level as the preceding low.",Then it is straightforward to show that. Notice also that if for all x and if then. These results will be useful in the next section.,"As pointed out already, Hyman 's is a partial downstep model while Stewart 's is a total downstep model. Partial and total downstep can be visualised as follows, where the dotted lines indicate the abstract register inside which tones are scaled, and where downstep corresponds to lowering of the register. Observe that for partial downstep, it is necessary to have two downsteps before a high tone is at the level of a preceding low, while for total downstep, it is only necessary to have a single downstep for a high tone to be at the same level as the preceding low.","Then it is straightforward to show that. Notice also that if for all x and if then. These results will be useful in the next section. Finally, it is worth comparing with Hyman 's and Stewart 's interpretation functions which were illustrated in. As pointed out already, Hyman 's is a partial downstep model while Stewart 's is a total downstep model. Partial and total downstep can be visualised as follows, where the dotted lines indicate the abstract register inside which tones are scaled, and where downstep corresponds to lowering of the register. Observe that for partial downstep, it is necessary to have two downsteps before a high tone is at the level of a preceding low, while for total downstep, it is only necessary to have a single downstep for a high tone to be at the same level as the preceding low.","Then it is straightforward to show that. Notice also that if for all x and if then. These results will be useful in the next section. Finally, it is worth comparing with (CITSEG) 's and Stewart 's interpretation functions which were illustrated in. As pointed out already, Hyman 's is a partial downstep model while Stewart 's is a total downstep model. Partial and total downstep can be visualised as follows, where the dotted lines indicate the abstract register inside which tones are scaled, and where downstep corresponds to lowering of the register. Observe that for partial downstep, it is necessary to have two downsteps before a high tone is at the level of a preceding low, while for total downstep, it is only necessary to have a single downstep for a high tone to be at the same level as the preceding low.",Hyman,CoCoGM,,False,REFAUTHOR,"{""CFunc"": ""CoCoGM"", ""ID"": ""R-25"", ""LinkS"": ""is worth comparing""}"
Teufel_original_dataset/CFC_distribution/2006_paper_training/9806019.cfc-scixml,"Whereas several groups are working with the unadapted core DRI scheme Core and Allen 1997, Poesio and Traum 1997, we have attempted to adapt it to our corpus and particular research questions.","Whereas several groups are working with the unadapted core DRI scheme Core and Allen 1997, Poesio and Traum 1997, we have attempted to adapt it to our corpus and particular research questions.","Whereas several groups are working with the unadapted core DRI scheme (CITSEG), Poesio and Traum 1997, we have attempted to adapt it to our corpus and particular research questions.",S-10,10,DIV-1,The DRI is an international `` grassroots '' effort that seeks to share corpora that have been tagged with the core features of interest to the discourse community.,"In order to use the core scheme, it is anticipated that each group will need to refine it for their particular purposes.",A usable draft core scheme is now available for experimentation (see http: //www.georgetown.edu/luperfoy/Discourse-Treebank/dri-home.html).,"First we describe our corpus, and the issue of tracking agreement.",Next we describe our coding scheme and our intercoder reliability outcomes.,Last we report our findings on tracking agreement.,"The DRI is an international `` grassroots '' effort that seeks to share corpora that have been tagged with the core features of interest to the discourse community. In order to use the core scheme, it is anticipated that each group will need to refine it for their particular purposes. A usable draft core scheme is now available for experimentation (see http: //www.georgetown.edu/luperfoy/Discourse-Treebank/dri-home.html).","First we describe our corpus, and the issue of tracking agreement. Next we describe our coding scheme and our intercoder reliability outcomes. Last we report our findings on tracking agreement.","The DRI is an international `` grassroots '' effort that seeks to share corpora that have been tagged with the core features of interest to the discourse community. In order to use the core scheme, it is anticipated that each group will need to refine it for their particular purposes. A usable draft core scheme is now available for experimentation (see http: //www.georgetown.edu/luperfoy/Discourse-Treebank/dri-home.html). Whereas several groups are working with the unadapted core DRI scheme Core and Allen 1997, Poesio and Traum 1997, we have attempted to adapt it to our corpus and particular research questions. First we describe our corpus, and the issue of tracking agreement. Next we describe our coding scheme and our intercoder reliability outcomes. Last we report our findings on tracking agreement.","The DRI is an international `` grassroots '' effort that seeks to share corpora that have been tagged with the core features of interest to the discourse community. In order to use the core scheme, it is anticipated that each group will need to refine it for their particular purposes. A usable draft core scheme is now available for experimentation (see http: //www.georgetown.edu/luperfoy/Discourse-Treebank/dri-home.html). Whereas several groups are working with the unadapted core DRI scheme (CITSEG), Poesio and Traum 1997, we have attempted to adapt it to our corpus and particular research questions. First we describe our corpus, and the issue of tracking agreement. Next we describe our coding scheme and our intercoder reliability outcomes. Last we report our findings on tracking agreement.",Core and Allen 1997,CoCoGM,,False,REF,"{""CFunc"": ""CoCoGM"", ""ID"": ""R-4""}"
Teufel_original_dataset/CFC_distribution/2006_paper_training/9806019.cfc-scixml,"Whereas several groups are working with the unadapted core DRI scheme Core and Allen 1997, Poesio and Traum 1997, we have attempted to adapt it to our corpus and particular research questions.","Whereas several groups are working with the unadapted core DRI scheme Core and Allen 1997, Poesio and Traum 1997, we have attempted to adapt it to our corpus and particular research questions.","Whereas several groups are working with the unadapted core DRI scheme Core and Allen 1997, (CITSEG), we have attempted to adapt it to our corpus and particular research questions.",S-10,10,DIV-1,The DRI is an international `` grassroots '' effort that seeks to share corpora that have been tagged with the core features of interest to the discourse community.,"In order to use the core scheme, it is anticipated that each group will need to refine it for their particular purposes.",A usable draft core scheme is now available for experimentation (see http: //www.georgetown.edu/luperfoy/Discourse-Treebank/dri-home.html).,"First we describe our corpus, and the issue of tracking agreement.",Next we describe our coding scheme and our intercoder reliability outcomes.,Last we report our findings on tracking agreement.,"The DRI is an international `` grassroots '' effort that seeks to share corpora that have been tagged with the core features of interest to the discourse community. In order to use the core scheme, it is anticipated that each group will need to refine it for their particular purposes. A usable draft core scheme is now available for experimentation (see http: //www.georgetown.edu/luperfoy/Discourse-Treebank/dri-home.html).","First we describe our corpus, and the issue of tracking agreement. Next we describe our coding scheme and our intercoder reliability outcomes. Last we report our findings on tracking agreement.","The DRI is an international `` grassroots '' effort that seeks to share corpora that have been tagged with the core features of interest to the discourse community. In order to use the core scheme, it is anticipated that each group will need to refine it for their particular purposes. A usable draft core scheme is now available for experimentation (see http: //www.georgetown.edu/luperfoy/Discourse-Treebank/dri-home.html). Whereas several groups are working with the unadapted core DRI scheme Core and Allen 1997, Poesio and Traum 1997, we have attempted to adapt it to our corpus and particular research questions. First we describe our corpus, and the issue of tracking agreement. Next we describe our coding scheme and our intercoder reliability outcomes. Last we report our findings on tracking agreement.","The DRI is an international `` grassroots '' effort that seeks to share corpora that have been tagged with the core features of interest to the discourse community. In order to use the core scheme, it is anticipated that each group will need to refine it for their particular purposes. A usable draft core scheme is now available for experimentation (see http: //www.georgetown.edu/luperfoy/Discourse-Treebank/dri-home.html). Whereas several groups are working with the unadapted core DRI scheme Core and Allen 1997, (CITSEG), we have attempted to adapt it to our corpus and particular research questions. First we describe our corpus, and the issue of tracking agreement. Next we describe our coding scheme and our intercoder reliability outcomes. Last we report our findings on tracking agreement.",Poesio and Traum 1997,CoCoGM,,False,REF,"{""CFunc"": ""CoCoGM"", ""ID"": ""R-5""}"
Teufel_original_dataset/CFC_distribution/2006_paper_training/9806019.cfc-scixml,Our assessment is supported by comparing our results to those of Core and Allen 1997 who used the unadapted DRI manual -- see Table.,Our assessment is supported by comparing our results to those of Core and Allen 1997 who used the unadapted DRI manual -- see Table.,Our assessment is supported by comparing our results to those of (CITSEG) who used the unadapted DRI manual -- see Table.,S-102,102,DIV-11,"However, we have not yet done so for Agreement since our initial trial codings did not reveal strong disagreements; now given our K results, refinement is clearly needed.",Another possible contributing factor for the low K on Agreement is that these tags are much rarer than the Forward Function tags.,The highest possible value for K may be smaller for low frequency tags Grove et al. 1981.,"Overall, our Forward Function results are better than theirs (the non significant K for I-on-S in Table reveals problems with coding for that tag), while the Backward Function results are compatible.","Finally, our assessment may only hold for task-oriented collaborative dialogues.","One research group tried to use the DRI core scheme on free-flow conversations, and had to radically modify it in order to achieve reliable coding Stolcke et al. 1998.","However, we have not yet done so for Agreement since our initial trial codings did not reveal strong disagreements; now given our K results, refinement is clearly needed. Another possible contributing factor for the low K on Agreement is that these tags are much rarer than the Forward Function tags. The highest possible value for K may be smaller for low frequency tags Grove et al. 1981.","Overall, our Forward Function results are better than theirs (the non significant K for I-on-S in Table reveals problems with coding for that tag), while the Backward Function results are compatible. Finally, our assessment may only hold for task-oriented collaborative dialogues. One research group tried to use the DRI core scheme on free-flow conversations, and had to radically modify it in order to achieve reliable coding Stolcke et al. 1998.","However, we have not yet done so for Agreement since our initial trial codings did not reveal strong disagreements; now given our K results, refinement is clearly needed. Another possible contributing factor for the low K on Agreement is that these tags are much rarer than the Forward Function tags. The highest possible value for K may be smaller for low frequency tags Grove et al. 1981. Our assessment is supported by comparing our results to those of Core and Allen 1997 who used the unadapted DRI manual -- see Table. Overall, our Forward Function results are better than theirs (the non significant K for I-on-S in Table reveals problems with coding for that tag), while the Backward Function results are compatible. Finally, our assessment may only hold for task-oriented collaborative dialogues. One research group tried to use the DRI core scheme on free-flow conversations, and had to radically modify it in order to achieve reliable coding Stolcke et al. 1998.","However, we have not yet done so for Agreement since our initial trial codings did not reveal strong disagreements; now given our K results, refinement is clearly needed. Another possible contributing factor for the low K on Agreement is that these tags are much rarer than the Forward Function tags. The highest possible value for K may be smaller for low frequency tags Grove et al. 1981. Our assessment is supported by comparing our results to those of (CITSEG) who used the unadapted DRI manual -- see Table. Overall, our Forward Function results are better than theirs (the non significant K for I-on-S in Table reveals problems with coding for that tag), while the Backward Function results are compatible. Finally, our assessment may only hold for task-oriented collaborative dialogues. One research group tried to use the DRI core scheme on free-flow conversations, and had to radically modify it in order to achieve reliable coding Stolcke et al. 1998.",Core and Allen 1997,CoCo-,,False,REF,"{""CFunc"": ""CoCo-"", ""ID"": ""R-19""}"
Teufel_original_dataset/CFC_distribution/2006_paper_training/9410008.cfc-scixml,"We wish to find a method for identifying easily computable parameters that rapidly classify previously unseen texts in general classes and along a small set - smaller than Biber 's five - of dimensions, such that they can be explained in intuitively simple terms to the user of an information retrieval application.","We wish to find a method for identifying easily computable parameters that rapidly classify previously unseen texts in general classes and along a small set - smaller than Biber 's five - of dimensions, such that they can be explained in intuitively simple terms to the user of an information retrieval application.","We wish to find a method for identifying easily computable parameters that rapidly classify previously unseen texts in general classes and along a small set - smaller than (CITSEG) 's five - of dimensions, such that they can be explained in intuitively simple terms to the user of an information retrieval application.",S-12,12,DIV-1,"Texts about certain topics may only occur in certain genres, and texts in certain genres may only treat certain topics; most topics do, however, occur in several genres, which is what interests us here.","Douglas Biber has studied text variation along several parameters, and found that texts can be considered to vary along five dimensions.","In his study, he clusters features according to covariance, to find underlying dimensions Biber 1989.","Our aim is to take a set of texts that has been selected by some sort of crude semantic analysis such as is typically performed by an information retrieval system and partition it further by genre or text type, and to display this variation as simply as possible in one or two dimensions.",,,"Texts about certain topics may only occur in certain genres, and texts in certain genres may only treat certain topics; most topics do, however, occur in several genres, which is what interests us here. Douglas Biber has studied text variation along several parameters, and found that texts can be considered to vary along five dimensions. In his study, he clusters features according to covariance, to find underlying dimensions Biber 1989.","Our aim is to take a set of texts that has been selected by some sort of crude semantic analysis such as is typically performed by an information retrieval system and partition it further by genre or text type, and to display this variation as simply as possible in one or two dimensions.","Texts about certain topics may only occur in certain genres, and texts in certain genres may only treat certain topics; most topics do, however, occur in several genres, which is what interests us here. Douglas Biber has studied text variation along several parameters, and found that texts can be considered to vary along five dimensions. In his study, he clusters features according to covariance, to find underlying dimensions Biber 1989. We wish to find a method for identifying easily computable parameters that rapidly classify previously unseen texts in general classes and along a small set - smaller than Biber 's five - of dimensions, such that they can be explained in intuitively simple terms to the user of an information retrieval application. Our aim is to take a set of texts that has been selected by some sort of crude semantic analysis such as is typically performed by an information retrieval system and partition it further by genre or text type, and to display this variation as simply as possible in one or two dimensions.","Texts about certain topics may only occur in certain genres, and texts in certain genres may only treat certain topics; most topics do, however, occur in several genres, which is what interests us here. Douglas Biber has studied text variation along several parameters, and found that texts can be considered to vary along five dimensions. In his study, he clusters features according to covariance, to find underlying dimensions Biber 1989. We wish to find a method for identifying easily computable parameters that rapidly classify previously unseen texts in general classes and along a small set - smaller than (CITSEG) 's five - of dimensions, such that they can be explained in intuitively simple terms to the user of an information retrieval application. Our aim is to take a set of texts that has been selected by some sort of crude semantic analysis such as is typically performed by an information retrieval system and partition it further by genre or text type, and to display this variation as simply as possible in one or two dimensions.",Biber,CoCoGM,,False,REFAUTHOR,"{""CFunc"": ""CoCoGM"", ""ID"": ""R-2"", ""LinkS"": ""smaller than""}"
Teufel_original_dataset/CFC_distribution/2006_paper_training/9704008.cfc-scixml,"Unlike other work (e.g. Black et al. 1992, Magerman 1995), we treat the word identities as a further refinement of the POS tags; thus we build a word classification tree for each POS tag.","Unlike other work (e.g. Black et al. 1992, Magerman 1995), we treat the word identities as a further refinement of the POS tags; thus we build a word classification tree for each POS tag.","Unlike other work (e.g. (CITSEG), Magerman 1995), we treat the word identities as a further refinement of the POS tags; thus we build a word classification tree for each POS tag.",S-75,75,DIV-3,"This gives an implicit binary encoding for each word and POS tag, thus allowing the decision tree to ask about the words and POS tags using simple binary questions, such as ` is the third bit of the POS tag encoding equal to one?",' Figure shows a POS classification tree.,The binary encoding for a POS tag is determined by the sequence of top and bottom edges that leads from the root node to the node for the POS tag.,"This has the advantage of avoiding unnecessary data fragmentation, since the POS tags and word identities are no longer separate sources of information.","As well, it constrains the task of building the word classification trees since the major distinctions are captured by the POS classification tree.",,"This gives an implicit binary encoding for each word and POS tag, thus allowing the decision tree to ask about the words and POS tags using simple binary questions, such as ` is the third bit of the POS tag encoding equal to one? ' Figure shows a POS classification tree. The binary encoding for a POS tag is determined by the sequence of top and bottom edges that leads from the root node to the node for the POS tag.","This has the advantage of avoiding unnecessary data fragmentation, since the POS tags and word identities are no longer separate sources of information. As well, it constrains the task of building the word classification trees since the major distinctions are captured by the POS classification tree.","This gives an implicit binary encoding for each word and POS tag, thus allowing the decision tree to ask about the words and POS tags using simple binary questions, such as ` is the third bit of the POS tag encoding equal to one? ' Figure shows a POS classification tree. The binary encoding for a POS tag is determined by the sequence of top and bottom edges that leads from the root node to the node for the POS tag. Unlike other work (e.g. Black et al. 1992, Magerman 1995), we treat the word identities as a further refinement of the POS tags; thus we build a word classification tree for each POS tag. This has the advantage of avoiding unnecessary data fragmentation, since the POS tags and word identities are no longer separate sources of information. As well, it constrains the task of building the word classification trees since the major distinctions are captured by the POS classification tree.","This gives an implicit binary encoding for each word and POS tag, thus allowing the decision tree to ask about the words and POS tags using simple binary questions, such as ` is the third bit of the POS tag encoding equal to one? ' Figure shows a POS classification tree. The binary encoding for a POS tag is determined by the sequence of top and bottom edges that leads from the root node to the node for the POS tag. Unlike other work (e.g. (CITSEG), Magerman 1995), we treat the word identities as a further refinement of the POS tags; thus we build a word classification tree for each POS tag. This has the advantage of avoiding unnecessary data fragmentation, since the POS tags and word identities are no longer separate sources of information. As well, it constrains the task of building the word classification trees since the major distinctions are captured by the POS classification tree.",Black et al. 1992,CoCo-,,False,REF,"{""CFunc"": ""CoCo-"", ""ID"": ""R-30"", ""LinkS"": ""advantages""}"
Teufel_original_dataset/CFC_distribution/2006_paper_training/9704008.cfc-scixml,"Unlike other work (e.g. Black et al. 1992, Magerman 1995), we treat the word identities as a further refinement of the POS tags; thus we build a word classification tree for each POS tag.","Unlike other work (e.g. Black et al. 1992, Magerman 1995), we treat the word identities as a further refinement of the POS tags; thus we build a word classification tree for each POS tag.","Unlike other work (e.g. Black et al. 1992, (CITSEG)), we treat the word identities as a further refinement of the POS tags; thus we build a word classification tree for each POS tag.",S-75,75,DIV-3,"This gives an implicit binary encoding for each word and POS tag, thus allowing the decision tree to ask about the words and POS tags using simple binary questions, such as ` is the third bit of the POS tag encoding equal to one?",' Figure shows a POS classification tree.,The binary encoding for a POS tag is determined by the sequence of top and bottom edges that leads from the root node to the node for the POS tag.,"This has the advantage of avoiding unnecessary data fragmentation, since the POS tags and word identities are no longer separate sources of information.","As well, it constrains the task of building the word classification trees since the major distinctions are captured by the POS classification tree.",,"This gives an implicit binary encoding for each word and POS tag, thus allowing the decision tree to ask about the words and POS tags using simple binary questions, such as ` is the third bit of the POS tag encoding equal to one? ' Figure shows a POS classification tree. The binary encoding for a POS tag is determined by the sequence of top and bottom edges that leads from the root node to the node for the POS tag.","This has the advantage of avoiding unnecessary data fragmentation, since the POS tags and word identities are no longer separate sources of information. As well, it constrains the task of building the word classification trees since the major distinctions are captured by the POS classification tree.","This gives an implicit binary encoding for each word and POS tag, thus allowing the decision tree to ask about the words and POS tags using simple binary questions, such as ` is the third bit of the POS tag encoding equal to one? ' Figure shows a POS classification tree. The binary encoding for a POS tag is determined by the sequence of top and bottom edges that leads from the root node to the node for the POS tag. Unlike other work (e.g. Black et al. 1992, Magerman 1995), we treat the word identities as a further refinement of the POS tags; thus we build a word classification tree for each POS tag. This has the advantage of avoiding unnecessary data fragmentation, since the POS tags and word identities are no longer separate sources of information. As well, it constrains the task of building the word classification trees since the major distinctions are captured by the POS classification tree.","This gives an implicit binary encoding for each word and POS tag, thus allowing the decision tree to ask about the words and POS tags using simple binary questions, such as ` is the third bit of the POS tag encoding equal to one? ' Figure shows a POS classification tree. The binary encoding for a POS tag is determined by the sequence of top and bottom edges that leads from the root node to the node for the POS tag. Unlike other work (e.g. Black et al. 1992, (CITSEG)), we treat the word identities as a further refinement of the POS tags; thus we build a word classification tree for each POS tag. This has the advantage of avoiding unnecessary data fragmentation, since the POS tags and word identities are no longer separate sources of information. As well, it constrains the task of building the word classification trees since the major distinctions are captured by the POS classification tree.",Magerman 1995,CoCo-,,False,REF,"{""CFunc"": ""CoCo-"", ""ID"": ""R-31""}"
Teufel_original_dataset/CFC_distribution/2006_paper_training/9704008.cfc-scixml,"In contrast, a word-based trigram backoff model Katz 1987 built with the CMU statistical language modeling toolkit Rosenfeld 1995 achieved a perplexity of 26.13.","In contrast, a word-based trigram backoff model Katz 1987 built with the CMU statistical language modeling toolkit Rosenfeld 1995 achieved a perplexity of 26.13.","In contrast, a word-based trigram backoff model (CITSEG) built with the CMU statistical language modeling toolkit Rosenfeld 1995 achieved a perplexity of 26.13.",S-146,146,DIV-7,"The second column of Table gives the results of the POS - based model, the third column gives the results of incorporating the detection and correction of speech repairs and detection of intonational phrase boundary tones, and the fourth column gives the results of adding in silence information.","As can be seen, modeling the user's utterances improves POS tagging, identification of discourse markers, and word perplexity; with the POS error rate decreasing by 3.1% and perplexity by 5.3%.","Furthermore, adding in silence information to help detect the boundary tones and speech repairs results in a further improvement, with the overall POS tagging error rate decreasing by 8.6% and reducing perplexity by 7.8%.",Thus our full language model results in 14.1% reduction in perplexity.,Table gives the results of detecting intonational boundaries.,"The second column gives the results of adding the boundary tone detection to the POS model, the third column adds silence information, and the fourth column adds speech repair detection and correction.","The second column of Table gives the results of the POS - based model, the third column gives the results of incorporating the detection and correction of speech repairs and detection of intonational phrase boundary tones, and the fourth column gives the results of adding in silence information. As can be seen, modeling the user's utterances improves POS tagging, identification of discourse markers, and word perplexity; with the POS error rate decreasing by 3.1% and perplexity by 5.3%. Furthermore, adding in silence information to help detect the boundary tones and speech repairs results in a further improvement, with the overall POS tagging error rate decreasing by 8.6% and reducing perplexity by 7.8%.","Thus our full language model results in 14.1% reduction in perplexity. Table gives the results of detecting intonational boundaries. The second column gives the results of adding the boundary tone detection to the POS model, the third column adds silence information, and the fourth column adds speech repair detection and correction.","The second column of Table gives the results of the POS - based model, the third column gives the results of incorporating the detection and correction of speech repairs and detection of intonational phrase boundary tones, and the fourth column gives the results of adding in silence information. As can be seen, modeling the user's utterances improves POS tagging, identification of discourse markers, and word perplexity; with the POS error rate decreasing by 3.1% and perplexity by 5.3%. Furthermore, adding in silence information to help detect the boundary tones and speech repairs results in a further improvement, with the overall POS tagging error rate decreasing by 8.6% and reducing perplexity by 7.8%. In contrast, a word-based trigram backoff model Katz 1987 built with the CMU statistical language modeling toolkit Rosenfeld 1995 achieved a perplexity of 26.13. Thus our full language model results in 14.1% reduction in perplexity. Table gives the results of detecting intonational boundaries. The second column gives the results of adding the boundary tone detection to the POS model, the third column adds silence information, and the fourth column adds speech repair detection and correction.","The second column of Table gives the results of the POS - based model, the third column gives the results of incorporating the detection and correction of speech repairs and detection of intonational phrase boundary tones, and the fourth column gives the results of adding in silence information. As can be seen, modeling the user's utterances improves POS tagging, identification of discourse markers, and word perplexity; with the POS error rate decreasing by 3.1% and perplexity by 5.3%. Furthermore, adding in silence information to help detect the boundary tones and speech repairs results in a further improvement, with the overall POS tagging error rate decreasing by 8.6% and reducing perplexity by 7.8%. In contrast, a word-based trigram backoff model (CITSEG) built with the CMU statistical language modeling toolkit Rosenfeld 1995 achieved a perplexity of 26.13. Thus our full language model results in 14.1% reduction in perplexity. Table gives the results of detecting intonational boundaries. The second column gives the results of adding the boundary tone detection to the POS model, the third column adds silence information, and the fourth column adds speech repair detection and correction.",Katz 1987,CoCo-,,False,REF,"{""CFunc"": ""CoCo-"", ""ID"": ""R-38""}"
Teufel_original_dataset/CFC_distribution/2006_paper_training/9704008.cfc-scixml,"Wang and Hirschberg Wang and Hirschberg 1992 did employ spontaneous speech, namely, the ATIS corpus.","Wang and Hirschberg Wang and Hirschberg 1992 did employ spontaneous speech, namely, the ATIS corpus.","Wang and Hirschberg (CITSEG) did employ spontaneous speech, namely, the ATIS corpus.",S-173,173,DIV-8,"For detecting boundary tones, the model of Wightman and Ostendorf Wightman and Ostendorf 1994 achieves a recall rate of 78.1% and a precision of 76.8%.","Their better performance is partly attributed to richer (speaker dependent) acoustic modeling, including phoneme duration, energy, and pitch.","However, their model was trained and tested on professionally read speech, rather than spontaneous speech.","For turn-internal boundary tones, they achieved a recall rate of 38.5% and a precision of 72.9% using a decision tree approach that combined both textual features, such as POS tags, and syntactic constituents with intonational features.",One explanation for the difference in performance was that our model was trained on approximately ten times as much data.,"Secondly, their decision trees are used to classify each data point independently of the next, whereas we find the best interpretation over the entire turn, and incorporate speech repairs.","For detecting boundary tones, the model of Wightman and Ostendorf Wightman and Ostendorf 1994 achieves a recall rate of 78.1% and a precision of 76.8%. Their better performance is partly attributed to richer (speaker dependent) acoustic modeling, including phoneme duration, energy, and pitch. However, their model was trained and tested on professionally read speech, rather than spontaneous speech.","For turn-internal boundary tones, they achieved a recall rate of 38.5% and a precision of 72.9% using a decision tree approach that combined both textual features, such as POS tags, and syntactic constituents with intonational features. One explanation for the difference in performance was that our model was trained on approximately ten times as much data. Secondly, their decision trees are used to classify each data point independently of the next, whereas we find the best interpretation over the entire turn, and incorporate speech repairs.","For detecting boundary tones, the model of Wightman and Ostendorf Wightman and Ostendorf 1994 achieves a recall rate of 78.1% and a precision of 76.8%. Their better performance is partly attributed to richer (speaker dependent) acoustic modeling, including phoneme duration, energy, and pitch. However, their model was trained and tested on professionally read speech, rather than spontaneous speech. Wang and Hirschberg Wang and Hirschberg 1992 did employ spontaneous speech, namely, the ATIS corpus. For turn-internal boundary tones, they achieved a recall rate of 38.5% and a precision of 72.9% using a decision tree approach that combined both textual features, such as POS tags, and syntactic constituents with intonational features. One explanation for the difference in performance was that our model was trained on approximately ten times as much data. Secondly, their decision trees are used to classify each data point independently of the next, whereas we find the best interpretation over the entire turn, and incorporate speech repairs.","For detecting boundary tones, the model of Wightman and Ostendorf Wightman and Ostendorf 1994 achieves a recall rate of 78.1% and a precision of 76.8%. Their better performance is partly attributed to richer (speaker dependent) acoustic modeling, including phoneme duration, energy, and pitch. However, their model was trained and tested on professionally read speech, rather than spontaneous speech. Wang and Hirschberg (CITSEG) did employ spontaneous speech, namely, the ATIS corpus. For turn-internal boundary tones, they achieved a recall rate of 38.5% and a precision of 72.9% using a decision tree approach that combined both textual features, such as POS tags, and syntactic constituents with intonational features. One explanation for the difference in performance was that our model was trained on approximately ten times as much data. Secondly, their decision trees are used to classify each data point independently of the next, whereas we find the best interpretation over the entire turn, and incorporate speech repairs.",Wang and Hirschberg 1992,CoCoR0,,False,REF,"{""CFunc"": ""CoCoR0"", ""ID"": ""R-50"", ""LinkS"": ""difference s175""}"