row_index,True_label,section,citance_masked_citseg,model,max_new_tokens,temperature,thinking_enabled,thinking_output,llm_output
0,motivation,,"Thus, B. nigricornis could potentially transmit CaLsol from carrot to potato crops and viceversa. Although eggs and immatures B. nigricornis are rarely observed during visual inspections in the field, the reproduction and presence of this psyllid species on potato crops has been confirmed (Hodkinson et al. 1981;Antolínez et al. 2019) and has been reported to cause severe yield losses in Iran (Fathi et al. 2011). Although CaLsol-positive adults of B. nigricornis have been found in potato crops in Spain, the role of this species in transmitting the bacterium to potato was never demonstrated (Teresani et al. 2015).  Accordingly, a study of the possible role of B. nigricornis as a vector of CaLsol on potato was strongly needed because of the important economic losses in the carrot and potato industry associated with pathogen spread (Liefting et al. 2009; Munyaneza 2010; Munyaneza et al. 2010a; 2012; (CITSEG) Alfaro-Fernández et al. 2012a;2012b;Bertolini et al. 2015;Munyaneza 2015). For this reason, we conducted a series of transmission experiments under controlled conditions at ICA-CSIC (Madrid, Spain) to evaluate the transmission rate of CaLsol (haplotype E) by B. nigricornis in carrot and potato plants. Bactericera nigricornis CaLsol-free and CaLso-infected colonies were established at the ICA-CSIC and used for the assays. First, a B. nigricornis CaLSol-free colony was established by collecting insects from a population in a potato field in Valladolid, Spain, in 2016. ",Qwen/Qwen3-32B,4096,0.2,True,"Okay, let's tackle this classification task. The user provided a passage with a citation marked as (CITSEG), and I need to determine which rhetorical class it belongs to. The options are Background, Motivation, Uses, Extension, Comparison or Contrast, and Future.

First, I'll read through the passage to understand the context. The passage discusses the potential of B. nigricornis as a vector for CaLsol, a bacterium affecting carrot and potato crops. It mentions previous studies confirming the presence of this psyllid on potato crops and the economic losses associated with the pathogen. The authors then state that a study on the role of B. nigricornis as a vector was strongly needed, citing several references, including the (CITSEG) placeholder. The study was conducted to evaluate transmission rates under controlled conditions.

Now, focusing on the part where (CITSEG) is placed. The sentence says, ""a study of the possible role of B. nigricornis as a vector of CaLsol on potato was strongly needed because of the important economic losses... (CITSEG)..."". The citation here is part of a list supporting the need for the study due to economic losses. The rhetorical purpose here is to justify why the current research is necessary, pointing to existing economic impacts documented in prior work. 

Looking at the Motivation class definition: it's when the citation supports the need for data, goals, methods, etc. This fits because the citation is used to argue why the study was needed. The authors are citing previous works to highlight the economic losses, which motivates their research. 

Other classes like Background might provide domain information, but here the focus is on justifying the necessity of their study. Uses would involve methods or tools from the cited work, which isn't the case here. Extension would mean building on prior results, but the passage is about the need for the study rather than extending methods. Comparison or Contrast isn't present here, nor is Future. 

Therefore, the correct class is Motivation.",Motivation
1,compareorcontrast,,"The AP, PD and ESFY phytoplasmas are closely related phylogenetically. In interspecific comparisons of the AP/PD, AP/ESFY and PD/ESFY agents, differences in 16S rDNA sequences were 1?0-1?1, 1?3-1?5 and 1?2-1?3 %, respectively. Strain PYLR1 is related most closely to the PD strains, with which it shares 99?6 % sequence similarity, whereas similarity values between the AP and ESFY strains were 98?4-98?6 %.  Sequence similarity values within taxa and divergence between taxa largely confirm the results of previous work (CITSEG) (Seemu ¨ller et al., , 1998b)). Phylogenetic relatedness of the phytoplasmas examined is depicted in Fig. 1. Strains of each of the three pathogens cluster tightly together and form three distinct branches. The PYLR agent clusters with the PD strains. ",Qwen/Qwen3-32B,4096,0.2,True,"Okay, let's see. I need to figure out the rhetorical class for the citation in this passage. The passage is talking about the phylogenetic relationships between different phytoplasmas: AP, PD, and ESFY. They mention sequence similarities and how the strains cluster in a phylogenetic tree. The citation is placed after they say that the sequence similarity values confirm the results of previous work. 

So the key part here is ""largely confirm the results of previous work (CITSEG)"". The authors are using the citation to show that their findings align with what was previously found. That makes me think of the 'Background' class because they're providing context or confirming existing information. But wait, maybe it's 'Comparison or Contrast' since they're comparing their results to prior studies?

Wait, the 'Comparison or Contrast' class is when the citation is used to express similarity or differences to the citing paper. In this case, the authors are stating that their results confirm previous work, which is a similarity. So maybe that's 'Comparison or Contrast'. But the example given for 'Background' is when the citation provides relevant domain information. The example for 'Comparison or Contrast' is when they talk about differences or similarities between their results and others. 

In the example for 'Comparison or Contrast', the citation is used to show that their results differ from another study. Here, the authors are saying their results confirm previous work, which is a similarity. So that should be 'Comparison or Contrast' as well. But sometimes, when you confirm previous results, it's part of establishing the background. Hmm. 

Alternatively, maybe 'Background' is when the citation is providing foundational information that the current study builds upon. If the previous work is the basis for their current study, maybe it's 'Extension'. But the passage here is more about confirming the previous results rather than extending them. 

Wait, the example for 'Background' is when the citation is used to provide relevant information for the domain. The example given is about the use of magnetic water treatment devices. In this case, the citation is supporting the claim that their sequence similarities confirm previous findings. So the role here is to compare their results with prior studies, which would be 'Comparison or Contrast'. 

Yes, because they are showing that their findings align with previous work, which is a form of similarity. Therefore, the correct class should be 'Comparison or Contrast'.",Comparison or Contrast
2,compareorcontrast,,"The AP, PD and ESFY phytoplasmas are closely related phylogenetically. In interspecific comparisons of the AP/PD, AP/ESFY and PD/ESFY agents, differences in 16S rDNA sequences were 1?0-1?1, 1?3-1?5 and 1?2-1?3 %, respectively. Strain PYLR1 is related most closely to the PD strains, with which it shares 99?6 % sequence similarity, whereas similarity values between the AP and ESFY strains were 98?4-98?6 %.  Sequence similarity values within taxa and divergence between taxa largely confirm the results of previous work (Seemu ¨ller et al., 1994 (CITSEG) . Phylogenetic relatedness of the phytoplasmas examined is depicted in Fig. 1. Strains of each of the three pathogens cluster tightly together and form three distinct branches. The PYLR agent clusters with the PD strains. ",Qwen/Qwen3-32B,4096,0.2,True,"Okay, let's see. I need to figure out the rhetorical class for the citation here. The passage is talking about the phylogenetic relationships between different phytoplasmas. They mention that sequence similarity values confirm previous work by Seemüller et al., 1994. The citation is in the context of supporting the current findings with prior research.

So, the authors are using the cited work to back up their own results. They're saying that their data aligns with what was found before. That sounds like they're providing background information, right? Because they're referencing prior studies to establish the context or existing knowledge in the field. The example given for the Background class mentions providing relevant domain information, which fits here. The citation isn't about methods or future work, nor is it a direct comparison or extension. It's more about confirming previous results to support their current analysis. So I think the correct class here is Background.",Background
3,background,,"Their economic importance has risen in the past 20 years probably due to globalization (increasing trade of plant material over the world) and also due to global warming that facilitates the expansion and adaptation of psyllid pests into new habitats and geographical regions (Fereres 2015). Psyllids are vectors of economically important phytoplasma diseases of fruit trees such as pear decline (PD), apple proliferation, and European stone fruit yellows (Bertaccini et al. 2019). All these diseases are transmitted by a single genus: Cacopsylla spp., and are mainly restricted to the Paleartic regions.  Cacopsylla melanoneura (Foerster 1848; Hemiptera: Psyllidae) and C. picta (Foerster 1848; Hemiptera: Psyllidae) are well-known vectors of apple proliferation phytoplasma (Candidatus Phytoplasma mali; Tedeschi &amp; Alma 2004; (CITSEG) . This serious disease is spread across Europe and infects apples. Other economically important diseases in fruit trees are PD transmitted by C. pyricola (Foerster 1848; Hemiptera: Psyllidae) in the UK (Davies et al. 1992) and by C. pyri (Linné, 1961;Hemiptera: Psyllidae) in France (Lemoine 1991) and Italy (Carraro et al. 1998a). Additionally, European stone fruit yellows phytoplasma is transmitted by C. pruni (Scopoli 1763; Hemiptera: Psyllidae) (Carraro et al. 1998b). ",Qwen/Qwen3-32B,4096,0.2,True,"Okay, let's tackle this classification task. The user provided a passage with a citation marked as (CITSEG), and I need to determine its rhetorical class from the given options: Background, Motivation, Uses, Extension, Comparison or Contrast, Future.

First, I'll read through the passage to understand the context. The passage discusses the economic importance of psyllids, their role as vectors for phytoplasma diseases in fruit trees, and specific examples like apple proliferation. The citation in question is mentioned in the sentence: ""Cacopsylla melanoneura [...] and C. picta [...] are well-known vectors of apple proliferation phytoplasma (Candidatus Phytoplasma mali; Tedeschi & Alma 2004; (CITSEG)).""

Looking at the surrounding text, the author is providing information about which species of Cacopsylla transmit specific diseases. The citation here is giving a source that identifies these species as vectors. The purpose here isn't to motivate the study, suggest future work, or compare methods. Instead, it's supplying background information about the known vectors of a particular disease. The citation supports the statement by referencing prior research that established these psyllids as vectors. 

The key here is that the citation is used to provide existing knowledge about the role of these insects in disease transmission, which is part of establishing the context or background of the topic. There's no indication that the current study is extending the cited work, using a method from it, or contrasting with it. Therefore, the most appropriate class is Background.",Background
4,background,,"Several studies have been conducted in South Africa with varying temperatures but the results are variable, sometimes contradictory, and the duration of each life stage (egg, nymph and adult) is unclear. Unfortunately, reliable basal and upper developmental temperatures from which phenological models could be developed using minimum and maximum temperature thresholds have not been determined. Nymphal development depends mainly on temperature and may take from 17 to 43 d at 25 °C and 14 °C, respectively (Catling 1973).  The lower temperature threshold for development is about 10 °C (Catling 1973), whereas a temperature of 32 °C, with low relative humidity, is particularly deleterious for all instars (CITSEG) . The first instar lasts the longest, probably because of the long time needed for the crawlers to settle and establish themselves. Nymphal development is prolonged on poorly nourished citrus leaves. In the field, young growth in poor condition also causes high rates of mortality and produces flattened nymphs of reduced size (Catling 1971). ",Qwen/Qwen3-32B,4096,0.2,True,"Okay, let's see. I need to figure out the rhetorical class for the citation marked as (CITSEG) in the given passage. The options are Background, Motivation, Uses, Extension, Comparison or Contrast, and Future.

First, I'll read through the passage to understand the context. The passage is talking about studies in South Africa on the development of some insect life stages, specifically mentioning temperature effects. The author mentions that results are variable and some data is unclear. Then they reference Catling 1973 for nymphal development times at different temperatures and the lower temperature threshold. Then there's a sentence that says a temperature of 32°C with low humidity is bad for all instars, citing (CITSEG). 

So, the question is, what role does the (CITSEG) citation play here? Let's look at the surrounding text. The author is discussing various temperature effects on development stages. They first cite Catling 1973 for the lower threshold and development times. Then they mention another study (CITSEG) that found high temperatures (32°C) with low humidity are harmful. 

This seems like providing background information about the temperature thresholds and their effects. The author is compiling existing research to set the stage for their own study or discussion. The citation isn't supporting a need for the study (Motivation), nor is it about methods (Uses), extending previous work (Extension), comparing/contrasting (Comparison), or suggesting future work (Future). It's just adding to the existing knowledge on temperature effects, which is part of the background information necessary for understanding the domain. 

So the most appropriate class here is Background.",Background
5,uses,,"Insects were collected from Pyrus communis L. (pear), Malus domestica (Borkh.) (apple), Crataegus monogyna (Jacquin) (hawthorn), Prunus spinosa (L.) (blackthorn), Prunus domestica (L.) (plum) and Salix caprea (L.) (goat willow) using the beat-tray method, and from Abies alba (Miller) (silver fir), Picea abies (L.) (Norway spruce), Larix decidua (Miller) (European larch) and Pinus sylvestris (L.) (Scots pine) by means of a sweep net (35 cm diam) with a 5-m telescopic handle (Čermák and Lauterer 2008). For the beat-tray method, also called 'frappage', a white plastic tray (250× 350 mm) was held beneath the tree branches and the branches were struck several times to dislodge insects into the tray.  The psyllids were then collected in glass tubes by means of a mouth aspirator and brought to the laboratory for further analyses (CITSEG) Tedeschi et al. 2002). The species Cacopsylla pyrisuga (Förster), Cacopsylla pyricola (Förster), Cacopsylla peregrina (Förster), Cacopsylla crataegi (Schrank), Cacopsylla nigrita (Zetterstedt), Cacopsylla breviantennata (Flor), Cacopsylla pruni (Scopoli) and Cacopsylla ambigua (Förster) were identified by examining the forewings and male and female terminalia (Ossiannilsson 1992). Cacopsylla melanoneura (Förster) and Cacopsylla affinis (Löw) were also collected. Due to the fact that these latter two species live together on Crataegus spp., migrate to conifers as shelter plants for aestivation and overwintering and have similar morphological characters, all Cacopsylla spp. ",Qwen/Qwen3-32B,4096,0.2,True,"Okay, let's see. I need to figure out the rhetorical class for the citation in the given passage. The passage is about collecting insects from various plants using specific methods. The first part mentions using the beat-tray method and a sweep net, citing Čermák and Lauterer 2008. Then there's a part about the beat-tray method details and collecting psyllids with a mouth aspirator, citing Tedeschi et al. 2002. The user is asking about the (CITSEG) which is placed right after the method description and before Tedeschi et al. 2002.

Looking at the options: Background, Motivation, Uses, Extension, Comparison or Contrast, Future. The ""Uses"" class is when the citation refers to a method, tool, etc., directly used in the current study. Here, the authors are describing their methodology. They mention using the beat-tray method and then cite Tedeschi et al. 2002. If that citation is explaining how they collected the psyllids, then it's likely that they are using the method from that paper. So the citation here is to the method they employed. Therefore, the correct class should be ""Uses"".",Uses
6,compareorcontrast,,"In addition, the limited number of sampled trees leads to a smaller chance of encountering an infected host, especially when infection rates are low. Similarly, phytoplasmas could not be detected in any of the conifer samples. As infections by a group 16SrXXI phytoplasma have been reported in Pinus spp. and other conifers (Kamińska et al. 2011;Schneider et al. 2005), further research might reveal the occurrence of phytoplasma-infected conifers in northwestern Italy.  In most of the insect species tested, we observed high infection rates of CLeu which, in the case of C. pyrisuga, were higher than the percentages observed in Florida, USA (8.7%) and Indonesia (45.2%) for Diaphorina citri with 'Ca.Liberibacter asiaticus' (Manjunath et al. 2008; (CITSEG) . Such a high infection rate supports a hypothesis of CLeu's role in the insect host as a beneficial symbiont, similar to 'Ca. Liberibacter asiaticus' in Diaphorina citri, whose role as a beneficial symbiont rather than a simple ingested bacterium passing through the gut was suggested by analysis of the bacterium's genome content (Duan et al. 2009). However, for the most part, the interaction between liberibacters and their hosts remains unclear. ",Qwen/Qwen3-32B,4096,0.2,True,"Okay, let's tackle this classification task. The user provided a passage with a citation marked as (CITSEG), and I need to determine which rhetorical class it fits into. The options are Background, Motivation, Uses, Extension, Comparison or Contrast, and Future.

First, I'll read through the passage to understand the context. The main discussion is about infection rates of CLeu in insect species, comparing them to percentages observed in Florida and Indonesia for Diaphorina citri with 'Ca. Liberibacter asiaticus'. The citation (CITSEG) is mentioned in the context of these percentages. The author is pointing out that the infection rates in C. pyrisuga are higher than those in the other regions. 

Now, looking at the rhetorical classes. The ""Comparison or Contrast"" class is for when the citation is used to express similarities or differences. Here, the author is comparing the infection rates from their study to previous studies (Florida and Indonesia). The citation (CITSEG) is one of the sources providing the data for comparison. 

I should check if there's another possible class. Could it be ""Background""? No, because it's not providing general information about the domain but specifically comparing data points. ""Motivation"" is about supporting the need for the study, which isn't the case here. ""Uses"" would be if they used a method from the cited work, which they don't. ""Extension"" would mean building on the cited work's results, but they're contrasting. ""Future"" is about suggesting future research, which isn't the focus here. 

Therefore, the correct class is ""Comparison or Contrast"" because the citation is used to highlight differences in infection rates between studies.",Comparison or Contrast
7,background,,"The influence of phytoplasma infections on salicylic acid, jasmonates, auxins, abscisic acid, ethylene and cytokinine biosynthesis and pathways was recently reviewed by Dermastia [26], illustrating the diverse and complex interactions between the specialized pathogens and their host plants. In the case of phytoplasmas, the impact on vector insects that are crucial for the distribution of phytoplasmas, has to be taken into consideration. So far, all phytoplasmas of the group 16SrX causing important fruit crop diseases are vectored by jumping plant lice (Hemiptera: Psylloidea) or succinctly psyllids [28][29][30].  Psyllid nymphs and adults feed on plant phloem and occasionally on xylem sap [31] [32] (CITSEG) . Therefore, morphological changes of the plant vascular system may affect psyllid feeding behaviour and suitability of plants as hosts of vector insects. Additionally, phloem/xylem components may influence host choice and oviposition behaviour of psyllids [31,32,34,35]. To detect appropriate host plants for feeding and reproduction, volatile signals are used by many vectoring psyllid species during migration [36][37][38][39][40][41][42][43]. ",Qwen/Qwen3-32B,4096,0.2,True,"Okay, let's see. I need to figure out the rhetorical class for the citation marked as (CITSEG) in the given passage. The passage is about phytoplasma infections and their effects on plants and vector insects like psyllids.

The sentence with the citation is: ""Psyllid nymphs and adults feed on plant phloem and occasionally on xylem sap [31] [32] (CITSEG)."" So the citation here is supporting the statement about the feeding habits of psyllids. 

Looking at the rhetorical classes, the options are Background, Motivation, Uses, Extension, Comparison or Contrast, Future. 

Background is for providing domain information. The citation here is giving information about what psyllids feed on, which is part of the background knowledge necessary to understand the discussion about their role in spreading phytoplasmas. 

Motivation would be if the citation is supporting why the study was done, but here it's more about establishing existing knowledge. 

Uses would be if they used a method or data from the cited work, but the sentence is stating a fact about feeding behavior, not using a tool or method. 

Extension would be if the current work builds on the cited study, but there's no indication of that here. 

Comparison or Contrast isn't applicable here since there's no comparison made. 

Future is about suggesting future research, which isn't the case here. 

So the most appropriate class is Background because it's providing necessary information about psyllid feeding habits that sets the stage for discussing their role in phytoplasma transmission.",Background
8,background,,"These are partly congruent with a more recent phylogeny based on phosphoglycerate kinase (Pgk) amino acid sequences (Wolf et al., 2004). A recent multilocus phylogeny confirmed four well-established major groups of Tenericutes (""Acholeplasma"", ""Spiroplasma"", ""Pneumoniae"" and ""Hominis"") (Gupta et al., 2018), but phytoplasmas were underrepresented in this dataset. In 2007, the first extensive phylogenetic investigation to include a large sample of phytoplasma groups, other Mollicutes and Gram-positive bacteria showed that Mollicutes includes two main subclades: one comprising 46 phytoplasma strains and two Acholeplasma species, and the second including 14 representative Mollicutes from the other orders (Martini et al., 2007).  The most recent phylogeny of phytoplasmas, based on 16S and including 145 taxa and two species of Acholeplasma, provided further insights, suggesting that each phylogenetically distinct subgroup is equivalent to a putative species in the provisional ""Ca. Phytoplasma"" genus (CITSEG) . Tenericutes bacteria have evolved a broad range of lifestyles, including free-living, commensalism and parasitism (Razin, 2006;Rivera-Tapia et al., 2002;Tully, 1996). Most of the well-known species are associated with humans or other vertebrates and are commensals inhabiting different organs. Some are suspected to be associated with diseases, whereas others are proven pathogens causing important diseases to animals (mycoplasmas) or plants (phytoplasmas and three species of Spiroplasma). ",Qwen/Qwen3-32B,4096,0.2,True,"Okay, let's see. I need to figure out the rhetorical class for the citation marked as (CITSEG) in the given passage. The options are Background, Motivation, Uses, Extension, Comparison or Contrast, and Future.

First, I'll read through the passage to understand the context. The passage is discussing the phylogeny of Tenericutes bacteria, specifically mentioning various studies. The (CITSEG) is in the sentence: ""The most recent phylogeny of phytoplasmas, based on 16S and including 145 taxa and two species of Acholeplasma, provided further insights, suggesting that each phylogenetically distinct subgroup is equivalent to a putative species in the provisional 'Ca. Phytoplasma' genus (CITSEG).""

So, the author is talking about a recent study that provided insights into the classification of phytoplasmas. The key here is to determine why this citation is being used. The sentence says that the study ""provided further insights,"" which suggests that the cited work is contributing new information that builds upon previous research. 

Looking at the other citations in the passage, like Wolf et al. (2004), Gupta et al. (2018), Martini et al. (2007), and others, they are all part of a discussion about the phylogeny of these bacteria. The (CITSEG) is part of a series of studies that are expanding on previous findings. The phrase ""provided further insights"" implies that the cited work is extending the existing knowledge. 

The Extension class is defined as when the citation is the basis of the citing article, and the citing article extends the cited work's results, data, or methods. Here, the current passage is discussing how the most recent phylogeny (the cited work) adds to the understanding, suggesting that the cited study's findings are being used to build upon previous classifications. Therefore, the rhetorical function here is likely Extension. 

Alternatively, could it be Background? Background is for providing relevant domain information. But in this case, the citation is not just providing background; it's contributing new insights that are part of the progression of research. The other options like Comparison or Contrast don't fit because there's no direct comparison being made. Motivation is about supporting the need for the study, which isn't the case here. Uses would be if they directly used a method from the cited work, which isn't mentioned. Future is about suggesting future research, which isn't the case here either. 

So, the most appropriate class is Extension.",Extension
9,background,,"The life cycle of B. cockerelli is highly dependent on temperature and can be completed in 21 to 35 d, with an optimum at 27 °C; however, oviposition, hatching, and survival are inhibited at temperatures higher than 35 °C (List 1939; Abdullah 2008; Yang &amp; Liu 2009;Yang et al. 2010;Butler &amp; Trumble 2012). Interestingly, both adults and nymphs are cold tolerant (Henne et al. 2010). CaLsol is especially important in potato (Solanum tuberosum L.) in which it causes a disease called ""Zebra chip"" (ZC) in the USA, Mexico, Honduras, Guatemala, and New Zealand (Abad et al. 2009, Nelson et al. 2011, Munyaneza 2012).  Bactericera cockerelli was associated with zebra chip disease in potato in 2007 (CITSEG) ) and later with CaLsol in 2009 (Secor et al. 2009). The zebra chip disease is caused by the haplotypes A and B, whereas the rest of the haplotypes (C, D, E, and H) of the bacterium cause diseases in Apiaceae. Recently, haplotypes G and F have been found in Solanaceae in the USA (Mauck et al. 2019;Swisher Grimm &amp; Garczynski 2019). The zebra chip disease in potato is characterized by collapsed stolons, aerial tubers, upward rolling of leaflets, purple or yellow discoloration, leaf scorch and early senescence; also, dark and stripped pattern is clearly visible in infected raw tubers and in fried chips (Munyaneza 2012). ",Qwen/Qwen3-32B,4096,0.2,True,"Okay, let's tackle this classification task. The user provided a passage with a citation marked as (CITSEG), and I need to determine which rhetorical class it fits into. The options are Background, Motivation, Uses, Extension, Comparison or Contrast, and Future.

First, I'll read through the passage to understand the context. The passage discusses the life cycle of B. cockerelli, its temperature dependencies, cold tolerance, and its association with the Zebra chip disease in potatoes. The specific citation in question is mentioned in the sentence: ""Bactericera cockerelli was associated with zebra chip disease in potato in 2007 (CITSEG) ) and later with CaLsol in 2009 (Secor et al. 2009).""

Looking at the sentence structure, the citation (CITSEG) is providing information about when B. cockerelli was first linked to the Zebra chip disease. The following part mentions another study from 2009 that associated it with CaLsol. This seems to be establishing the historical context or background information about the association between the insect and the disease. The author is likely setting the stage by citing prior research that established this connection, which is foundational for the current discussion on the disease's characteristics and other related findings.

Now, considering the rhetorical classes:

- **Background**: This is used to provide relevant information for the domain. The citation here is giving historical context about the association, which is necessary for understanding the subsequent discussion on the disease. That fits well with the Background class.
  
- **Motivation**: This would be if the citation is supporting the need for the current study. However, the passage doesn't indicate that the citation is motivating the current research but rather is providing existing knowledge.
  
- **Uses**: The citation isn't about using a method or tool from the cited work.
  
- **Extension**: The current passage isn't extending the cited work's results but is referencing prior findings.
  
- **Comparison or Contrast**: There's no direct comparison or contrast being made here.
  
- **Future**: No mention of future research directions here.

Therefore, the most appropriate class is **Background** because the citation is providing essential historical information that contextualizes the current discussion on Zebra chip disease.",Background
10,background,,"Recently, PD has also been detected in southern Italy, in areas previously considered free from the disease (Marcone et al., 1996). Although the aetiology of PD has been established, some problems concerning the epidemiology remain. Jensen et al. (1964) showed that pear psylla (Psylla pyricola Förster, now Cacopsylla pyricola Förster) transmits 'a virus' capable of causing PD disease.  More recently transmission of the PD agent by C. pyricola in England (Davies et al., 1992) and by C. pyri L. in France (Lemoine, 1991) and Italy (CITSEG) , has been reported. Some aspects of the epidemiology were also studied in England using the vector C. pyricola (Davies et al., 1998). These authors detected PD phytoplasma in vectors collected in PD-affected orchards, over an entire year. In Italy, C. pyri is the predominant psyllid in pear orchards, but the relationship between this vector and the PD phytoplasma has yet to be clarified. ",Qwen/Qwen3-32B,4096,0.2,True,"Okay, let's tackle this classification task. The user provided a passage with a citation marked as (CITSEG), and I need to determine its rhetorical class from the given options: Background, Motivation, Uses, Extension, Comparison or Contrast, Future.

First, I'll read through the passage to understand the context. The passage discusses the detection of PD (pear decline) in southern Italy, mentions previous studies by various authors, and talks about the transmission of the disease by different psyllid species. The citation in question is in the sentence: ""More recently transmission of the PD agent by C. pyricola in England (Davies et al., 1992) and by C. pyri L. in France (Lemoine, 1991) and Italy (CITSEG) , has been reported.""

So, the CITSEG here is in the context of reporting that transmission by C. pyri in Italy has been reported. The surrounding text lists different studies from different regions and species. The purpose here seems to be providing examples or evidence of where and how the PD agent is transmitted by various psyllids. 

Looking at the rhetorical classes:

- **Background**: Provides domain information. The passage is discussing the spread and transmission of PD, so maybe this is background info. But the citation here is part of a list of studies showing transmission in different regions, which might be more about supporting the current discussion rather than just background.

- **Motivation**: Supports the need for the study. The passage mentions that some epidemiological aspects remain unresolved, which could be motivation. However, the specific citation here is part of existing research findings, not directly supporting why the current study is needed.

- **Uses**: If the cited work's method or data is used in the current study. The passage doesn't mention using their methods or data, just reporting their findings.

- **Extension**: If the current work extends the cited study. The passage doesn't indicate that the current study is building upon CITSEG.

- **Comparison or Contrast**: If the citation is used to compare or contrast with the current work. The passage lists different studies in different regions and species, which might be comparing transmission vectors. However, the CITSEG is part of a list of similar findings, not a direct comparison or contrast with the current study's results.

- **Future**: Suggesting future research. The passage ends by saying the relationship between C. pyri and PD in Italy is yet to be clarified, which could be a future direction, but the CITSEG is part of existing reports, not suggesting future work.

Hmm. The CITSEG is in a list of studies that have reported transmission by different psyllids in different countries. The author is compiling existing evidence to show the spread and vectors of PD. This seems like providing background information on the current state of knowledge about PD transmission. However, since the citation is part of a series of studies that support the existing understanding, maybe it's Background. Alternatively, if the author is using these citations to establish the need for further research (since in Italy the relationship is unclear), maybe Motivation. But the specific sentence with CITSEG is stating that transmission by C. pyri in Italy has been reported, which is part of the existing knowledge. So that would be Background. The Motivation would be if the citation was used to justify why the current study is needed, like ""since previous studies show X, we need to do Y."" Here, the citation is just part of the existing findings, so Background.",Background
11,background,,"In 2007, the first extensive phylogenetic investigation to include a large sample of phytoplasma groups, other Mollicutes and Gram-positive bacteria showed that Mollicutes includes two main subclades: one comprising 46 phytoplasma strains and two Acholeplasma species, and the second including 14 representative Mollicutes from the other orders (Martini et al., 2007). The most recent phylogeny of phytoplasmas, based on 16S and including 145 taxa and two species of Acholeplasma, provided further insights, suggesting that each phylogenetically distinct subgroup is equivalent to a putative species in the provisional ""Ca. Phytoplasma"" genus (Harrison et al., 2015).  Tenericutes bacteria have evolved a broad range of lifestyles, including free-living, commensalism and parasitism (CITSEG) Rivera-Tapia et al., 2002;Tully, 1996). Most of the well-known species are associated with humans or other vertebrates and are commensals inhabiting different organs. Some are suspected to be associated with diseases, whereas others are proven pathogens causing important diseases to animals (mycoplasmas) or plants (phytoplasmas and three species of Spiroplasma). Some free-living species are associated with inert substrates (e.g. ",Qwen/Qwen3-32B,4096,0.2,True,"Okay, let's tackle this classification task. The user provided a passage with a citation marked as (CITSEG) and wants me to determine its rhetorical class from the given options. The options are Background, Motivation, Uses, Extension, Comparison or Contrast, and Future.

First, I need to understand the context around the (CITSEG). The passage starts by discussing phylogenetic studies of Mollicutes, mentioning two specific papers (Martini et al., 2007 and Harrison et al., 2015). Then it moves to talk about Tenericutes bacteria and their lifestyles, including free-living, commensalism, and parasitism. The (CITSEG) is placed right after stating that Tenericutes have evolved a broad range of lifestyles, with the cited works being Rivera-Tapia et al., 2002 and Tully, 1996. 

The sentence structure here is providing information about the different lifestyles of Tenericutes. The citation is used to support this statement. The question is, what role does this citation play? 

Looking at the Background class definition: it's for providing relevant domain information. The sentence is giving general information about Tenericutes' lifestyles, which is foundational knowledge in the field. The citation here is likely supporting that statement by referencing prior work that established this information. 

Motivation is about supporting the need for the study's goals, but the passage isn't arguing why this research is needed here. Uses would be if they directly used a method or data from the cited work, which doesn't seem to be the case. Extension would mean the current work builds on the cited study, but the passage is summarizing existing knowledge. Comparison or Contrast would involve comparing results, which isn't happening here. Future is about suggesting future research, which also isn't the case.

Therefore, the most fitting class is Background because the citation is providing foundational information about Tenericutes' lifestyles in the context of the discussion.",Background
12,background,,"Bactericera nigricornis belong to the B. nigricornis group (Fig. 2C).  It has been reported as a polyphagous species able to feed on wild species belonging to the families Amaranthaceae, Boraginaceae, Brassicaceae, Apiaceae, Liliaceae, Papaveraceae, and Solanaceae (Hodkinson et al. 1981; (CITSEG) Othmen et al. 2019;Antolínez et al. 2019). The level of polyphagy in this group is exceptional among Psylloidea, which are usually host-specific (Hodkinson 1974). Bactericera nigricornis is present in many countries (Ouvrard et al. 2020) but little is known about its biology and dispersal ability, although it has been reported overwintering on conifers (Cermák et al. 2008). Further research on the life cycle of this species in Apiaceae crops is needed to identify its overwintering hosts and migration habits from wild host species under Mediterranean conditions. ",Qwen/Qwen3-32B,4096,0.2,True,"Okay, let's see. I need to figure out the rhetorical class for the citation marked as (CITSEG) in the given passage. The options are Background, Motivation, Uses, Extension, Comparison or Contrast, and Future.

First, I'll read through the passage to understand the context. The passage is about Bactericera nigricornis, a species in the B. nigricornis group. It mentions that this species is polyphagous, feeding on various plant families. The citations here include Hodkinson et al. 1981, (CITSEG), Antolínez et al. 2019, and others. The sentence structure is providing information about the species' diet and its exceptional polyphagy compared to other Psylloidea. 

The part with (CITSEG) is in the list of references supporting the claim about the species' polyphagy. The sentence says, ""It has been reported as a polyphagous species able to feed on wild species belonging to the families... (Hodkinson et al. 1981; (CITSEG) Othmen et al. 2019; Antolínez et al. 2019)."" So, the (CITSEG) is one of several sources cited to back up the statement about the species' feeding habits.

Looking at the rhetorical classes, Background is for providing relevant domain information. The citation here is supporting a factual claim about the species' diet, which is part of establishing the background knowledge in the field. The other classes like Motivation would be if the citation is used to justify the need for the current study, but here it's more about providing existing information. Uses would be if they directly used a method or data from the cited work, which doesn't seem to be the case. Extension would be if the current work builds on the cited study, but again, the context here is more about citing prior findings. Comparison or Contrast would involve comparing results, which isn't happening here. Future is about suggesting future research, which is mentioned later in the paragraph but not related to the (CITSEG) citation.

Therefore, the (CITSEG) is providing background information on the species' polyphagy, so the correct class should be Background.",Background
13,background,,"Pear decline (PD) has been reported from Europe, North America and Australia and is considered one of the most dangerous diseases of pear trees. The disease was first described as ""moria"" in Italy (Refatti, 1948) and later on in North America as virus disease (Jensen et al., 1964) transmitted by pear psylla (Psylla pyricola Förster) denominated nowadays Cacopsylla pyricola.  After 1970, mycoplasmalike bodies were detected in sieve tubes of pear trees affected with pear decline (Hibino and Schneider, 1970) and in the pear psylla vector of pear decline (CITSEG) . More recently transmission of the PD agent by C. pyricola was demonstrated in England and PD phytoplasma was detected in vectors collected in PD-affected orchards (Davies et al., 1998;Kucerová, 2007). Investigations developed in Europe have showed that PD is transmitted by a new vector, Cacopsylla pyri, in France (Lemoine, 1991) and Italy (Carraro et al., 1998;2001). Phytoplasma associated with PD disease was detected also in Germany (Lorenz et al., 1995), Spain (Garcia-Chapa, 2003), Hungary ( Süle et al., 2007) and in Southern Australia (Schneider and Gibb, 1997). ",Qwen/Qwen3-32B,4096,0.2,True,"Okay, let's see. I need to figure out the rhetorical class for the citation marked as (CITSEG) in the given passage. The passage is about pear decline disease, its history, and the vectors involved.

First, the passage starts by introducing pear decline and mentions previous studies. The sentence with (CITSEG) is: ""After 1970, mycoplasmalike bodies were detected in sieve tubes of pear trees affected with pear decline (Hibino and Schneider, 1970) and in the pear psylla vector of pear decline (CITSEG)."" 

So, the citation here is providing information about where mycoplasmalike bodies were detected—both in the pear trees and in the vector (pear psylla). The context is giving background on the disease's etiology and how it's transmitted. The authors are establishing the history and findings related to PD. 

Looking at the rhetorical classes: Background is for providing relevant domain information. The citation here is part of a historical overview of discoveries related to PD. It's not supporting a need (Motivation), nor is it about methods (Uses), nor extending previous work (Extension), nor comparing/contrasting (Comparison), nor suggesting future work (Future). 

Therefore, the correct class should be Background because it's providing foundational information about the detection of mycoplasmalike bodies in the vector, which is part of the existing knowledge on PD.",Background
14,background,," Chinese and Taiwanese Cacopsylla chinensis sequences (Lee et al., 2007 (CITSEG) together form well-supported clusters in the NJ trees based on COI-tRNA leu -COII and 16S rDNA gene fragments (fig. 2). The sequences of COI-tRNA leu -COII and 16S The mean intraspecific K2P distance is 0.1% in COI 658 bp (range 0-5.9%), 0.7% in COI 403 bp (range 0-5.5%), 1% in COI-tRNA leu -COII (range 0-5.9%) and 0.6% in 16S rDNA (range 0-3.8%), with a maximum observed value of 5.9% for C. maculatili (fig. 3, table 3). ",Qwen/Qwen3-32B,4096,0.2,True,"Okay, let's see. I need to figure out the rhetorical class for the citation in this passage. The passage is talking about Chinese and Taiwanese Cacopsylla chinensis sequences forming clusters in NJ trees based on certain gene fragments. The citation here is Lee et al., 2007.

First, I should recall the different rhetorical classes. The options are Background, Motivation, Uses, Extension, Comparison or Contrast, and Future. 

Looking at the example for Background: it's when the citation provides relevant domain information. The example given was about magnetic water treatment in the USA. In this case, the citation is about sequences forming clusters. Is that providing background info on the domain? Maybe, but let's check other classes.

Motivation is about supporting the need for data, goals, etc. The example here was about previous research showing a phenomenon and the need to explain it. The current passage isn't really stating a need or motivation; it's presenting results related to clustering. So probably not Motivation.

Uses is when the cited work's method, tool, dataset, etc., are directly used. The example was an experimental setup. Here, the authors are using sequences from Lee et al. 2007 to form clusters in their NJ trees. So they're using the data from that study. That fits the Uses class. The example for Uses mentions a dataset, which aligns with using sequences here.

Extension is when the citing article extends the cited work. The example improved a method. The current passage isn't extending the cited work but using its data. So not Extension.

Comparison or Contrast would be if they were comparing their results to Lee et al.'s. But here, they're using the sequences from Lee et al. to build their own trees, not contrasting or comparing directly. 

Future is about suggesting future research, which isn't the case here.

So the most likely class is Uses because they are directly using the sequences from the cited work in their analysis.",Uses
15,background,,"In contrast, the JA pathway is induced in response to wounding, herbivore attack and necrotrophic pathogens [64]. The development of different pathways in reaction to different threads enables plants to respond more specifically and is therefore more resource-efficient. An antagonistic crosstalk between JA/ABA and SA was detected in several plant species [25,65].  Not surprisingly, some bacteria species utilize SA hydroxylase for a degradation of SA to catechol to suppress an adequate plant defence reaction (CITSEG) or evolved the production of effector proteins that interfere with SA regulated defence responses by activating JA pathway [67]. This mechanism was also detected for phytoplasmas in Aster yellows-witches' broom phytoplasma (AY-WB). AY-WB produces the SAP11 effector that down-regulates the plant defence response by reducing lipoxygenase2 expression and JA production [68]. This down-regulation of defence mechanisms in AY-WB infected plants is advantageous to vector fitness [68]. ",Qwen/Qwen3-32B,4096,0.2,True,"Okay, let's see. I need to figure out the rhetorical class for the citation marked as (CITSEG) in the given passage. The options are Background, Motivation, Uses, Extension, Comparison or Contrast, and Future.

First, I'll read through the passage to understand the context. The passage is talking about plant defense mechanisms, specifically the JA (jasmonic acid) and SA (salicylic acid) pathways. It mentions that the JA pathway is induced by wounding, herbivores, and necrotrophic pathogens. There's an antagonistic crosstalk between JA/ABA and SA in various plants. Then it says some bacteria use SA hydroxylase to degrade SA into catechol to suppress plant defense, and here's the citation (CITSEG). Then it goes on to talk about other bacteria producing effector proteins that interfere with SA responses by activating JA, and mentions a specific phytoplasma example.

So the sentence with (CITSEG) is: ""Not surprisingly, some bacteria species utilize SA hydroxylase for a degradation of SA to catechol to suppress an adequate plant defence reaction (CITSEG) or evolved the production of effector proteins..."" The citation here is supporting the claim that certain bacteria use this method to suppress plant defenses. 

Now, what's the rhetorical function here? The author is explaining how bacteria counteract plant defenses. The citation is providing evidence for this specific mechanism. The options are:

- Background: Providing domain info. But here it's supporting a specific claim about bacterial strategies, not just background info on the topic.
- Motivation: Supporting the need for the study. The passage is explaining the problem (bacteria suppressing defenses) which might be part of motivating why the study is done, but the example given in the Motivation class example is about previous research showing a phenomenon and the purpose of the current work. Here, the citation is giving an example of existing research that the author is discussing, not necessarily motivating the current study's goals.
- Uses: If they used a method from the cited work. But here it's about the content of the cited work's findings, not using their methods.
- Extension: If the current work extends the cited work. The passage doesn't say they are extending it; they're discussing existing findings.
- Comparison or Contrast: The sentence starts with ""Not surprisingly,"" which might indicate a comparison, but the citation is providing an example of a method used by bacteria. The comparison might be between different bacterial strategies, but the citation itself is supporting a specific point, not comparing or contrasting with the current paper's approach.
- Future: Suggesting future research. Doesn't seem like it here.

Looking at the example for Comparison or Contrast: ""The results obtained in the present work substantially differ from the results of the experiments..."" Here, the citation is used to show a difference. In our case, the citation is providing an example of a bacterial strategy, which is part of explaining the existing mechanisms. However, the sentence structure is presenting a fact (some bacteria use SA hydroxylase) and then another (others produce effectors). The (CITSEG) is supporting the first part. 

Wait, maybe it's Background? The Background example is providing relevant domain info. But in this case, the citation is supporting a specific claim about bacterial behavior, which is part of the argument that plants have these pathways and bacteria have ways to counteract them. The author is using the citation to back up the assertion that some bacteria do this. 

Alternatively, Motivation could be if the citation is used to justify why the current study is needed. But the passage is more about explaining existing knowledge, not necessarily motivating the current research. The example for Motivation includes a previous study showing a phenomenon and the current work's purpose. Here, the current work isn't mentioned in the passage provided. 

So maybe it's Background. The example given for Background is providing info relevant to the domain. The citation here is providing information about bacterial strategies, which is part of the background on how pathogens interact with plant defenses. 

Alternatively, if the citation is supporting a claim that's part of the argument, maybe it's Motivation. But without the current study's goals being stated, it's hard to say. 

Wait, the sentence says ""some bacteria species utilize SA hydroxylase... (CITSEG) or evolved..."" So the citation is supporting the first part of the sentence. The author is explaining that bacteria have these two strategies. The citation is providing evidence for the first strategy. 

In the Motivation example, the citation is used to support the need for the current study. Here, the passage is explaining existing mechanisms, which could be part of the background or part of motivating further study. But since the passage doesn't mention the current study's goals, maybe it's Background. 

Alternatively, if the author is setting up the context for why the study is important (i.e., because bacteria have these strategies), then it could be Motivation. But without the explicit mention of the current study's purpose, it's a bit ambiguous. 

Looking at the example for Motivation: ""Our previous research (CITSEG) has shown... The explanation... is not yet offered and the purpose of this work is..."" Here, the citation is used to show prior work that motivates the current study. In our case, the passage doesn't mention the current study's purpose. It's more about explaining existing knowledge. 

Therefore, the most likely class is Background. The citation is providing relevant information about bacterial strategies in the domain of plant-pathogen interactions.",Background
16,background,,"This is the first illustration of the mouthparts of C. chinensis in detail using scanning and transmission electron microscopy. The modified piercingesucking mouthparts of C. chinensis play an important role in host location and feeding. When feeding, it cuts into the tissues of host plants in order to suck sap, thereby injuring the leaves and stems of its host plants.  The adult mouthpart morphology of C. chinensis is generally similar to that of other sternorrhynchan species described previously (Pollard, 1973; Tavella and Arzone, 1993; (CITSEG) Boyd, 2003;Wiesenborn, 2004;Rani and Madhavendra, 2005; Anderson et al., 2006;Garzo et al., 2012), consisting of a three-segmented labium which lies between the prothoracic coxae of the first and second pair of legs with a deep groove in the anterior side, a moderate number of sensilla, a stylet fascicle consisting of two mandibular and two maxillary stylets which are conjoined together forming a food canal (Fc) and a salivary canal (Sc), and a triangular labrum. The gross mouthpart morphology of C. chinensis is also very similar to that of the psyllids Diaphorina citri Kuwayama (Garzo et al., 2012) and Cacopsylla mali Schmidberger (Grove, 1919;Pollard, 1970), but not identical. The stylet fascicle of C. chinensis comprises a pair of mandibular stylets located externally which house a pair of maxillary stylets, as observed in aphids (Forbes, 1969(Forbes, , 1977;;Pollard, 1973) and other psyllids, including C. mali (Grove, 1919;Pollard, 1970), C. pyricola (Ullman and McLean, 1986) and D. citri (Garzo et al., 2012). The stylet fascicle proximal to the labium forms a large loop within a membranous crumena (Fig. 2B). ",Qwen/Qwen3-32B,4096,0.2,True,"Okay, let's see. I need to figure out the rhetorical class for the citation marked as (CITSEG) in the given passage. The options are Background, Motivation, Uses, Extension, Comparison or Contrast, and Future.

First, I'll read through the passage to understand the context. The passage is about the mouthparts of C. chinensis, describing their structure and comparing them to other species. The sentence with (CITSEG) is in a list of references that talk about the adult mouthpart morphology being similar to other sternorrhynchan species. The author mentions that the mouthparts consist of various parts like the labium, sensilla, stylet fascicle, etc., and then lists several studies including (CITSEG) Boyd, 2003. 

Looking at the surrounding text, the author is comparing the structure of C. chinensis mouthparts to those described in previous studies. The phrase ""generally similar to that of other sternorrhynchan species described previously"" indicates that the citations are being used to show similarities. The (CITSEG) is part of a list of references that support this comparison. 

So, the rhetorical function here is to compare the current findings with existing literature. The author is pointing out that their observations align with previous studies, which would fall under the ""Comparison or Contrast"" class. The key here is that the citation is used to highlight similarities, which is a form of comparison. 

I should check if there's any other possible class. Could it be Background? Well, Background is for providing domain information, but here it's specifically about comparing structures. Motivation is about justifying the need for the study, which isn't the case here. Uses would be if they directly used a method from Boyd, 2003, but the text doesn't mention using their methods. Extension would mean the current work builds on Boyd's, but the passage is about similarity, not extending. Future is about suggesting future work, which isn't present here. 

Therefore, the correct class should be Comparison or Contrast.",Comparison or Contrast
17,background,,"It is a common pest in pear orchards in Japan (H. Inoue, pers. obs.) but not in Korea.  The records of Psylla/Cacopsylla pyricola, the other west Palaearctic species reported from Korea, concern two species: that by Kwon (1983) C. maculatili and those by (CITSEG) Kim et al. ( , 2007)), Kang et al. (2012), Park et al. (2013) and Park et al. (2016) C. jukyungi. The records of Psylla/Cacopsylla pyricola from Japan and the Russian Far East are also likely misidentifications but without examination of relevant material their identity remains uncertain. Both C. jukyungi and C. maculatili are polyvoltine with seasonal dimorphism, a fact which was overlooked up to now. C. cinereosignata is the winter form of C. jukyungi and C. qiuzili the summer form of C. maculatili. ",Qwen/Qwen3-32B,4096,0.2,True,"Okay, let's tackle this classification task. The user provided a passage with a citation marked as (CITSEG), and I need to determine its rhetorical class from the given options: Background, Motivation, Uses, Extension, Comparison or Contrast, Future.

First, I'll read through the passage to understand the context. The passage discusses the distribution and identification of certain psylla species in different regions. It mentions that in Korea, records of Psylla/Cacopsylla pyricola are split into two species, C. maculatili and C. jukyungi, with specific citations. The (CITSEG) here is Kim et al. (2007), which is one of the sources cited for the records of C. maculatili.

Looking at the surrounding text, the author is providing information about the species found in Korea, referencing previous studies. The purpose here seems to be to establish the existing knowledge or records related to these species. The citation is used to support the claim that these records exist, which helps in setting the context for the current discussion. 

Now, checking the rhetorical classes. The Background class is for providing relevant domain information. The Motivation class is for supporting the need for the study. Uses is when a method or tool is directly used. Extension is when the current work builds on the cited work. Comparison or Contrast is when the work is compared or contrasted. Future is about suggesting future research.

In this case, the citation is part of listing previous records to establish the current understanding of the species in Korea. It's providing context and existing data, which aligns with the Background class. The author isn't using the citation to motivate their study, extend previous work, compare methods, or suggest future work. Instead, it's about informing the reader of prior findings to set the stage for their own analysis. Therefore, the correct class should be Background.",Background
18,background,,"Nation-wide surveys for the presence of ESFY disease have only been conducted in stone fruit growing areas, e.g. in France (Jarausch et al. 1998), Turkey (Ulubaş Serçe et al. 2006), Spain (Sabaté et al. 2015) or Bulgaria (Etropolska et al. 2015), and confirmed a wide-spread presence of ESFY in orchards of susceptible species like apricots, Japanese plum and peach. During a survey between 2000and 2006, Jarausch et al. (2007b) ) could show that 'Ca. P. prunorum' as well as its vector, C. pruni, were present on all cultivated Prunus species in several stone fruit growing regions in Southwestern Germany.  The role of wild Prunus for the spread of ESFY was first studied by (CITSEG) in the heavily ESFY-infected region Friuli-Venezia Giulia in Northeast Italy. They found 'Ca. P. prunorum' as well as C. pruni in P. spinosa and P. cerasifera also at sites far from stone-fruit orchards and concluded that the cycle of ESFY can be completed independently from the presence of ESFY-infected cultivated stone-fruit trees. These results were confirmed by Yvon et al. (2004) in a case study in Southeastern France who detected 'Ca. ",Qwen/Qwen3-32B,4096,0.2,True,"Okay, let's tackle this classification task. The user provided a passage with a citation marked as (CITSEG), and I need to determine which rhetorical class it belongs to. The options are Background, Motivation, Uses, Extension, Comparison or Contrast, and Future.

First, I'll read through the passage to understand the context. The passage discusses surveys of ESFY disease in various regions and mentions several studies. The key part here is where it says, ""The role of wild Prunus for the spread of ESFY was first studied by (CITSEG) in the heavily ESFY-infected region Friuli-Venezia Giulia in Northeast Italy."" The following sentences talk about the findings of that study and how they were confirmed by another study (Yvon et al. 2004).

Now, I need to figure out the rhetorical function of the (CITSEG) citation. The sentence introduces a study that was the first to examine the role of wild Prunus in ESFY spread. The next sentences elaborate on the results of that study and mention another study confirming those results. 

Looking at the classes, ""Background"" is for providing relevant domain information. Here, the citation is introducing prior research that sets the stage for understanding the spread of ESFY through wild plants. It's not about methods (Uses), nor is it about extending previous work (Extension). It's also not about motivation (supporting the need for the current study) or future directions. The confirmation by another study (Yvon et al.) might suggest a comparison, but the (CITSEG) itself is the original study that provided foundational information. 

Therefore, the citation is providing background information on previous research in the field, which is necessary to understand the current discussion about the spread of ESFY. So the correct class should be Background.",Background
19,background,,"The new leaves remain small and pale throughout the following spring. Symptom severity ranges from mild or slow wilting to quick wilting or death, depending on the weather conditions. The symptoms associated with PDTW resemble those of pear declines caused by phytoplasma elsewhere (Liu et al., 2007a).  Since phytoplasmas are non-culturable, PCR amplification of ribosomal RNA genes and the 16S-23S rDNA intergenic spacer region (ISR) have become the conventional means of detecting and identifying them (Bosco et al., 2002; Davies et al., 1995; Seemüller et al., 1998; (CITSEG) . Sequences of 16S rDNA have been used to classify various phytoplasmas into groups of phylogenetic systems (Lee et al., 2007). Taxonomically, the phytoplasmas that Botanical Studies (2011) 52: 313-320. * Corresponding author: E-mail: cplin@ntu.edu.tw ",Qwen/Qwen3-32B,4096,0.2,True,"Okay, let's see. I need to figure out the rhetorical class for the citation marked as (CITSEG) in the given passage. The options are Background, Motivation, Uses, Extension, Comparison or Contrast, and Future.

First, I'll read the passage carefully. The first part talks about symptoms of PDTW and compares them to pear declines caused by phytoplasma, citing Liu et al., 2007a. Then it mentions that since phytoplasmas can't be cultured, PCR amplification of ribosomal RNA genes and the 16S-23S rDNA intergenic spacer region (ISR) are conventional methods for detection and identification. The citations here are Bosco et al., 2002; Davies et al., 1995; Seemüller et al., 1998; and then (CITSEG). 

Next, it says sequences of 16S rDNA have been used to classify phytoplasmas into phylogenetic groups, citing Lee et al., 2007. The last part is about taxonomy and a journal reference.

So, the (CITSEG) is in the list of citations after mentioning PCR methods. The sentence before (CITSEG) is explaining that PCR amplification of ribosomal RNA genes and ISR is the conventional method. The (CITSEG) is one of the sources supporting that statement. The question is, what rhetorical role does this citation play?

Looking at the options: Background is for providing domain information. The passage is explaining the standard methods used for detecting phytoplasmas, which is background information. The citation here is supporting that these methods are conventional, so it's providing context or background on the methods used in the field. 

Motivation would be if they were justifying the need for their study, but here they're just stating existing methods. Uses would be if they directly used the method from the cited work, but the passage is about the general approach, not a specific tool or dataset from the cited paper. Extension would be if they built upon the cited work, which isn't the case here. Comparison or Contrast isn't applicable because they aren't comparing their work to the cited one. Future is about suggesting future research, which isn't the case here.

Therefore, the correct class is Background because it's providing the standard methods in the field, which is relevant domain information.",Background
20,background,," The fruit tree diseases apple proliferation (AP), pear decline (PD) and European stone fruit yellows (ESFY), are of high economic significance, causing annual crop losses of around half a billion Euro in Europe, alone (CITSEG) 2]. Intra-and interspecific differences in the response of fruit trees to these phytoplasma diseases have been observed over the last decades under both experimental and natural infection conditions [3,4]. Intraspecific differences have been explained by varying susceptibility of tree species and genotypes (rootstocks and cultivars) to phytoplasmas as well as virulence of phytoplasma strains [5][6][7][8][9]. However, only few studies provide firm data on host response, host-pathogen interaction and on anatomical, physiological and molecular basis of plant resistance [10], which is still poorly understood [4]. ",Qwen/Qwen3-32B,4096,0.2,True,"Okay, let's see. I need to figure out the rhetorical class for the citation in this passage. The passage starts by talking about three fruit tree diseases—apple proliferation, pear decline, and European stone fruit yellows. It mentions their economic significance, causing half a billion Euro in losses in Europe alone. Then there's a citation here (CITSEG) followed by [2]. 

Looking at the context, the sentence before the citation states the economic impact. The citation is probably providing the data or the source that supports the claim about the annual losses. The next sentences discuss intra and interspecific differences in response to these diseases, citing other studies. 

The rhetorical classes are Background, Motivation, Uses, Extension, Comparison or Contrast, Future. The example for Background is when the citation provides relevant domain information. Here, the citation is supporting the statement about the economic impact, which is setting the context or background of the problem's significance. 

Motivation is about supporting the need for the study. But in this case, the citation is giving existing data on the problem's severity, which is more about establishing the background rather than motivating the current study. The rest of the paragraph talks about existing research and gaps, which might be leading into motivation, but the specific citation here is about the economic loss, which is background info. 

So the answer should be Background.",Background
21,background,,"For the aligned data set, phylogenetic trees were constructed using the neighbour-joining (NJ) algorithm with bootstrap support analysis (1000 replicates) in MEGA 6 based on a Kimura 2-Parameter (K2P) model. This has been the most widely used method for DNA barcoding analyses (e.g. Yeh et al., 1997;Shin et al., 2013;Gwiazdowski et al., 2015;Wu et al., 2016;Amouroux et al., 2017;Kanturski et al., 2018;Song et al., 2018), including previous studies on pear psyllids (Lee et al., 2008;Kang et al., 2012;Katoh et al., 2013Katoh et al., , 2014;;Chen et al., 2018).  To compare our results with those papers, we preferred to use the same methodology despite some potential limitations, such as a poor fit of the K2P model at the species level (CITSEG) Collins et al., 2012). Eleven pear psyllid species of the genus Cacopsylla (Psyllidae: Psyllinae) were included into the analyses and two Acizzia species (Psyllidae: Acizzinae) were used as outgroups (table 1). Pairwise distances were also computed using MEGA 6 (Tamura et al., 2013). 1). ",Qwen/Qwen3-32B,4096,0.2,True,"Okay, let's see. I need to figure out the rhetorical class for the citation marked as (CITSEG) in the given passage. The options are Background, Motivation, Uses, Extension, Comparison or Contrast, and Future.

First, I'll read through the passage to understand the context. The passage is about constructing phylogenetic trees using the NJ algorithm with bootstrap support in MEGA 6, based on the K2P model. The authors mention that this method is widely used in DNA barcoding analyses and cite several studies. Then they say they preferred to use the same methodology as previous studies on pear psyllids, even though there are some limitations, like the poor fit of the K2P model at the species level. The citation (CITSEG) is here: ""despite some potential limitations, such as a poor fit of the K2P model at the species level (CITSEG) Collins et al., 2012).""

So the citation is pointing out a limitation of the K2P model. The authors are using this citation to acknowledge a potential issue with the method they chose. They're not using the method from Collins et al., but rather citing them to mention a drawback. 

Looking at the rhetorical classes: 

- Background would be providing domain info. But here it's about a limitation, not just background info.
- Motivation is about supporting the need for their approach. They mention the limitation to justify why they still used the method despite it, which might be part of their motivation.
- Uses would be if they used the method from Collins, but they're citing the limitation, not using their method.
- Extension isn't right because they're not extending Collins' work.
- Comparison or Contrast could be if they're comparing their results to Collins', but here it's about the method's limitation.
- Future might be suggesting future research, but the citation is about a current limitation, not future work.

The key here is that the citation is used to highlight a limitation of the K2P model, which the authors are acknowledging. This serves as a reason why they chose the method despite its flaws. That seems like a Motivation because they're justifying their method choice by addressing a potential criticism. They're supporting their decision to use the method by referencing the existing literature that points out its limitations, thus motivating their approach. So the answer should be Motivation.",Motivation
22,background,,"Although prezygotic barriers may hinder interspecific mating, cases of hybridization are still not scarce. Potential interspecific hybridization experiments performed between the two invasive termite species, Coptotermes formosanus and Coptotermes gestroi, in the United States have indicated that hybrids may be more active in tropical areas than in temperate regions (Su et al. 2017, Patel et al. 2019). Heterosis has also been proposed in two invasive fire ant species, Solenopsis invicta and Solenopsis richteri, in which the hybrid offspring outcompeted several native ant species and exhibited lower temperature tolerance than both parent species (James et al. 2002, Gibbons andSimberloff 2005).  In psyllids, the acoustic signals transmitted through different host plants and the related structural properties, as well as morphological variations of the genitalia, are the major characteristics for the possible prereproductive isolation factors in speciation (Liao et al. 2016 (CITSEG) . In the case of C. chinensis and C. jukyungi, the transplantation and grafting of pear scions would increase the possibility of sympatric distribution in a pear tree. The potential for hybridization requires further study, particularly when the interspecific variations in genital characteristics are minute (Cho et al. 2017(Cho et al. , 2020)). Thus, it is essential to understand their present differentiation status and hybridization possibility, more genetic markers and samples from the overlapping distribution areas need to be evaluated. ",Qwen/Qwen3-32B,4096,0.2,True,"Okay, let's see. I need to figure out the rhetorical class for the citation marked as (CITSEG) in the given passage. The passage is about hybridization in different species, like termites, fire ants, and psyllids. The specific sentence with the citation is: ""In psyllids, the acoustic signals transmitted through different host plants and the related structural properties, as well as morphological variations of the genitalia, are the major characteristics for the possible prereproductive isolation factors in speciation (Liao et al. 2016 (CITSEG).""

First, I should recall the different rhetorical classes. The options are Background, Motivation, Uses, Extension, Comparison or Contrast, and Future. 

Looking at the sentence, the citation here is providing information about the factors in speciation for psyllids. The authors are explaining what characteristics are important for prereproductive isolation. This seems like it's giving context or background information about the domain, specifically about psyllids. The citation isn't supporting a need for the study (Motivation), nor is it about using a method from the cited work (Uses). It's not extending previous work either (Extension). There's no comparison or contrast with other studies here. Also, it's not suggesting future research directions. 

So the main purpose here is to provide relevant information about the factors in speciation for psyllids, which is part of the background knowledge in the field. Therefore, the correct class should be Background.",Background
23,uses,,"Root sampi es were avoided in order not to damage the plants and because the root growth was poorly developed under pot growth conditions. For DNA extraction, central veins of leaves were used; a modification of the phytoplasma emichment procedure developed by Kirckpatrick was adopted (Malisano et al., 1996). In 1995, groups of 50 individuals of C. pyri were collected from the same infected orchard in July, August and September, respectively, and were then analyzed by PCR.  For the analysis, the two different pairs of ribosomal primers used were: fPD/r0 1 (CITSEG) and AP3/ AP5 (Firrao et al., 1994) respectively. The DNA extraction from insects was according to Doyle and Doyle's procedure (1990). ",Qwen/Qwen3-32B,4096,0.2,True,"Okay, let's see. I need to figure out the rhetorical class for the citation marked as (CITSEG) in the given passage. The options are Background, Motivation, Uses, Extension, Comparison or Contrast, and Future.

First, I'll read through the passage to understand the context. The passage talks about DNA extraction methods and PCR analysis. The sentence with (CITSEG) is about using two different pairs of ribosomal primers: fPD/r0 1 (CITSEG) and AP3/AP5 (Firrao et al., 1994). The user wants to know what role the citation at (CITSEG) plays here.

Looking at the sentence structure, the authors mention that they used two primer pairs for their analysis. The first one is fPD/r0 1, which is cited with (CITSEG), and the second is AP3/AP5, cited with Firrao et al. So, the citation here is indicating that the primer pair fPD/r0 1 was developed or described in the cited work. The key here is whether they are using the method from that citation.

The ""Uses"" class is when the citation refers to a method, tool, dataset, or experimental setup that's directly used in the current study. In this case, the primer pair fPD/r0 1 is being used in their PCR analysis. The authors are adopting a method (the primer pair) from the cited work. So this fits the ""Uses"" category because they are directly using the primers developed in the cited paper.

I should check if there's another possible class. For example, if they were comparing their results to another study, it might be Comparison, but here they're just stating which primers they used. It's not about extending previous work (Extension) or providing background information. The primers are a tool they're using, so ""Uses"" is the right choice.",Uses
24,background,,"16SrI, 16SrII, 16SrIII, 16SrIV and 16SrVI were recovered as well-supported monophyletic groups, probably due to the limited sample coverage. Group 16SrXVIII was nested within 16SrXII as in the 16S tree. Group 16SrV was also recovered as a monophyletic lineage but with moderate support (bootstrap value 72).  Subgroups 16SrV-A, -C, -D and -E formed a sister group to 16SrV-B (or 16SrV-B + 16SrV-F in 16S tree), which was previously reported as the most divergent lineage with respect to the other groups (CITSEG) Jung et al., 2003). The positions of 16SrV-A and 16SrV-E were different in the two ML trees. 16SrV-C and -D, including FDp and FD-rp strains, were consistently recovered as closely related subgroups (clade in the gray box, Fig. S1), and three main clusters (A, B and C in Fig. S1) were detected. The first two clusters (A and B) include FDp in subgroup 16SrV-C and FD-rp strains, whereas the third one (cluster C) includes a well-supported monophyletic lineage of strains belonging to the 16SrV-D subgroup (bootstrap value 98) sister to SI04-S4 strain, and siblings to the FD-rp strains ALY + PGY-B. ",Qwen/Qwen3-32B,4096,0.2,True,"Okay, let's see. I need to figure out the rhetorical class for the citation in this passage. The citation is mentioned in the sentence: ""which was previously reported as the most divergent lineage with respect to the other groups (CITSEG) Jung et al., 2003)."" 

First, I'll look at the context. The authors are discussing the phylogenetic relationships of different subgroups (16SrV-A, -C, -D, etc.) and mention that 16SrV-B (or 16SrV-B + 16SrV-F) was previously reported as the most divergent lineage. The citation here is referencing a prior study by Jung et al., 2003.

Now, the rhetorical classes to consider are Background, Motivation, Uses, Extension, Comparison or Contrast, and Future. 

The key here is that the authors are referring to a previous finding (from Jung et al.) that established 16SrV-B as the most divergent lineage. They are not using this study's methods or data directly, nor are they extending it. Instead, they are providing context about prior knowledge in the field. This seems like it's setting up the background information that supports their current discussion of the phylogenetic structure. 

They aren't arguing for the need for their study (Motivation), nor are they comparing their results directly to contrast or compare (Comparison or Contrast). They're just stating what was previously found to give context to their current findings. So the most appropriate class here would be Background.",Background
25,background,,"Paramere clavate, broad (Fig. 19), longer than distal portion of aedeagus. Tip of aedeagus hook-shaped (Fig. 20). Female proctiger longer than 0.8 mm; long setae in apical third arranged in longitudinal rows, peg setae covering more than apical third (Fig. 18 Outer circumanal ring angular laterally, slightly zigzaggy, consisting of a single row of irregularly shaped pores; hind margin of circumanal ring widely separated from hind margin of abdomen by more than half its length (Fig. 63).  Lateral margin of forewing pad with 4-7 medium long, distinctly capitate setae (Fig. type=""figure"">62 (9) (10) (15) (16) (17) (18) (19) (20) (21) 23, 25, 27, 29, 31) Psylla pyrisuga sensu Kuwayama, 1908: 165; (CITSEG) Sasaki, 1954: 35;Miyatake, 1964: 27, nec Foerster, 1848: Diagnosis. Adult. Genal processes thickset (Fig. 15). Forewing oblong-oval (Fig. 16); veins dark, strongly contrasting with light membrane; apex of clavus lacking dark patch; surface spinules present in all cells, leaving broad spinule-free stripes along veins. ",Qwen/Qwen3-32B,4096,0.2,True,"Okay, let's see. I need to figure out the rhetorical class for the citation in this passage. The passage is describing some morphological features of an insect, probably a psyllid, given the mention of ""Psylla pyrisuga"" and the detailed anatomical terms like paramere, aedeagus, proctiger, etc. The citation is placed right after the species name and authorship, which is common in taxonomic descriptions.

The sentence structure here is giving a diagnosis or description of the adult, listing various physical characteristics. The citation here is likely referencing previous works that have described this species or similar ones. The authors mentioned (Kuwayama, 1908; Sasaki, 1954; Miyatake, 1964) are probably the ones who originally described the species or provided key characteristics. 

Looking at the rhetorical classes: Background is for providing domain information. Motivation is about supporting the need for the study. Uses would be if they're using a method from the cited work. Extension is if they're building on the cited work. Comparison or Contrast is when they compare their results to others. Future is about suggesting future research.

In this case, the citation is part of the taxonomic description, providing the original references for the species. This seems like providing background information because it's establishing the context and prior work in the field. The authors are citing previous descriptions to situate their own work within existing taxonomy. There's no indication they're extending the work, using a method, or comparing results. It's more about giving the foundational references for the species they're discussing. So the most appropriate class here is Background.",Background
26,background,," Liberibacter solanacearum also affects plants from the family Apiaceae such as celery (Apium graveolens L.) and carrot in Europe, Africa and the Middle East (Munyaneza et al. 2010a; 2015; Alfaro-Fernández et al. 2012a; 2012b; Loiseau et al. 2014; (CITSEG) Teresani et al. 2014). Symptoms of CaLsol in carrot and celery include abnormal proliferation of shoots, stem curling, as well as purple or yellow discoloration and root size reduction. In recent years, CaLsol has caused severe economic losses to the fresh carrot market in Norway, Finland, Germany and Spain (Munyaneza et al. 2010a;Teresani et al. 2014;Bertolini et al. 2015). Four different haplotypes of CaLsol (C, D, E, and H) have been found to infect Apiaceous crops in Europe. ",Qwen/Qwen3-32B,4096,0.2,True,"Okay, let's see. I need to figure out the rhetorical class for the citation marked as (CITSEG) in the given passage. The options are Background, Motivation, Uses, Extension, Comparison or Contrast, and Future.

First, I'll read the passage carefully. The sentence where the citation is placed is: ""Liberibacter solanacearum also affects plants from the family Apiaceae such as celery (Apium graveolens L.) and carrot in Europe, Africa and the Middle East (Munyaneza et al. 2010a; 2015; Alfaro-Fernández et al. 2012a; 2012b; Loiseau et al. 2014; (CITSEG) Teresani et al. 2014)."" 

The context here is providing information about where and which plants are affected by this bacterium. The authors are listing various studies that support the geographical distribution and host plants. The next sentence talks about symptoms and economic losses, citing other studies as well. 

The key part is that the citation (CITSEG) is part of a list of references that support the claim about the geographical regions and plant families affected. This seems like providing background information to set the context for the current discussion. The authors are establishing the existing knowledge about the bacterium's impact, which is foundational for the rest of the paper. 

Looking at the example for Background: ""in the USA the use of magnetic water treatment devices has been spreading since 1975 (CITSEG)."" Here, the citation supports a factual statement about the spread of a technology. Similarly, in the given passage, the citation supports a factual statement about the regions and plants affected. 

Motivation would be if the citation was used to justify why the research is needed. Uses would be if they directly used a method from the cited work. Extension would be if they built upon the cited work's results. Comparison or Contrast would involve comparing their results with others. Future would be about suggesting future research. 

Since the citation here is just providing supporting evidence for a background statement, the correct class is Background.",Background
27,background,,"Additionally, the infection of Citrus trees with the phloem dwelling proteobacterium Candidatus Liberibacter asiaticus induced the SA-pathway [72] and resulted in an increased emission of methyl salicylate from infected plants [73]. Auxins (IAA and IBA) were shown to induce the recovery of periwinkle plants from 'Ca. P. pruni' and 'Ca.  P. asteris' infections (CITSEG) , illustrating the importance of IAA in plant-pathogen interactions. Interestingly, the IAA concentration in infected P. persica plants was significantly lowered compared to healthy peach trees. A reduced auxin content was also detected in leaves of lime infected with 'Ca. P. aurantifoliae' [75]. ",Qwen/Qwen3-32B,4096,0.2,True,"Okay, let's see. I need to figure out the rhetorical class for the citation in this passage. The passage is talking about how auxins like IAA and IBA help periwinkle plants recover from certain infections, citing a study (CITSEG). The example given is about the importance of IAA in plant-pathogen interactions.

First, I'll recall the different classes. Background is for providing domain info. Motivation is about supporting the need for the study. Uses refers to methods or tools used. Extension means the current work builds on the cited one. Comparison or Contrast is when they compare their results to others. Future is about suggesting future research.

In this case, the citation is used to illustrate the importance of IAA in plant-pathogen interactions. The authors are showing that auxins help in recovery, which supports their discussion on the role of IAA. This seems like providing background information about the domain, explaining a known effect. But wait, maybe it's motivation? If they're using the citation to show why their study is needed. However, the example given in the Background class mentions providing relevant domain info. The sentence here is explaining a known effect (IAA's role) to set the context for their findings about reduced auxin in infected plants. So it's more of a background statement. Alternatively, if the citation is used to support their own argument for why they did the study, that would be motivation. But here, it's more about establishing existing knowledge. So I think Background is the right class here.",Background
28,background,,"Slow decline generally becomes noticeable in late summer or autumn when affected trees show premature leaf reddening, leaf rolling and early leaf fall. Further disease symptoms may vary in severity. Generally, infected trees are characterised by fewer, smaller and leathery leaves, reduced terminal growth, diminished fertility and fruit size and eventually, death of trees.  A necrotic phloem ring at the graft union may develop (EPPO 2019; (CITSEG) . In Austria, pear decline is widespread (Steffek et al. 2011) and causes severe losses in intensive as well as extensive pear orchards. The main cultivar in intensive pear cultivation in Austria is cv. Williams' (around 40% of the total production, Statistics Austria 2019), a cultivar considered as very susceptible to pear decline (EPPO 2019). ",Qwen/Qwen3-32B,4096,0.2,True,"Okay, let's tackle this classification task. The user provided a passage with a citation marked as (CITSEG), and I need to determine which rhetorical class it fits into. The options are Background, Motivation, Uses, Extension, Comparison or Contrast, and Future.

First, I'll read through the passage to understand the context. The passage is discussing pear decline, a disease affecting pear trees. It describes symptoms like premature leaf reddening, reduced growth, and the development of a necrotic phloem ring. The citation (CITSEG) is mentioned alongside EPPO 2019 and Steffek et al. 2011. The next sentence talks about the prevalence in Austria and the main cultivar affected, Williams', which is very susceptible.

Now, looking at the sentence where (CITSEG) is placed: ""A necrotic phloem ring at the graft union may develop (EPPO 2019; (CITSEG)."" The citation here is providing information about the disease symptom, specifically the necrotic phloem ring. The other citations (EPPO 2019 and Steffek et al. 2011) are also giving background information on the disease's symptoms and its impact in Austria.

The key here is to determine the rhetorical role. Since the citation is explaining a symptom of the disease, which is part of the general background information about pear decline, it's likely in the Background category. The passage isn't using the citation to motivate a study, compare methods, or suggest future work. It's simply providing relevant domain information to set the context for the reader about what pear decline entails. The other citations in the same context also support this, as they mention the disease's spread and effects, which are all background details.

I should check if there's any indication of motivation or use of a method. The passage doesn't mention using a specific method from the cited work, nor is it motivating the need for the current study. It's just describing the problem. Therefore, the correct class here is Background.",Background
29,background,,"In theory, the Prunus SEs have a higher flow resistance because of their shortness and increasing number of sieve plates, which might be balanced with a higher amount of CCs per SEs. The CCs guarantee the physiological function of the SEs and a rise of CCs per SEs might enable the Prunus species to establish higher pressures, higher viability or turnover. In particular, the P. communis/ 'Ca.  P. pyri´-system is of high scientific interest, as disease severity shows huge variance from mild symptoms, such as premature foliar reddening, to severe growth depression and the quick decline of infected trees (CITSEG) . The physiological phloem parameters in pear and peach are more affected than in apple All observed results regarding the particular morphological (Figs 1234) and functional measurements (Fig 5) illustrate well the consequences of a phytoplasma infection for a plant. However, depending on the individual host-pathogen system, they are heterogeneous between the systems and specific within. ",Qwen/Qwen3-32B,4096,0.2,True,"Okay, let's see. I need to figure out the rhetorical class for the citation in this passage. The passage is talking about Prunus species and their sieve elements (SEs), specifically mentioning the P. communis/'Ca. P. pyri' system. The citation is placed after a statement about the system being of high scientific interest because disease severity varies a lot from mild to severe symptoms.

First, I should recall the different rhetorical classes. The options are Background, Motivation, Uses, Extension, Comparison or Contrast, and Future. 

The Background class is for providing domain information. The Motivation class is about supporting the need for the study. Uses refers to methods or tools used. Extension is when the current work builds on the cited work. Comparison or Contrast is when the work is compared or contrasted. Future is about suggesting future research.

In this case, the citation is given to explain why the P. communis system is of high scientific interest. The reason given is the variance in disease severity. This seems to be providing context or background information about the system's importance in the field. The authors are setting up why this particular system is worth studying, which might be part of motivating their research. However, the exact role here is to explain the significance of the system, which could be part of the background. Alternatively, if they are using this to justify their own study's focus, it might be Motivation. 

Looking at the example for Motivation: the example shows that previous research shows a phenomenon that needs explanation, leading to the purpose of the current work. In this case, the citation is explaining why the system is interesting (due to disease severity variance), which could be supporting the need for their study. However, the sentence says ""is of high scientific interest"" which is more about establishing the context rather than directly supporting the need for their specific research. 

The example for Background is providing relevant domain info. The citation here is giving information about the disease severity in the system, which is part of the domain context. So maybe Background is the right class. But I need to check if it's supporting the need for their study. The next sentence says that the physiological parameters in pear and peach are more affected than in apple, which might be part of their findings. The citation is explaining why the system is interesting, which could be part of the background information that sets the stage for their research. 

Alternatively, if the citation is used to highlight a problem that their study addresses, it would be Motivation. But the passage doesn't explicitly state that the current study is addressing the variance in disease severity. It's more about the system's characteristics and the effects of phytoplasma infection. The citation is providing context about the system's significance, so Background seems appropriate. 

So the answer is Background.",Background
30,background,,"In summer, leaf yellowing or reddening in combination with leaf roll is the common symptom (Marcone et al. 2011). These symptoms are highly correlated with the presence of the phytoplasma as detected by molecular means (Jarausch et al. 1998;Jarausch et al. 2008). Infected trees may also show less specific symptoms like leaf deformation, reduced terminal growth, die-back and decline.  ESFY is known to occur in most southern and central European countries (CITSEG) Marcone et al. 2010Marcone et al. , 2011) ) but it has also been detected in Asia Minor (Jarausch et al. 2000;Sertkaya et al. 2005;Tedeschi et al. 2013;Allahverdi et al. 2014;Valasevich and Schneider 2016) as well as in northern Africa (Ben Khalifa et al. 2011). Its highest spread is in the Mediterranean basin while its northern border ranges from England (Davies and Adams 2000) via Germany (Jarausch et al. 2007b) to Poland (Cieślińska and Morgaś 2011). In Germany, the first detection of the agent in different Prunus species has already been reported in 1992 by Lederer and Seemüller. Carraro et al. (1998) identified the psyllid species Cacopsylla pruni (Scopoli) as vector for 'Ca. P. prunorum' in Italy and Jarausch et al. (2001) confirmed the vector capacity of this psyllid species in France. ",Qwen/Qwen3-32B,4096,0.2,True,"Okay, let's see. I need to figure out the rhetorical class for the citation marked as (CITSEG) in the given passage. The options are Background, Motivation, Uses, Extension, Comparison or Contrast, and Future.

Looking at the passage, the sentence with (CITSEG) is: ""ESFY is known to occur in most southern and central European countries (CITSEG) Marcone et al. 2010Marcone et al. , 2011) ) but it has also been detected in Asia Minor..."" So the citation here is providing information about where ESFY occurs. The context is about the geographical distribution of the disease. 

The rhetorical classes: Background is for providing relevant domain information. Motivation is about supporting the need for the study. Uses refers to methods or tools used. Extension would be if they're building on the cited work. Comparison or Contrast would be discussing similarities/differences. Future is about suggesting future research.

This citation is stating that ESFY is found in certain regions, which is background information about the disease's prevalence. It's not motivating a new study, using a method, extending previous work, comparing, or suggesting future work. So the most appropriate class here is Background.",Background
31,background,,"Hybridization analyses with a PD-specific chromosomal probe, pCPD-M10. CPD-M10 is a cloned 1.6-kb fragment of the PD chromosome.  It contains three open reading frames that share homology and gene order with putative sugar transport genes in Mycoplasma genitalium (CITSEG) . CPD-M10 was amplified by PCR with primers fCPD and rCPD (13,21) from PD-infected pear DNA, and cloned with the TOPO TA Cloning System (Invitrogen, Carlsbad, CA). pCPD-M10 was digested with EcoRI to release CPD-M10, and the fragment was gel-purified (Prep-A-Gene; Bio-Rad, Hercules, CA). The purified CPD-M10 DNA was quantified with a minifluorometer (TKO 100; Amersham Biosciences, Piscataway, NJ) before being used as a standard in dot blot analysis or as a hybridization probe. ",Qwen/Qwen3-32B,4096,0.2,True,"Okay, let's see. I need to figure out the rhetorical class for the citation in this passage. The passage is about a PD-specific chromosomal probe called pCPD-M10. It mentions that CPD-M10 has three open reading frames with homology and gene order similar to putative sugar transport genes in Mycoplasma genitalium, and there's a CITSEG here.

First, I should recall the different rhetorical classes. The options are Background, Motivation, Uses, Extension, Comparison or Contrast, and Future. 

Looking at the example for Background: it's when the citation provides relevant domain information. The example given was about magnetic water treatment in the USA. In this case, the citation is about homology with Mycoplasma genitalium's genes. That seems like providing background information about the genetic similarities, which is relevant to the domain. 

Motivation is about supporting the need for the study. The example there was about previous research showing something and the need to explain it. Here, the citation is explaining the genetic structure, not necessarily motivating the current study's goals. 

Uses would be if they directly used a method or tool from the cited work. The example was an experimental setup. In this passage, they mention using a probe and PCR, but the CITSEG is about the homology with Mycoplasma genes. The methods they used (like PCR, cloning) are referenced with (13,21) and specific products, not the CITSEG. So maybe not Uses. 

Extension would be if they extended the cited work. The example was improving a method. Here, they're using the homology information but not extending it. 

Comparison or Contrast is when they compare their results to others. The example was about differing results. The CITSEG here is about similarity in gene structure, but it's not a direct comparison of results between studies. 

Future is about suggesting future research. The example was about potential broader applicability. The CITSEG here isn't pointing to future work. 

So, the citation is providing background information about the genetic homology, which is relevant to understanding the PD chromosome's structure. Therefore, the correct class is Background.",Background
32,background,,"In the citrus orchards of São Paulo state, Brazil, it was observed that the D. citri female lays an average of 8.3 eggs per flush shoot (Paiva &amp; Parra 2012). Eggs hatch within 2.6 to 9.7 d, the duration of the nymphal stage varies from 9.4 to 39.6 d, and the biological cycle (egg to adult) varies from 12.1 to 49.3 d at temperatures from 15 to 32 °C (Nava et al. 2007). Egg viability ranges from 81.6 to 96.2 % at 15-32 °C (Liu &amp; Tsai 2000;Nava et al. 2007); nymph viability ranges from 70 to 77.5 % at 18-30 °C; however, it is dramatically reduced (only 7 %) at a constant temperature of 32 °C (Nava et al. 2007).  At 15 to 33 °C, female longevity varies from 88.3 to 28.7 d and is 38 % higher than male longevity (Liu &amp; Tsai 2000; (CITSEG) . Overall, the optimum temperature range for population growth of D. citri is between 25 °C and 28 °C (Liu &amp; Tsai 2000). This psyllid is well-adapted to humid and warm weather, but it may survive in cold, including freezing temperatures (Hall et al. 2011). In part, this fact explains why D. citri is currently present in most continents, with the exception of Europe (CABI 2020). ",Qwen/Qwen3-32B,4096,0.2,True,"Okay, let's see. I need to figure out the rhetorical class for the citation marked as (CITSEG) in the given passage. The options are Background, Motivation, Uses, Extension, Comparison or Contrast, and Future.

First, I'll look at the context around the (CITSEG). The sentence before it says, ""female longevity varies from 88.3 to 28.7 d and is 38 % higher than male longevity (Liu & Tsai 2000; (CITSEG) )."" Wait, the citation here is part of a list of references. The main point here is providing data on the longevity of female D. citri compared to males. The authors are giving specific numbers and citing previous studies. 

The rhetorical classes: Background is for providing domain information. Motivation is about supporting the need for the study. Uses is when they directly use a method or tool. Extension is if they build on prior work. Comparison or Contrast is when they compare their results with others. Future is about suggesting future research.

In this case, the citation is part of presenting existing data on the insect's life cycle. The authors are compiling information about the psyllid's biology, like egg-laying, hatching times, viability, and longevity. The (CITSEG) is in a list of references supporting the statement about female longevity. Since they're just providing existing information to set the stage for their discussion, this seems like Background. They're not using the cited work's method, nor are they extending it or comparing their results. It's just foundational information about the species' biology. So the answer should be Background.",Background
33,uses,,"P. prunorum' (Danet et al. 2011). Moreover, differences in strain virulence were described by Kison and Seemüller (2001) and others. Danet et al. (2011) and recently Dermastia et al. (2018) could correlate the aceF type A6 to hypo-virulent strains which induce no or only mild symptoms in Prunus.  We contributed 22 German isolates covering 5 stone fruit growing regions with 16 apricot or peach orchards to the MLST analysis of (CITSEG) . Eight different haplotypes of 'Ca. P. prunorum' were identified. The main haplotype aceF A3-pnp P1-imp I1-secY S1 was found in all regions and was identified by Dermastia et al. (2018) as founder haplotype of 'Ca. ",Qwen/Qwen3-32B,4096,0.2,True,"Okay, let's tackle this classification task. The user provided a passage with a citation marked as (CITSEG), and I need to determine its rhetorical class from the given options: Background, Motivation, Uses, Extension, Comparison or Contrast, Future.

First, I'll read through the passage to understand the context. The passage discusses research on 'Ca. P. prunorum', mentioning previous studies by Danet et al. (2011), Kison and Seemüller (2001), and Dermastia et al. (2018). The key part here is the sentence: ""We contributed 22 German isolates... to the MLST analysis of (CITSEG)."" The authors are adding their data to an existing MLST analysis. 

Now, looking at the options. The ""Uses"" class is for when the cited work's method, tool, dataset, etc., are directly used. Here, the MLST analysis is being referenced, and the authors are contributing their isolates to that analysis. This suggests they are using the existing MLST framework or dataset from the cited work. 

Is it ""Extension""? That's when the current work extends the cited work. But here, they're contributing data to an existing analysis, not necessarily extending the methods or results. 

""Comparison or Contrast"" might be if they were comparing their results to the cited work, but the passage is about adding data, not comparing. 

""Background"" is for providing domain info, but the citation here is about using a specific method (MLST analysis). 

""Motivation"" would be if the citation is supporting the need for their study, but the citation here is about the method they're using. 

Therefore, the most fitting class is ""Uses"" because they are directly contributing to the MLST analysis mentioned in the cited work, implying they are using that existing analysis as part of their study.",Uses
34,background,,"Differences observed in symptom expression by different CaLsol haplotypes could be related to distinct CaLsol titres in the infected plants, potato cultivars used as recipient plant or haplotype-host interactions. In fact, haplotype C titres in asymptomatic potato were comparable to those obtained from symptomatic plants infected with haplotypes A and B, suggesting that the downward movement of haplotype C in potato phloem is slower than that of the American haplotypes A and B (Haapalainen et al. 2018). Moreover, in the same work, attempts to transmit CaLsol (haplotype C) to potato by T. apicalis were not successful, result that could be easily explained because potato is not a host plant for T. apicalis.  By contrast, B. nigricornis is known to be able to properly feed from the phloem and colonize potato crops (Fathi et al. 2011; (CITSEG) , which facilitates the transmission of phloemrestricted pathogens. Further studies are needed to answer all these questions concerning the CaLsol haplotypes-psyllid species-host plant interactions and the CaLsol epidemiology. The vector propensity of B. nigricornis from potatoto-potato plants was also assessed in an additional study. Potato (cv. ",Qwen/Qwen3-32B,4096,0.2,True,"Okay, let's see. I need to figure out the rhetorical class for the citation marked as (CITSEG) in the given passage. The options are Background, Motivation, Uses, Extension, Comparison or Contrast, and Future.

First, I'll read through the passage to understand the context. The passage is discussing differences in symptom expression among CaLsol haplotypes and their relation to factors like titre levels, potato cultivars, and host interactions. It mentions a study by Haapalainen et al. 2018 where haplotype C had lower movement in potato phloem compared to A and B. Then it talks about transmission attempts by T. apicalis being unsuccessful because potato isn't their host. Then it contrasts that with B. nigricornis, which can feed on potato phloem, facilitating pathogen transmission. The next part says ""Fathi et al. 2011; (CITSEG), which facilitates the transmission..."" Wait, the citation here is part of a list mentioning studies that show B. nigricornis can colonize potato crops. The sentence is explaining that because B. nigricornis can feed on potato, it helps transmit pathogens. The citation here is providing evidence for that statement.

So the role of the citation here is to support the claim that B. nigricornis can properly feed and colonize potato crops, which in turn explains their role in transmission. The author is using the cited work to back up the assertion about the psyllid's ability. That sounds like Background because it's providing relevant information about the psyllid's behavior in the context of the study. Alternatively, could it be Motivation? Motivation is about supporting the need for the study. But here, the citation is giving existing knowledge to support a point in the argument, not necessarily the need for the research. The passage later says ""Further studies are needed..."" which is Future, but the (CITSEG) is in the part explaining why B. nigricornis is a vector. So the citation is providing background information on the psyllid's host interaction. Therefore, the correct class should be Background.",Background
35,background,,"South Haven' were grown on peach seedlings cv. 'South Haven' were grown on peach seedlings cv.  'Montclar' (non-infected control, n = 4). Additional apple, pear and peach plants were inoculated by grafting of two buds from trees infected with the respective phytoplasma.  Apple trees were infected with a virulent accession (3/6, n = 13) in 2017 (CITSEG) [78][79]. Pear trees were infected with 'Ca. P. pyri' (PD-W, n = 5) in 2012 (Table 5). This strain causes mild symptoms but no quick decline [9], peach trees were infected with 'Ca. ",Qwen/Qwen3-32B,4096,0.2,True,"Okay, let's see. I need to figure out the rhetorical class for the citation in this passage. The passage is talking about how some plants were infected with different phytoplasmas. The specific part with the citation is about apple trees being infected with a virulent accession (3/6, n = 13) in 2017. The citation here is (CITSEG) with references [78][79].

First, I should recall the different rhetorical classes. The options are Background, Motivation, Uses, Extension, Comparison or Contrast, and Future. 

Looking at the example for ""Uses"": the example was about an experimental setup described in a previous paper. The key here is that the cited work's method or tool is directly used in the current study. In this case, the apple trees were infected using a specific accession (3/6) mentioned in the citation. The authors are probably using that particular strain from the cited work to conduct their own experiments. So they're using the method or the specific phytoplasma strain described in the cited papers. 

Is there any other possible class? Let's check. Background would be providing domain information. But here it's about the specific method of infection they used, which is part of their experimental setup. Motivation would be about justifying the need for their study, which doesn't seem to be the case here. Extension would mean they're building on the cited work's results, but they're using the method. Comparison would involve comparing their results to the cited work's, which isn't happening here. Future is about suggesting future research, which isn't the case. 

So the most fitting class here is ""Uses"" because they are directly using the virulent accession from the cited work in their own experiments. The citation is providing the source of the specific strain they used for infection. That aligns with the ""Uses"" class where the cited work's method or material is directly applied in the current study.",Uses
36,background,,"Trioza erytreae (Del Guercio 1918) CITRUS Cacopsylla citrisuga (Yang &amp; Li 1984) Diaphorina communis (Mathur 1975) Bactericera cockerelli (Šulc 1909) SOLANACEAE Bactericera trigonica (Hodkinson 1981) Trioza apicalis (Foerster 1848) APIACEAE  HLB is the most destructive citrus disease worldwide, due to the severity of symptoms, potential for disease progression, and susceptibility of all commercial citrus varieties (CITSEG) . In addition to a reduced fruit quantity and quality (Baldwin et al. 2010), HLB causes indirect losses due to the high costs involved in disease management (Bové 2006;Gottwald 2010). Successful management of HLB depends on the knowledge of the relationships between the pathogen, the insect vectors, host plants, and the environment (Bové 2006). These bacteria are phloem-restricted and their natural spread depends on two psyllid species, D. citri and T. erytreae, which are the only known vector species transmitting the three bacteria species causing HLB. ",Qwen/Qwen3-32B,4096,0.2,True,"Okay, let's see. I need to figure out the rhetorical class for the citation marked as (CITSEG) in the given passage. The passage is about HLB, which is a citrus disease. The sentence with the citation says, ""HLB is the most destructive citrus disease worldwide, due to the severity of symptoms, potential for disease progression, and susceptibility of all commercial citrus varieties (CITSEG)."" 

First, I should recall the different rhetorical classes. The options are Background, Motivation, Uses, Extension, Comparison or Contrast, and Future. 

The Background class is for providing relevant domain information. The Motivation class is about supporting the need for the study's goals or methods. Uses would be if they directly used a method or data from the cited work. Extension means the current work builds on the cited one. Comparison or Contrast is when they compare their results with others. Future is about suggesting future research directions.

Looking at the sentence, the citation is used to state that HLB is the most destructive disease because of certain factors. This seems like providing context or background information about the disease's impact, which is necessary for understanding why the research is important. However, is it Background or Motivation? 

Motivation is about justifying the need for the research. If the citation is supporting why the research is needed (i.e., because HLB is so destructive), then it might be Motivation. But if it's just giving general information about HLB's status, it's Background. 

The example for Background includes a statement about the spread of a treatment method, which is factual info. The example for Motivation includes previous research showing a phenomenon and the need to understand it. In this case, the citation is stating the severity of HLB, which sets the stage for why managing it is important. That seems like providing background on the problem's significance. However, if the citation is used to argue why the research is necessary (i.e., because it's so destructive), then it's Motivation. 

But the sentence is more of a factual statement about HLB's status rather than directly supporting the need for the current study's specific goals. The next sentences talk about management challenges and dependencies, which might be part of the motivation. However, the specific citation here is in the sentence that introduces HLB's destructiveness. 

I think this is Background because it's providing foundational information about HLB's impact, which is necessary for the reader to understand the context. The Motivation would come later when they discuss why their specific research is needed based on that background. So the answer is Background.",Background
37,background,,"They are also present in other hemipteran insects (Forbes, 1969;Ullman and McLean, 1986;Zhao et al., 2010;Garzo et al., 2012). The number of protrusions varies among different species, which may be related to the hardness of the leaves of the host plant (Forbes, 1977;Rosell et al., 1995;Zhao et al., 2010;Garzo et al., 2012). On the distal extremity of each mandibular stylet tip more than 10 parallel barb-like ridges can be seen in C. chinensis (Fig. 7D).   (CITSEG) and Garzo et al. (2012) also observed the same number of teeth on the mandibles of the psyllids C. pyricola and Diaphorina citri respectively, whereas Pollard (1970) found 8 teeth in adults (7 teeth in nymphs) on the mandibles of C. mali. These tooth-like protrusions on the lateral side of mandibular stylets are used to stabilize the maxillary stylets during probing and hold onto host tissues, serving as a fulcrum for the movement of the maxillae (Cobben, 1978;Leopold et al., 2003). The mandibular stylets of C. chinensis are similar to those of other studied Sternorrhyncha, in which they are not mirror images of each other but are reversed in relation to each other in orientation (Forbes, 1977;Cobben, 1978;Freeman et al., 2000;Garzo et al., 2012). Moreover, the inner surface of the mandibular stylets and the outer surface of the maxillary stylets are both smooth (Fig. 7F andG), thus contributing to the alternating protractions of the mandibular stylets followed by protraction of the maxillary stylets when in use (Forbes, 1977). ",Qwen/Qwen3-32B,4096,0.2,True,"Okay, let's tackle this classification task. The user provided a passage with several citations, and I need to determine the rhetorical class of the CITSEG placeholder. First, I'll read through the passage to understand the context.

The passage discusses the structure of mandibular stylets in different insect species, specifically mentioning C. chinensis and others. The CITSEG is in the sentence: ""On the distal extremity of each mandibular stylet tip more than 10 parallel barb-like ridges can be seen in C. chinensis (Fig. 7D). (CITSEG) and Garzo et al. (2012) also observed the same number of teeth on the mandibles of the psyllids C. pyricola and Diaphorina citri respectively...""

Looking at the surrounding text, the authors are comparing their observations with previous studies. They mention that CITSEG and another study found similar numbers of teeth in different species. This seems to be pointing out similarities between their findings and existing research. 

Now, checking the rhetorical classes. The ""Comparison or Contrast"" class is for when the citation is used to express similarity or differences. Here, the authors are showing that their results align with previous studies (CITSEG and Garzo et al.), which is a comparison. 

Other classes like Background or Motivation don't fit because they're not providing general information or justifying the need for the study. It's not about methods (Uses) or extending prior work (Extension). Future is also not applicable here. So the correct class should be Comparison or Contrast.",Comparison or Contrast
38,background,,"Total DNA used in this study was purified from plants and insects based on the method of Liu et al. (2007a). To amplify the full length of the 16S rDNA sequence and the 16S-23S rDNA ISR of phytoplasma that is associated with pear decline in Taiwan from plants or the insect vector, C. chinensis, a PCR or semi-nested PCR, was performed.  In direct PCR or the first amplification of semi-nested PCR, the universal phytoplasma primers P1/ P7 (CITSEG) Schneider et al., 1995) were used. In the second amplification of semi-nested PCR, the reverse primer L1n was used (Liu et al., 2007a). The PCR and the semi-nested PCR were performed as described by Liu et al. (2007a). The PCR products were cloned using a TOPO TA cloning kit (Invitrogen, San Diego, CA) and the inserted fragments were sequenced (Mission Biotech, Taipei, Taiwan). ",Qwen/Qwen3-32B,4096,0.2,True,"Okay, let's see. I need to figure out the rhetorical class for the citation marked as (CITSEG) in the given passage. The passage is about a study where they purified DNA from plants and insects using a method from Liu et al. (2007a). Then they did PCR and semi-nested PCR to amplify certain DNA sequences. The part with the citation is when they mention using the universal phytoplasma primers P1/P7 (CITSEG) Schneider et al., 1995). 

So the question is, what role does this citation play here? Let me look at the options again. The classes are Background, Motivation, Uses, Extension, Comparison or Contrast, Future.

The citation here is about the primers P1/P7. The authors are using these primers in their PCR process. The sentence says they used the universal phytoplasma primers P1/P7 (CITSEG) Schneider et al., 1995). So the primers are a method or tool that they are directly using in their study. The ""Uses"" class is for when the citation refers to a method, tool, dataset, or experimental setup that's directly used. That seems to fit here because they're using the primers developed by Schneider et al. in their experiments. 

Let me check if there's another possible class. Could it be Background? Background is for providing relevant domain information. But here, it's specifically about using a tool (primers) from the cited work. So ""Uses"" makes more sense. The other citations in the passage, like Liu et al. (2007a), are also about methods they used, but the (CITSEG) here is specifically for the primers. 

I don't think it's Extension because they're not extending the cited work's results. It's not a comparison or contrast either. The citation is just to reference the source of the primers they used. So the correct class should be ""Uses"".",Uses
39,background,,"Besides the direct and local defence mechanisms, an activation and systemic distribution of signalling compounds such as phytohormones via the SEs, may be induced by phytoplasmas and may have an impact on the plant's defence.  Moreover, typical symptoms, such as development of witches' brooms, smaller fruits, reduced leaf and vascular morphology of diseased apple trees, can be explained with an infection-induced imbalance of phytohormones (CITSEG) . In apple and peach trees, SA and JA-Ile levels significantly increased in infected trees, indicating the involvement of defence pathways to phytoplasma colonization. Furthermore, the content of ABA in apple leaves increased as well. Commonly, SA plays the central role for the interaction between biotrophic pathogens and host plants [62,63] and an increase of SA in apple trees after Ca. ",Qwen/Qwen3-32B,4096,0.2,True,"Okay, let's see. I need to figure out the rhetorical class for the citation in this passage. The passage is talking about phytoplasmas and their effects on plants, specifically apple trees. The citation is mentioned in the context of explaining symptoms like witches' brooms and changes in phytohormone levels.

The sentence says, ""can be explained with an infection-induced imbalance of phytohormones (CITSEG)."" So the citation here is providing a reason or explanation for the symptoms observed. The rhetorical classes include Background, Motivation, Uses, Extension, Comparison or Contrast, and Future. 

Background is for providing domain information. Motivation is about supporting the need for the study. Uses refers to methods or tools used. Extension is when the current work builds on the cited work. Comparison or Contrast is when the work is similar or different. Future is about suggesting future research.

In this case, the citation is explaining the cause of the symptoms (imbalance of phytohormones). That seems like it's providing background information on how phytoplasmas affect the plant's physiology. The authors are using the citation to establish the existing understanding of the symptoms, which supports the context of their discussion. So maybe Background? But wait, the example for Motivation includes supporting the need for data or goals. However, here it's more about explaining a phenomenon that's already known, which would be Background. The example given for Background is about the spread of magnetic water treatment devices, which is providing context. Similarly, here the citation is providing the established explanation for the symptoms, so Background seems right. The other options don't fit as well. It's not a method they used, nor is it extending previous work. It's not a comparison or future work. So the answer should be Background.",Background
40,background,,"Shu-Ling LIU 1 , Hsiu-Lin LIU 1 , Shu-Chen CHANG 2 , and Chan-Pin LIN 1, * with pear decline in Taiwan (Liu et al., 2007b;Yang et al., 2004). In a study that monitored PDTW phytoplasma in C. chinensis from 2003 to 2006, partial rDNA sequences of a phytoplasma of group 16SrII (741 bp) and sequences of PDTW phytoplasma were frequently identified in individual psyllids (Liu et al., 2007b). According to restriction fragment length polymorphism (RFLP) analysis, the causative agent of pear decline in southern Australia is the sweet potato little leaf (SPLL) phytoplasma, which belongs to the 16SrII group (Schneider and Gibb, 1997).  The symptoms of phytoplasma-affected pears (Pyrus communis) in Australia are not of curling and reddening leaves (Agrios, 2005) but of decline and dieback (CITSEG) . Whether the sequences of the 16SrII phytoplasma found in C. chinensis indicate the existence of group 16SrII-pear decline phytoplasma in Taiwan has thus become a relevant concern. Leaf redness and curling followed by progressive weakening and wilt of P. serotina Rehd. cv. ",Qwen/Qwen3-32B,4096,0.2,True,"Okay, let's see. I need to figure out the rhetorical class for the citation marked as (CITSEG) in the given passage. The options are Background, Motivation, Uses, Extension, Comparison or Contrast, and Future.

First, I'll read through the passage to understand the context. The passage is discussing phytoplasma in pears, specifically in different regions like Taiwan and Australia. The authors mention studies by Liu et al. (2007b), Yang et al. (2004), Schneider and Gibb (1997), and Agrios (2005). The part with (CITSEG) is in the sentence: ""The symptoms of phytoplasma-affected pears (Pyrus communis) in Australia are not of curling and reddening leaves (Agrios, 2005) but of decline and dieback (CITSEG).""

So, the sentence is contrasting the symptoms in Australia. The first part cites Agrios (2005) for the curling and reddening leaves, and then the (CITSEG) is used to state that in Australia, the symptoms are decline and dieback. This seems like a comparison or contrast between different studies or regions. The key here is that they are pointing out a difference in symptoms between what's known (from Agrios) and what's observed in Australia (from the cited work). 

The rhetorical class ""Comparison or Contrast"" is assigned when the citation is used to express similarity or differences. In this case, the authors are contrasting the symptoms described in Agrios (2005) with those found in their study (CITSEG). Therefore, the correct class should be Comparison or Contrast.",Comparison or Contrast
41,background,,"Bactericera nigricornis is a polyphagous species that can feed and reproduce in both Solanaceae and Apiaceae among other families. This species has been found on both carrot (Daucus carota L.) and potato crops in Europe (see section on CaLsol vectors in Apiaceae for a complete description of the species). Thus, B. nigricornis could potentially transmit CaLsol from carrot to potato crops and viceversa.  Although eggs and immatures B. nigricornis are rarely observed during visual inspections in the field, the reproduction and presence of this psyllid species on potato crops has been confirmed (Hodkinson et al. 1981; (CITSEG) ) and has been reported to cause severe yield losses in Iran (Fathi et al. 2011). Although CaLsol-positive adults of B. nigricornis have been found in potato crops in Spain, the role of this species in transmitting the bacterium to potato was never demonstrated (Teresani et al. 2015). Accordingly, a study of the possible role of B. nigricornis as a vector of CaLsol on potato was strongly needed because of the important economic losses in the carrot and potato industry associated with pathogen spread (Liefting et al. 2009;Munyaneza 2010;Munyaneza et al. 2010a;2012;2015;Alfaro-Fernández et al. 2012a;2012b;Bertolini et al. 2015;Munyaneza 2015). For this reason, we conducted a series of transmission experiments under controlled conditions at ICA-CSIC (Madrid, Spain) to evaluate the transmission rate of CaLsol (haplotype E) by B. nigricornis in carrot and potato plants. ",Qwen/Qwen3-32B,4096,0.2,True,"Okay, let's see. I need to figure out the rhetorical class for the citation marked as (CITSEG) in the given passage. The user provided several examples and definitions for each class, so I should go through them step by step.

First, the passage is about Bactericera nigricornis and its potential role in transmitting CaLsol between carrot and potato crops. The sentence with the citation says: ""the reproduction and presence of this psyllid species on potato crops has been confirmed (Hodkinson et al. 1981; (CITSEG) ) and has been reported to cause severe yield losses in Iran (Fathi et al. 2011).""

So the (CITSEG) here is supporting the claim that B. nigricornis is present on potato crops and causes yield losses. The question is, which rhetorical class does this fall into?

Looking at the options:

- **Background**: Provides domain information. The citation here is giving evidence that the species is present on potatoes and causes losses. That seems like providing context or background info about the species' impact.

- **Motivation**: Supports the need for the study. The passage later says a study was needed because of economic losses. The citations here (including CITSEG) might be part of motivating why the study was done. But the specific sentence with CITSEG is confirming presence and losses, which is more about establishing the problem's existence rather than the need for the current study.

- **Uses**: If they used a method from the cited work. The passage doesn't mention using a method here; it's about presence and losses.

- **Extension**: If the current work extends the cited work. Doesn't seem like it here.

- **Comparison or Contrast**: If comparing results. The sentence isn't contrasting or comparing but stating facts.

- **Future**: Suggesting future research. The citation here is about past findings, not future directions.

So between Background and Motivation. The example for Background is providing relevant domain info. The example for Motivation is supporting the need for the study's goals. The sentence with CITSEG is confirming that the species is present on potatoes and causes losses, which is part of the background information about the species' impact. However, the next part of the paragraph mentions that the role in transmission wasn't demonstrated, leading to the need for the study. The citations here (including CITSEG) are part of the motivation for why the study was necessary—because there's a known presence and economic impact, but the transmission role wasn't proven. So maybe Motivation?

Wait, the example for Motivation includes supporting the need for data, goals, etc. The passage says that because of the economic losses (supported by the citations), a study was needed. So the citations here are part of the motivation for conducting the study. Therefore, the (CITSEG) is used to support the need for the study, which would be Motivation.

But the first part of the sentence is confirming presence and losses, which is background. However, the overall context is leading up to the motivation. The key is whether the citation is providing background info or supporting the need for the study. Since the sentence is part of establishing the problem's existence (which is part of the motivation for the study), it's more about motivation. The example given for Motivation includes supporting the need for the work. So I think the correct class here is Motivation.",Motivation
42,compareorcontrast,,"Even though the percentage of infected summerform pear psylla determined by hybridization analysis was low, when huge population increases occur, which happened in the summer of 1997 in orchards CV and FH2, the corresponding increase in numbers of infected insects may result in greater transmission of PD to healthy trees within an orchard. More PD phytoplasmas were detected in psylla by PCR than hybridization analysis, a result that agrees with other studies. Grapevine yellows-infected periwinkle was detected by PCR with 10 -6 less DNA than was required for detection by DNA hybridization analysis (6).  Comparing the detection of grapevine yellows phytoplasma in planthoppers, only 66% of the PCR positives were also positive by enzyme-linked immunosorbent assay (CITSEG) . PCR Fig. 7. Histograms representing the distribution of the estimated numbers of pear decline phytoplasmas in hybridization-positive pear psylla populations collected in the Central Valley (CV) and Sierra foothills (FH1 and FH2) orchards over the study period. For psylla collected in the months when both forms were found, those collected in September were considered summerform, and those collected in October and November were considered winterform. Note the different scales on the y axis for FH2. ",Qwen/Qwen3-32B,4096,0.2,True,"Okay, let's tackle this classification task. The user provided a passage with a citation (CITSEG) and wants me to determine its rhetorical class from the given options. The options are Background, Motivation, Uses, Extension, Comparison or Contrast, and Future.

First, I need to understand the context of the citation in the passage. The passage discusses the detection of phytoplasmas in pear psylla using PCR and hybridization analysis. It mentions that more PD phytoplasmas were detected by PCR than by hybridization, which aligns with other studies. Then it references a study where grapevine yellows-infected periwinkle was detected by PCR with less DNA than needed for hybridization. The next sentence says, ""Comparing the detection of grapevine yellows phytoplasma in planthoppers, only 66% of the PCR positives were also positive by enzyme-linked immunosorbent assay (CITSEG)."" 

So the CITSEG here is in the context of comparing PCR results with another method (ELISA) in detecting phytoplasma in planthoppers. The key word here is ""comparing,"" which suggests that the citation is being used to show a comparison between two methods. The authors are likely contrasting the effectiveness or results of PCR versus ELISA in their study, using the cited work as a point of reference. 

Looking at the rhetorical classes, ""Comparison or Contrast"" is the category where the citation is used to express similarities or differences. The example given for this class mentions results differing from another study, which fits here since the authors are comparing their findings (66% PCR positives also positive by ELISA) with the cited work. 

I should check if any other classes might fit. ""Background"" is for providing domain info, but here it's about comparing methods. ""Motivation"" would be if the citation is supporting the need for their study, which isn't the case. ""Uses"" would be if they used a method from the cited work, but they're comparing results. ""Extension"" is when they build on the cited work, which isn't happening here. ""Future"" is about suggesting future research, which also doesn't fit. 

Therefore, the correct class is ""Comparison or Contrast.""",Comparison or Contrast
43,background,,"In the last two decades, several papers were dedicated to various aspects of the biology and control of C. pyricola in Korea (Kang et al. 2012;Kim et al. 2000Kim et al. , 2007;;Park et al. 2013;Park et al. 2016). Recently, Cho &amp; Lee (2015) reported Cacopsylla chinensis from Korea, analysing nucleotide sequences. They found that Korean populations are similar to Japanese ones but differ from Chinese and Taiwanese populations.  From the Russian Far East, finally, three species associated with pear are reported to date (CITSEG) ): the west Palaearctic C. pyricola and C. pyrisuga, and the native Psylla nigrella Konovalova. In summary, 27 nominal species of pear psyllids are currently known from China (Li 2011;Luo et al. 2012), three from Japan (Inoue 2010;Inoue et al. 2012), six from Korea (Park 1996;Cho &amp; Lee 2015;Kwon et al. 2016), three from the Russian Far East (Gegechkori &amp; Loginova 1990) and eight valid species from the west Palaearctic, Middle East and Central Asia (Burckhardt &amp; Hodkinson 1986) (Table 1). Despite previous taxonomic revisions (Burckhardt &amp; Hodkinson 1986;Luo et al. 2012), species identification of pear psyllids remains difficult and the literature is plagued with misidentifications. In general, the significance of seasonal dimorphism has not been taken sufficiently into account, the names of west Palaearctic taxa have been used uncritically and relationships between faunas from different countries have been ignored. ",Qwen/Qwen3-32B,4096,0.2,True,"Okay, let's see. I need to figure out the rhetorical class for the citation marked as (CITSEG) in the given passage. The options are Background, Motivation, Uses, Extension, Comparison or Contrast, and Future.

First, I'll read through the passage to understand the context. The passage is discussing the biology and control of C. pyricola in Korea, mentioning several studies. Then it talks about Cho & Lee (2015) reporting Cacopsylla chinensis in Korea and comparing populations. Then there's a part about the Russian Far East reporting three species associated with pear, and that's where the (CITSEG) is. The next sentences list the number of species known in different regions and mention issues with taxonomic revisions and misidentifications.

The (CITSEG) is in the sentence: ""From the Russian Far East, finally, three species associated with pear are reported to date (CITSEG) ): the west Palaearctic C. pyricola and C. pyrisuga, and the native Psylla nigrella Konovalova."" So the citation here is providing information about the species reported in the Russian Far East. The author is giving background information on the different species found in that region as part of a broader discussion about the distribution and taxonomy of pear psyllids across various regions.

Looking at the rhetorical classes, Background is for providing relevant domain information. The citation here is part of a survey of existing knowledge about species in different regions, which supports the context of the study. The author isn't using it to motivate their research, compare methods, or suggest future work. It's more about establishing the current state of knowledge, which fits the Background class. The other citations in the passage also seem to be for background, like listing previous studies and species counts. The mention of misidentifications and taxonomic issues later might relate to Motivation, but the specific (CITSEG) is just stating existing reports, so Background is appropriate here.",Background
44,background,,"However, the fragment size was different for each phytoplasma (Berg et al., 1999). Southern blot analysis also revealed sequence heterogeneity between isolates of the AP phytoplasma. After hybridization of HindIII-digested DNA from 34 isolates of the AP agent with HindIII fragments IH184 and IH196, five different RFLP patterns were observed.  Two of them were represented by strains AT and AP15 R (CITSEG) Kison et al., 1994). These two genotypes correspond to PCR-RFLP subtypes AT-1 and AP of Jarausch et al. (2000b). Sequence heterogeneity within the AP agent was also observed when HindIII-digested DNA from three AP phytoplasma isolates was hybridized with a 5 kbp probe from an aster yellows phytoplasma, which comprised part of an rDNA operon and a 2?8 kbp upstream region. In this case, each strain showed a different RFLP pattern (Schneider &amp; Seemu ¨ller, 1994a). ",Qwen/Qwen3-32B,4096,0.2,True,"Okay, let's see. I need to figure out the rhetorical class for the citation marked as (CITSEG) in the given passage. The passage is about phytoplasma and their sequence heterogeneity. The sentence with the citation says: ""Two of them were represented by strains AT and AP15 R (CITSEG) Kison et al., 1994). These two genotypes correspond to PCR-RFLP subtypes AT-1 and AP of Jarausch et al. (2000b).""

First, I should recall the different rhetorical classes. The options are Background, Motivation, Uses, Extension, Comparison or Contrast, and Future. 

Looking at the context, the author is discussing the results of Southern blot analysis showing different RFLP patterns. The citation (CITSEG) is mentioned in the context of specific strains (AT and AP15 R) being represented by Kison et al., 1994. Then it connects those genotypes to subtypes from another study. 

The key here is to determine why the citation is used. The author is providing evidence or examples of the sequence heterogeneity observed. The citation is supporting the claim that these two genotypes exist, which are part of the observed heterogeneity. 

Is this providing background information? Maybe, but the example given in the Background class is about providing relevant domain info. However, here the citation is more about supporting the specific findings or data points in the current discussion. 

Motivation is about supporting the need for the study. That doesn't seem right here. Uses would be if they used a method or tool from the cited work. The passage mentions Southern blot analysis, but the citation here is about the results of specific strains. 

Extension would be if the current work builds on the cited study. The passage doesn't say they extended it. Comparison or Contrast is when they compare their results to others. The author mentions that these genotypes correspond to subtypes from another study, which might be a comparison. However, the main point here is to show that the heterogeneity exists and to reference prior work that identified these strains. 

Alternatively, the citation is providing specific examples or data that support the current discussion of heterogeneity. That might be Background, as it's giving relevant prior information. But the example for Background was more general info. The example for Uses is when they use a method. 

Wait, the citation here is about specific strains that were previously identified. The author is using those strains as examples in their analysis. So maybe it's a Uses case? Because they are using the strains (data from the cited work) in their current study. But the example for Uses mentions methods, tools, datasets, or experimental setups. Strains could be part of the data. 

Alternatively, if the cited work provided the strains, then the current study is using those strains. But the sentence says ""represented by strains AT and AP15 R (CITSEG)"", which might mean that those strains were identified in the cited work. So the current study is referencing those strains as examples of the RFLP patterns observed. 

In that case, the citation is providing background information about the strains, which are part of the domain knowledge. So maybe Background. But the example for Background is more about general info, like the spread of magnetic water treatment. 

Alternatively, the citation is supporting the claim that these two genotypes exist, which is part of the current study's findings. So it's providing evidence for the current discussion, which could be Motivation. But Motivation is about supporting the need for the study. 

Hmm. The passage is discussing the results of their analysis, and the citation is providing prior data that supports the existence of those genotypes. So maybe it's a Background class because it's providing prior information that contextualizes their findings. 

Alternatively, if the cited work is being used to compare their results, but the main point is to show that their results align with previous classifications. So maybe Comparison or Contrast. 

Wait, the sentence says ""These two genotypes correspond to PCR-RFLP subtypes AT-1 and AP of Jarausch et al. (2000b)."" So the current study is linking their findings to prior classifications. The (CITSEG) is Kison et al., 1994, which represents the strains. So the citation is providing the origin of the strains used in their analysis. 

If the current study is using the strains from Kison et al. as part of their analysis, then the rhetorical class would be Uses. Because they are using the strains (data) from the cited work. The example for Uses is when they use a method or dataset. So in this case, the dataset (strains) from the cited work is being used. 

Therefore, the correct class might be Uses. But I need to check the example again. The example for Uses is: ""The experimental set-up was described in details previously (CITSEG)."" So if the cited work provided the experimental setup, then it's Uses. In this case, the cited work provided the strains (data) that the current study is analyzing. So using the data from the cited work would fall under Uses. 

Yes, I think that's right. The current study is using the strains (AT and AP15 R) that were previously identified by Kison et al. So the rhetorical class is Uses.",Uses
45,background,," Candidatus Liberibacter solanacearum is an intracellular phloem-limited bacterium that infects and replicates in the sieve elements of plants as well as in different organs and tissues of its psyllid vectors (CITSEG) Haapalainen 2014;Perilla-Henao &amp; Casteel 2016). Psyllid feeding behavior plays a key role in the horizontal transmission of CaLsol (Antolínez et al. 2017a). The CaLsol transmission is a complex and slow process that includes various steps (acquisition, latency period, and inoculation). The process is known as circulative-propagative as it requires the pathogen to circulate through the gut to reach the psyllid hemolymph and then reach the salivary glands. ",Qwen/Qwen3-32B,4096,0.2,True,"Okay, let's see. I need to figure out the rhetorical class for the citation in this passage. The passage is about Candidatus Liberibacter solanacearum, an intracellular bacterium that infects plants and psyllid vectors. The first sentence mentions that it infects and replicates in sieve elements and various organs of the psyllid vectors, with a citation (CITSEG) followed by Haapalainen 2014 and Perilla-Henao & Casteel 2016.

The task is to determine which of the six classes (Background, Motivation, Uses, Extension, Comparison or Contrast, Future) this citation falls into. Let me break down the passage. The first part is providing information about the bacterium's infection process and replication in both plants and psyllids. The next sentences talk about the psyllid's feeding behavior and the transmission process. The citation here is supporting the initial statement about the bacterium's infection and replication in different parts of the psyllid.

Looking at the example for Background: ""in the USA the use of magnetic water treatment devices has been spreading since 1975 (CITSEG)."" Here, the citation is providing background information. In the given passage, the citation is giving foundational information about the bacterium's biology, which is necessary to understand the subsequent discussion about transmission. So this seems like Background. 

Motivation would be if the citation is supporting the need for the study, like showing a gap. But here, the citation is just stating existing knowledge. Uses would be if they used a method from the cited work, but the passage isn't about methods. Extension would be if they built upon the cited work, but the passage is describing the bacterium's characteristics, not extending previous results. Comparison or Contrast isn't present here. Future is about suggesting future research, which isn't the case here. 

Therefore, the correct class is Background.",Background
46,background,,"The distribution of secondary compounds plays a crucial role in plant communication and the induction of defence mechanisms against invading pathogens and attacking herbivores. It was previously shown that phytoplasmas produce and secrete effector proteins into phloem sap that circulate to distal tissues and induce physiological changes in infected host plants [22]. A number of non-specific symptoms, such as chlorosis, leaf yellowing, premature reddening, swollen leaf-veins, leaf curl and reduced vigour might be attributed to the impairment of the vascular system and the photosynthesis apparatus [23,24].  Additionally, abnormal growth, stunting, growth of witches' brooms, reduced root size and dwarf fruits occur in phytoplasma infected plants indicating a disturbed hormone balance [25, (CITSEG) . Phytohormones are induced in reaction to abiotic and biotic stresses and lead to the induction of defence responses [27]. The influence of phytoplasma infections on salicylic acid, jasmonates, auxins, abscisic acid, ethylene and cytokinine biosynthesis and pathways was recently reviewed by Dermastia [26], illustrating the diverse and complex interactions between the specialized pathogens and their host plants. In the case of phytoplasmas, the impact on vector insects that are crucial for the distribution of phytoplasmas, has to be taken into consideration. ",Qwen/Qwen3-32B,4096,0.2,True,"Okay, let's see. I need to figure out the rhetorical class for the citation at [CITSEG]. The passage is talking about phytoplasma infections and their effects on plants, including symptoms like stunted growth and hormone imbalances. The sentence before the citation mentions that abnormal growth and other symptoms indicate a disturbed hormone balance, and then it cites [25, (CITSEG)]. 

Looking at the surrounding text, the author is discussing various symptoms caused by phytoplasmas and referencing studies that have shown these effects. The next sentence after the citation talks about phytohormones being induced in response to stress and leading to defense responses. The citation here is probably providing background information on the hormone balance issues in infected plants.

The options are Background, Motivation, Uses, Extension, Comparison or Contrast, Future. Since the citation is supporting the statement about the disturbed hormone balance by referencing previous studies, it's providing context or background information. The author isn't using it to motivate their own research, extend a method, compare, or suggest future work. So the most likely class here is Background.",Background
47,background,,"Some authors tentatively allocated phytoplasmas to family Acholeplasmataceae because, according to previous molecular phylogenies, they form a distinct clade derived from within the genus Acholeplasma (Martini et al., 2014). Phytoplasmas were first observed using microscopy in 1967 (Doi et al., 1967) but, because they are very difficult to culture in vitro, their great diversity only began to be revealed in the 1990s through development of molecular techniques for characterizing groups and subgroups (Namba et al., 1993). This classification method was based on phylogenetic analysis of 16S rRNA, with other more variable genetic loci used for finerscale characterization.  Thus, phytoplasmas are currently organized into phylogenetic groups, each designated by a Roman numeral, and different strains within a group are given a separate letter designation defining the subgroup (currently more than 120) (Lee et al., 2010; Martini et al., 2007; (CITSEG) Zhao et al., 2009). Previous research on Tenericutes phylogeny has mostly relied on the sequences of the 16S rRNA gene. These indicate that Mollicutes are a well-supported monophyletic entity (Ludwig and Klenk, 2001) having diverged from a Gram-positive ancestor by regressive evolution (Razin et al., 1998). Early 16S phylogenies characterized five phylogenetic groups and 16 phylogenetic clusters (Pettersson et al., 1996;Weisburg et al., 1989). ",Qwen/Qwen3-32B,4096,0.2,True,"Okay, let's see. I need to figure out the rhetorical class for the citation (CITSEG) in this passage. The passage is talking about phytoplasmas and their classification. The first part mentions that some authors allocated phytoplasmas to the family Acholeplasmataceae based on molecular phylogenies, citing Martini et al., 2014. Then it goes on to talk about the history of phytoplasma observation, their difficulty in culturing, and how molecular techniques in the 90s revealed their diversity. The classification method using 16S rRNA and other loci is mentioned, with a citation to Lee et al., 2010; Martini et al., 2007; and CITSEG Zhao et al., 2009. 

The next part discusses previous research on Tenericutes phylogeny using 16S rRNA sequences, citing Ludwig and Klenk, 2001, and others.

So, the CITSEG here is Zhao et al., 2009. The sentence before the CITSEG is about how phytoplasmas are organized into groups with Roman numerals and subgroups with letters, and the CITSEG is part of that list of references. The sentence is explaining the current classification method based on 16S rRNA and other loci. The Zhao et al. 2009 citation is providing background information on the classification system. It's not about methods used in the current study, nor is it about extending previous work or comparing/contrasting. It's giving context on how the classification is structured, which is part of the domain's background. So the class should be Background.",Background
48,background,,"Hundreds of AP-group phytoplasma isolates from various locations in European countries and California, including the ESFY agent taken from several Prunus species, have been examined to date by using these differentiation approaches. With the above-mentioned restriction enzymes and several others, no variation among the different AP-group phytoplasmas was observed. DNA derived from randomly cloned fragment IH196 of strain AT, amplified with several primer pairs (Bonnet et al., 1990), also proved to be useful for AP-group phytoplasma characterization and differentiation.  Work by Jarausch et al. (1994 Jarausch et al. ( , 2000a (CITSEG) showed that this fragment contains three ORFs, including a putative nitroreductase gene. Restriction enzyme digestion with RsaI and HincII of a product obtained with primers AP9/AP10 enabled the differentiation of AP from PD and ESFY agents. All three phytoplasmas could be distinguished from each other by digestion of an AP3/AP10 amplicon with these enzymes. One hundred and seventy-five ESFY phytoplasma isolates, which were collected from many Prunus species and hybrids in four Mediterranean countries, responded identically in this work. ",Qwen/Qwen3-32B,4096,0.2,True,"Okay, let's see. I need to figure out the rhetorical class for the citation in this passage. The passage is talking about AP-group phytoplasma isolates and various methods used to examine them. The citation (CITSEG) is mentioned in the context of work by Jarausch et al. (1994, 2000a) showing that a specific fragment contains three ORFs, including a putative nitroreductase gene.

First, I should recall the different rhetorical classes. The options are Background, Motivation, Uses, Extension, Comparison or Contrast, and Future. 

Looking at the example for ""Uses"": the citation refers to a method, tool, dataset, or experimental setup used in the current study. Here, the Jarausch et al. work is mentioned in the context of a fragment (IH196) that was amplified with primers from Bonnet et al. (1990). The current study uses the findings from Jarausch's work to note that this fragment has three ORFs. The authors are probably using this information to support their own characterization and differentiation methods. 

Is this a ""Uses"" case? Because they are using the data or findings from Jarausch's study as part of their own analysis. The example given for ""Uses"" mentions an experimental setup being described in a previous paper, which is then used. Here, the information about the ORFs in the fragment is part of the background that the current study builds upon. Wait, but maybe it's more about using the method or the data. The current study uses the fragment IH196, which was cloned and amplified with primers from Bonnet et al. So the Jarausch work's finding about the ORFs is part of the background information that helps in understanding the fragment's structure, which is then used in their differentiation approach. 

Alternatively, could it be ""Background""? The example for Background is providing relevant domain information. If the citation is giving context about the fragment's structure, that might be background. But the example for ""Uses"" includes using a method from a previous study. Here, the Jarausch study's result (the presence of ORFs) is part of the data that the current study is using to support their own methods. 

Wait, the sentence says ""Work by Jarausch et al. ... showed that this fragment contains three ORFs..."" So they are citing Jarausch to provide information about the fragment's structure, which is part of the background knowledge that the current study is using. The current study then uses this information in their own analysis. But the ""Uses"" class is when the cited work's method or tool is directly used. In this case, the Jarausch study's findings are part of the background information that the authors are using to discuss the fragment. 

Hmm. The example for ""Background"" is when the citation provides relevant domain info. The example given is about the use of magnetic water treatment devices. In this case, the citation is providing information about the structure of a DNA fragment, which is relevant to the domain. However, the next part of the passage mentions using restriction enzymes on amplicons derived from primers, which might be part of the methods. But the Jarausch citation is specifically about the fragment's ORFs. 

Alternatively, maybe it's ""Uses"" because they are using the data from Jarausch's work (the presence of ORFs) in their own analysis. But the ""Uses"" class is more about using a method or tool. The example for ""Uses"" includes using an experimental setup described in a previous paper. Here, the authors are using the information from Jarausch's study as part of their own discussion of the fragment's characteristics. 

Wait, the sentence says ""Work by Jarausch et al. ... showed that this fragment contains three ORFs..."" So the citation is providing a fact that is used in the current study's analysis. The current study is building on that information. If the citation is providing a fact that is part of the background knowledge necessary to understand the current study's methods, then it's Background. But if the current study is using the specific data (the ORFs) as part of their own methods, then maybe it's Uses. 

But the example for ""Uses"" is when the cited work's method is directly used. For example, using a dataset or a method. Here, the Jarausch study's result is part of the background that explains the fragment's structure, which the current study uses to inform their own experiments. So maybe it's Background. 

Alternatively, maybe it's ""Extension"" if the current study is extending the Jarausch work. But the example for Extension is when the citing article improves upon a method. Here, the current study is using the Jarausch findings as part of their analysis but not necessarily extending it. 

Another angle: the citation is used to support the current study's approach. The authors mention that the fragment has three ORFs (from Jarausch) and then proceed to use restriction enzymes on amplicons from that fragment. The information about the ORFs is part of the background that helps in understanding why they are using that fragment. Therefore, the citation is providing background information about the fragment's structure, which is necessary for the current study's methods. 

So the correct class would be Background. But wait, the example for ""Uses"" includes using a method from a previous study. In this case, the current study uses the primers from Bonnet et al. (1990) to amplify the fragment, which is part of their methods. The Jarausch citation is about the fragment's ORFs, which is part of the background. 

Therefore, the Jarausch citation is providing background information about the fragment's structure, which is necessary for the current study's discussion. Hence, the rhetorical class is Background.",Background
49,background,,"The sharp end and the abundant protrusions of the mandibular stylets are structures specialized to pierce plant tissues while probing. They are also present in other hemipteran insects (Forbes, 1969;Ullman and McLean, 1986;Zhao et al., 2010;Garzo et al., 2012). this may be related to the absence in this species of the common duct located at the distal tip of the interlocked maxillary stylets.  The number of protrusions varies among different species, which may be related to the hardness of the leaves of the host plant (CITSEG) Rosell et al., 1995;Zhao et al., 2010;Garzo et al., 2012). On the distal extremity of each mandibular stylet tip more than 10 parallel barb-like ridges can be seen in C. chinensis (Fig. 7D). Ullman and Mclean (1986) and Garzo et al. (2012) also observed the same number of teeth on the mandibles of the psyllids C. pyricola and Diaphorina citri respectively, whereas Pollard (1970) found 8 teeth in adults (7 teeth in nymphs) on the mandibles of C. mali. ",Qwen/Qwen3-32B,4096,0.2,True,"Okay, let's see. I need to figure out the rhetorical class for the citation marked as (CITSEG) in the given passage. The options are Background, Motivation, Uses, Extension, Comparison or Contrast, and Future.

First, I'll read through the passage to understand the context. The passage is discussing the structure of mandibular stylets in hemipteran insects, specifically mentioning how the number of protrusions varies among species and relates to the hardness of the host plant's leaves. The citation (CITSEG) is placed right after stating that the number of protrusions may be related to leaf hardness. The following citations are Rosell et al., 1995; Zhao et al., 2010; Garzo et al., 2012. 

Looking at the sentence structure, the author is explaining that the variation in protrusions is possibly connected to the host plant's leaf hardness, and then cites several studies. The role of these citations here is to provide supporting evidence or prior research that discusses this relationship. 

The Background class is for providing relevant domain information. The Motivation class is for supporting the need for the study. Uses would be if they directly used a method from the cited work. Extension would mean the current work builds on the cited study. Comparison or Contrast would be discussing similarities or differences. Future would be about suggesting future research.

In this case, the citations are being used to back up the claim that the number of protrusions relates to leaf hardness. They are providing existing research that supports this idea, which helps establish the context or background for the current discussion. The author isn't using the cited works to motivate their own study, extend them, compare, or suggest future work. Instead, they're citing prior studies to support a general statement about the relationship between protrusions and leaf hardness. So this seems like Background information.",Background
50,background,,"The antisera and dot blot technique for rapid diagnostic of MLOs were evaluated on numerous extracts of infected plants and insects. The following MLOs were selected and listed below from 1 to 6, spotted on nitrocellulose stripes and detected by indirect ELISA with secondary markers goat anti-rabbit IgG-PA or goat anti-rabbit colloidal gold. 1. Pear decline MLO purified from Capsicum annum L.(cultivar) artificially infected by the vector Cacopsylla pyri (2003); 2. Pear decline MLO purified from petioles and midribs of pear leaves (2004; 3. Pear decline MLO purified from Capsicum annum L.(cultivar) artificially infected by the vector Cacopsylla pyri, (2003); 4. Aster yellows MLO isolated from barley and purified from host plant Catharanthus roseus, (2003); 5. Apple proliferation AP15 (Germany) purified from Catharanthus roseus, (2004).  6. MLO purified from the vector Cacopsylla pyri, (2002) (CITSEG) (2004); The results with the MLOs listed from 1 to 6 are illustrated in figure 2. The number on stripes correspond with number in list. Antiserum anti AY MLO, produced in rabbits in 1988MLO, produced in rabbits in , 1992MLO, produced in rabbits in and 1993, using as antigen the AY MLO, isolated in axenic culture, detected both AP15 (stripe 1) and AY (stripe 2) when goat anti-rabbit IgG-Gold as secondary antibodies were used. By symptoms in periwinkle AP15 from Germany and AY from barley were identical, inducing virescence and proliferation (figure 1,B,D). ",Qwen/Qwen3-32B,4096,0.2,True,"Okay, let's see. I need to figure out the rhetorical class for the citation in this passage. The passage is about evaluating antisera and a dot blot technique for diagnosing MLOs. The citation is mentioned in the list of MLOs, specifically number 6: ""MLO purified from the vector Cacopsylla pyri, (2002) (CITSEG) (2004);"". 

First, I should check the different classes. The options are Background, Motivation, Uses, Extension, Comparison or Contrast, and Future. 

Looking at the example for ""Uses"": the citation refers to a method, tool, dataset, or experimental setup used in the current study. In this case, the MLOs listed are part of the experimental setup. The authors are using these specific MLOs in their experiments. The citation here is for the MLO purified from the vector, which they are using in their study. So it's part of the materials they tested. That seems like the ""Uses"" class because they are directly using the cited work's MLO in their experiments.

Background would be providing domain information, but here it's about the specific materials used. Motivation is about supporting the need for the study, which doesn't fit. Extension would be if they built upon previous methods, but they're using existing MLOs. Comparison or Contrast would involve comparing results, which isn't the case here. Future is about suggesting future work, which isn't relevant here. So the most likely class is ""Uses"".",Uses
51,background,,"When feeding, it cuts into the tissues of host plants in order to suck sap, thereby injuring the leaves and stems of its host plants. The adult mouthpart morphology of C. chinensis is generally similar to that of other sternorrhynchan species described previously (Pollard, 1973;Tavella and Arzone, 1993;Rosell et al., 1995;Boyd, 2003;Wiesenborn, 2004;Rani and Madhavendra, 2005; Anderson et al., 2006;Garzo et al., 2012), consisting of a three-segmented labium which lies between the prothoracic coxae of the first and second pair of legs with a deep groove in the anterior side, a moderate number of sensilla, a stylet fascicle consisting of two mandibular and two maxillary stylets which are conjoined together forming a food canal (Fc) and a salivary canal (Sc), and a triangular labrum. The gross mouthpart morphology of C. chinensis is also very similar to that of the psyllids Diaphorina citri Kuwayama (Garzo et al., 2012) and Cacopsylla mali Schmidberger (Grove, 1919;Pollard, 1970), but not identical.  The stylet fascicle of C. chinensis comprises a pair of mandibular stylets located externally which house a pair of maxillary stylets, as observed in aphids (Forbes, 1969 (Forbes, , 1977;; Pollard, 1973) and other psyllids, including C. mali (Grove, 1919; Pollard, 1970), C. pyricola (CITSEG) and D. citri (Garzo et al., 2012). The stylet fascicle proximal to the labium forms a large loop within a membranous crumena (Fig. 2B). The stylet fascicle is coiled under tension when fully retracted and stylet extension generates increasing tension so that the stylets readily recoil within the crumena when retracted (Ullman and McLean, 1986; Garzo et al., ",Qwen/Qwen3-32B,4096,0.2,True,"Okay, let's see. The user provided a passage with several citations, and I need to determine the rhetorical class for the specific citation marked as (CITSEG). The options are Background, Motivation, Uses, Extension, Comparison or Contrast, and Future.

Looking at the passage, the main topic is the mouthpart morphology of C. chinensis, comparing it to other species. The sentence with (CITSEG) is in the context of discussing the stylet fascicle structure in C. chinensis and comparing it to other psyllids like C. mali and D. citri. The sentence says, ""The stylet fascicle of C. chinensis comprises... C. pyricola (CITSEG) and D. citri (Garzo et al., 2012)."" 

The key here is that the author is pointing out similarities or differences between C. chinensis and other species. The mention of C. pyricola (CITSEG) is in a list of species that have the same stylet structure as observed in aphids and other psyllids. The author is using these citations to show that this structure is common among certain species, which is a comparison. Since the rhetorical class ""Comparison or Contrast"" is for when the citation is used to express similarity or differences, this seems to fit. 

I need to check if there's any other possible class. For example, ""Background"" is for providing domain info, but here it's specifically comparing structures. ""Uses"" would be if they used a method from the cited work, which isn't the case here. ""Extension"" would be if they built upon the cited work, but they're just comparing. So ""Comparison or Contrast"" is the right choice.",Comparison or Contrast
52,background,,"A large number of Cacopsylla species feeding on pear have been recorded in the Palearctic zone (Cho et al. 2017). Apart from weakening the trees by excessive sap sucking and spoiling the fruits by secreting honeydew (Cho et al. 2017), several species have been associated with transmission of 'Ca. P. pyri'.  Successful phytoplasma transmission experiments with C. pyricola (Foerster, 1848) as vectoring species have been carried out in North America (Jensen et al. 1964) and the UK (CITSEG) . The vectoring ability of C. pyri (Linné, 1758) was confirmed by transmission tests in France, Italy and Spain (Lemoine 1991;Carraro et al. 1998;Garcia Chapa et al. 2005). In addition, two other psyllids, namely C. pyrisuga (Foerster, 1848) and C. bidens (Šulc, 1907) have been found to carry the phytoplasma, but successful transmission experiments have not been reported so far (Jarausch et al. 2019a). In Austria, three confirmed or putative phytoplasma vectors, namely C. pyri, C. pyricola and C. pyrisuga, have been recorded (Lethmayer et al. 2011). ",Qwen/Qwen3-32B,4096,0.2,True,"Okay, let's see. I need to figure out the rhetorical class for the citation marked as (CITSEG) in the given passage. The options are Background, Motivation, Uses, Extension, Comparison or Contrast, and Future.

First, I'll read through the passage to understand the context. The passage is talking about different Cacopsylla species that feed on pear trees in the Palearctic zone. It mentions that some species transmit 'Ca. P. pyri' phytoplasma. The specific citation in question is in the sentence: ""Successful phytoplasma transmission experiments with C. pyricola [...] have been carried out in North America (Jensen et al. 1964) and the UK (CITSEG).""

So, the author is stating that experiments were done in North America and the UK with C. pyricola as a vector. The CITSEG here is providing evidence that such experiments were conducted in the UK. The next sentence talks about C. pyri being confirmed in France, Italy, and Spain with different studies. Then other species are mentioned but without successful transmission. The Austrian study lists three vectors.

Now, the question is what role does the CITSEG play here. The author is giving examples of where transmission experiments were successful. The citation is supporting the claim that these experiments happened in the UK. Since the author is providing background information about the species' role as vectors in different regions, this seems like it's establishing context or background knowledge. The citation isn't motivating a new study, using a method, extending previous work, comparing, or suggesting future work. It's just providing factual information about past research. So the most likely class here is Background.",Background
53,background,,"Trioza erytreae (Del Guercio 1918) CITRUS Cacopsylla citrisuga (Yang &amp; Li 1984) Diaphorina communis (Mathur 1975) Bactericera cockerelli (Šulc 1909) SOLANACEAE Bactericera trigonica (Hodkinson 1981) Trioza apicalis (Foerster 1848) APIACEAE Trioza anthrisci (Burckhardt 1986) Bactericera nigricornis (Foerster 1848) POLYPHAGOUS destructive citrus disease worldwide, due to the severity of symptoms, potential for disease progression, and susceptibility of all commercial citrus varieties (Bové 2006). In addition to a reduced fruit quantity and quality (Baldwin et al. 2010), HLB causes indirect losses due to the high costs involved in disease management (Bové 2006;Gottwald 2010).  Successful management of HLB depends on the knowledge of the relationships between the pathogen, the insect vectors, host plants, and the environment (CITSEG) ). These bacteria are phloem-restricted and their natural spread depends on two psyllid species, D. citri and T. erytreae, which are the only known vector species transmitting the three bacteria species causing HLB. ",Qwen/Qwen3-32B,4096,0.2,True,"Okay, let's tackle this classification task. The user provided a passage with a citation marked as (CITSEG). I need to determine which rhetorical class it belongs to from the given options: Background, Motivation, Uses, Extension, Comparison or Contrast, Future.

First, I'll read through the passage to understand the context. The passage discusses HLB (Huanglongbing), a destructive citrus disease. It mentions the impact of the disease, the role of psyllid species as vectors, and the importance of understanding the relationships between the pathogen, vectors, host plants, and environment. The citation (CITSEG) is placed right after stating that successful management depends on this knowledge.

Now, looking at the surrounding text, the citation is used to support the idea that understanding these relationships is crucial for managing HLB. The sentence before the citation talks about the necessity of this knowledge for successful management. The options to consider are Motivation and Background. 

Motivation is when the citation supports the need for data, goals, methods, etc. Here, the citation is likely providing a reason why the research is important, hence motivating the study. Background would be if it's just providing general information about the domain. However, the way it's phrased—""depends on the knowledge... (CITSEG)""—suggests that the cited work is highlighting the need or the basis for the current research's goals. Therefore, this seems like a Motivation class because it's supporting the necessity of the research direction mentioned.",Motivation
54,background,,"In order to understand the different symptom manifestation in the three closely related pathosystems, we explored how infections with specific fruit tree phytoplasmas ('Ca. P. mali', 'Ca. P. pyri' and 'Ca.  P. prunorum') of the 16SrX group [11], changed important morphological and physiological parameters of their respective host plants, all Rosaceae (CITSEG) . We measured various parameters such as leaf morphology, plant vascular morphology, and callose deposition, determined physical phloem parameters (mass flow velocity and volumetric flow rate, relative density and dynamic viscosity), and analysed the content of several phytohormones in leaf tissues of healthy and phytoplasma-infected plants. The importance of measured parameters for symptom manifestation as well as the impact on vector insects, the epidemiology and phytoplasma spread is discussed. ",Qwen/Qwen3-32B,4096,0.2,True,"Okay, let's see. I need to figure out the rhetorical class for the citation in this passage. The citation is marked as (CITSEG). The passage is about understanding symptom manifestations in three related pathosystems by studying how phytoplasma infections affect host plants. The authors mention they measured various parameters like leaf morphology, vascular morphology, callose deposition, and phytohormone content.

The question is, what role does the citation play here? Let me look at the options again. The classes are Background, Motivation, Uses, Extension, Comparison or Contrast, and Future. 

The citation here is in the context of introducing the study's focus. The sentence says they explored how infections with specific phytoplasmas changed parameters in their host plants, which are all Rosaceae. The citation is probably providing the context or the reason why they did this study. It might be supporting the need for their research, which would be Motivation. 

Wait, the example for Motivation includes supporting the need for data, goals, methods. Here, the authors are explaining why they did the study—because there are different symptoms in related pathosystems. The citation might be a previous study that shows the problem or the need to explore these parameters. So the citation is providing the motivation for their research. 

Alternatively, could it be Background? Background is for providing relevant domain information. But in this case, the citation is more about the specific problem they're addressing, which is the different symptoms. The example for Motivation includes supporting the need for the study's goals. The sentence here is setting up the problem that their study addresses, so that's Motivation. 

I think the correct class here is Motivation. The citation is used to justify why the study was conducted, supporting the need to explore the effects of these phytoplasmas on the host plants.",Motivation
55,background,,"Further analysis with additional calibration points may be expected to improve the divergence time estimates presented here. Interestingly, the basal divergence in the crown clade of phytoplasmas (315.80 Ma; Fig. 1, node 50) corresponds to recent date estimates for the rise of seed plants (Spermatophyta) 289-365 Ma (Kumar et al., 2017;Morris et al., 2018) and hemipteran insects ~300-386 Ma (Johnson et al., 2018).  Subsequently, a few additional divergences of major phytoplasma lineages occurred between the Carboniferous and the Cretaceous but most of the recognized modern 16Sr phytoplasma groups did not appear until later in the Cretaceous or during the Cenozoic, after the radiation of angiosperms (168-246 Ma; Kumar et al., 2017; (CITSEG) was underway. Many of the numbered 16S groups radiated between 20 and 50 Ma. relative is dated at 120 Ma and the divergence of the extant lineages of these plants began between 110 and 97 Ma (Anderson and Janssen, 2009). The known vectors of the two subclades in phytoplasma group IV belong to Fulgoroidea (planthoppers) which emerged ~200 Ma (Johnson et al., 2018), well before the estimated time of emergence of this phytoplasma lineage. ",Qwen/Qwen3-32B,4096,0.2,True,"Okay, let's see. I need to figure out the rhetorical class for the citation marked as (CITSEG) in the given passage. The options are Background, Motivation, Uses, Extension, Comparison or Contrast, and Future.

First, I'll read through the passage to understand the context. The author is discussing the divergence times of phytoplasmas and comparing them with the evolution of other organisms like seed plants and insects. The sentence with the citation says, ""after the radiation of angiosperms (168-246 Ma; Kumar et al., 2017; (CITSEG) was underway."" 

So, the citation here is providing a time frame for the radiation of angiosperms. The author is using this information to set the context for when the phytoplasma groups appeared. The mention of angiosperm radiation is part of the background information to situate the timing of phytoplasma divergences. The citation is supporting the timeline by referencing previous studies, which helps establish the domain's relevant historical context. 

Looking at the classes, Background is for providing relevant domain information. The citation here isn't supporting a need for the study (Motivation), nor is it about using a method (Uses). It's not extending a previous result (Extension) or comparing/contrasting with the current work. It's also not suggesting future research (Future). Therefore, the most appropriate class here is Background.",Background
56,compareorcontrast,,"Most data on which these taxonomic descriptions are based were generated previously. Additional work was carried out as follows. Sequence and RFLP analyses of ribosomal fragments were performed by using rDNA that was amplified with the primer pair P1/P7 (Deng &amp; Hiruki, 1991;Schneider et al., 1995) and extended from the 59 end of the 16S rRNA gene to the 59 region of the 23S rRNA gene, thus including the 16S-23S rDNA spacer region.  RFLP analysis was carried out as described previously (Lorenz et al., 1995; (CITSEG) . For sequencing of strains AP1/93, PD1, ESFY-G1 R and ESFY-G2 and resequencing of strains AT and AP15 R , P1/P7 amplicons were cloned by using the pGEM-T vector system (Promega). Sequencing of both strands was done by a commercial service (SEQLAB, Go ¨ttingen, Germany) by using M13 forward and reverse primers and six primers that were complementary to conserved 16S rDNA regions (Seemu ¨ller et al., 1994). Sequencing data obtained with these primers usually provided threefold coverage of the sequences. ",Qwen/Qwen3-32B,4096,0.2,True,"Okay, let's see. I need to figure out the rhetorical class for the citation marked as (CITSEG) in the given passage. The options are Background, Motivation, Uses, Extension, Comparison or Contrast, and Future.

First, I'll read through the passage to understand the context. The passage is talking about methods used in a study involving sequence and RFLP analyses of ribosomal fragments. They mention using a primer pair P1/P7 from previous studies (Deng & Hiruki, 1991; Schneider et al., 1995) and then extended the region. Then they describe RFLP analysis being carried out as described previously, with a citation (CITSEG). 

The key part here is ""RFLP analysis was carried out as described previously (Lorenz et al., 1995; (CITSEG))."" The phrase ""as described previously"" suggests that the method they used for RFLP analysis was based on a prior study. So the citation here is referring to a method that they directly used in their current study. 

Looking at the rhetorical classes, the ""Uses"" class is for when the citation refers to a method, tool, dataset, or experimental setup from the cited work that is directly used in the current study. That seems to fit here because they are using the method described in the cited work for their RFLP analysis. 

I should check if there's any other possible class. For example, ""Background"" is for providing relevant domain information, but here it's specifically about using a method. ""Extension"" would be if they extended the cited work, but they're just using the method as described. ""Comparison or Contrast"" would involve comparing results, which isn't the case here. ""Motivation"" would be about justifying the need for their study, which isn't what this part is doing. ""Future"" is about suggesting future research, which also doesn't apply. 

Therefore, the correct class should be ""Uses"".",Uses
57,motivation,,"The level of polyphagy in this group is exceptional among Psylloidea, which are usually host-specific (Hodkinson 1974). Bactericera nigricornis is present in many countries (Ouvrard et al. 2020) but little is known about its biology and dispersal ability, although it has been reported overwintering on conifers (Cermák et al. 2008). Further research on the life cycle of this species in Apiaceae crops is needed to identify its overwintering hosts and migration habits from wild host species under Mediterranean conditions.  Regarding the capability of B. nigricornis to transmit CaLsol, previous field work has shown that B. nigricornis can become naturally infected with CaLsol haplotype E (CITSEG) 2015), so further research to assess the vector efficiency of this psyllid species was needed. Thus, we conducted a study at ICA-CSIC (Madrid, Spain) to test the ability of B. nigricornis as a vector of CaLsol (haplotype E) in carrot crops. Adult B. nigricornis individuals were tested for the transmission of CaLsol using carrots as source and receptor plants. The same transmission protocol described above to assess the vector propensity of B. nigricornis in potato was used. ",Qwen/Qwen3-32B,4096,0.2,True,"Okay, let's see. I need to figure out the rhetorical class for the citation marked as (CITSEG) in the given passage. The options are Background, Motivation, Uses, Extension, Comparison or Contrast, and Future.

First, I'll read through the passage to understand the context. The passage talks about Bactericera nigricornis, its polyphagy, presence in various countries, and its role in transmitting CaLsol. The part with the citation is in the sentence: ""previous field work has shown that B. nigricornis can become naturally infected with CaLsol haplotype E (CITSEG) 2015), so further research to assess the vector efficiency of this psyllid species was needed.""

So the citation here is providing evidence that the psyllid can be infected with CaLsol. The next part says ""so further research was needed,"" which indicates that the citation is supporting the need for more research. That sounds like a Motivation class because it's justifying the need for their study. The authors are using the cited work to explain why their current research is necessary. 

Let me check the example for Motivation. The example given was about previous research showing a phenomenon and the current work aiming to understand the mechanism. Similarly, here, the citation shows that infection occurs, hence motivating the need to assess vector efficiency. 

Is there a chance it's Background? Background would be providing general information about the domain. But here, it's specifically supporting the rationale for their study, which aligns more with Motivation. 

Uses would be if they directly used a method from the cited work, which they don't mention here. Extension would be if they're building on the cited work's results, but they're not extending it; they're following up. Comparison or Contrast isn't present here. Future is about suggesting future research, but the citation is used to justify the current research. 

Therefore, the correct class should be Motivation.",Motivation
58,uses,,Captured psyllids were frozen at -20 °C and C. pruni identification was done using different determination keys (Ossiannilsson 1992;Burckhardt and Jarausch 2007). Molecular detection of 'Ca. P. prunorum' in plant samples Phloem was prepared from 1 to 3 branches per plant sample and total nucleic acids were extracted with a modified CTAB-based protocol as described by Jarausch et al. (2011).  All plant samples were tested with the 16SrX group specific primers fO1/rO1 as published by (CITSEG) . Identification of 'Ca. P. prunorum' was done with specific primers ESFY-f/ESFY-r as described by Yvon et al. (2009). In samples with low phytoplasma concentration which gave only a faint band in direct PCR with primers fO1/rO1 the following nested PCR approach was adopted for 'Ca. ,Qwen/Qwen3-32B,4096,0.2,True,"Okay, let's see. I need to figure out the rhetorical class for the citation marked as (CITSEG) in the given passage. The options are Background, Motivation, Uses, Extension, Comparison or Contrast, and Future.

Looking at the passage, the context is about molecular detection of 'Ca. P. prunorum' in plant samples. The sentence in question is: ""All plant samples were tested with the 16SrX group specific primers fO1/rO1 as published by (CITSEG)."" 

So, the citation here is referring to the primers fO1/rO1 that were published by the cited work. The authors are using these primers in their study. The key here is whether they are using the method, tool, dataset, or experimental setup from the cited work. Since primers are a specific tool or method in molecular biology, using them directly in their testing would fall under the ""Uses"" category. 

The example given for the ""Uses"" class mentions an experimental setup being referenced, which aligns with using a method or tool. The citation here is providing the source of the primers, which are directly used in the current study's methodology. Therefore, the correct class should be ""Uses"".",Uses
59,uses,,"To overcome the absence of a fossil record for most prokaryotes, secondary calibrations and divergence times of hosts are often employed in the estimation of microbial evolutionary history (Chriki-Adeeb and Chriki, 2016;Gruen et al., 2019). Previous studies on the divergence times of Mollicutes (Marin et al., 2016;Sheridan et al., 2003;Sjöstrand et al., 2014) and multilocus genetic characterization of FDp and FD-rp strains supporting the assumption of recent divergences of FDp (Angelini et al., 2003;Arnaud et al., 2007;Malembic-Maher et al., 2017), provided an opportunity to illuminate the evolutionary history of phytoplasmas. In this paper, times of origin and major divergences of phytoplasmas were estimated using the 16S rRNA gene.  This molecular marker has been widely used for phylogenetic and taxonomic classification of prokaryotes (CITSEG) . Our initial timetree estimate, using calibrations of deeper nodes only (Fig. 1, blue arrows), suggested the divergence between the most recent common ancestor of phytoplasmas and A. palmae + A. parvum occurred ~614.55 Ma. In a previous study that attempted to infer times of origin of various bacterial lineages based on known geological events without incorporating information on molecular divergence, the split between phytoplasma and Acholeplasma clade was dated much later (180 Ma; Maniloff, 2002). In our tree, the crown clade of the phytoplasmas was dated ~302.90 ",Qwen/Qwen3-32B,4096,0.2,True,"Okay, let's see. I need to figure out the rhetorical class for the citation marked as (CITSEG) in the given passage. The passage is about estimating the evolutionary history of phytoplasmas using the 16S rRNA gene. 

First, the sentence where the citation is: ""This molecular marker has been widely used for phylogenetic and taxonomic classification of prokaryotes (CITSEG)."" The author is talking about the 16S rRNA gene being a commonly used tool in their field. The citation here is providing background information on why this particular gene is used. It's not about methods they used directly, but rather explaining the general context or established practice in the field.

Looking at the classes: Background is for providing relevant domain information. The example given was about magnetic water treatment devices. Here, the citation is explaining that 16S rRNA is widely used, which is background knowledge supporting the method choice. 

Motivation would be if they needed to justify why they're doing the study, but here it's more about setting up the context. Uses would be if they directly used the method from the cited work, but the sentence is about the gene's general use, not a specific method from the citation. Extension and Comparison don't fit here. Future is about suggesting future work, which isn't the case here. 

So the correct class should be Background.",Background
60,background,,"The insects of the new generation feed on the reproduction hosts until the beginning of July when they leave the stone fruits as adults to move to overwintering hosts (Thébaud et al. 2009). The phytoplasma multiplies during winter in the psyllid making the returning migrants highly infective. The disease spread is regarded to be monocyclic (Thébaud et al. 2009;Jarausch et al. 2013).  The natural infection rate of C. pruni varies according to the region: in France, Germany and Bulgaria low infection rates between 1 and 3% were observed (Yvon et al. 2004; Jarausch et al. 2007a, b; Thébaud et al. 2008; (CITSEG) , whereas from Italy (Carraro et al. 2004) and Austria (Maier et al. 2013) rates of more than 10% were reported. Nation-wide surveys for the presence of ESFY disease have only been conducted in stone fruit growing areas, e.g. in France (Jarausch et al. 1998), Turkey (Ulubaş Serçe et al. 2006), Spain (Sabaté et al. 2015) or Bulgaria (Etropolska et al. 2015), and confirmed a wide-spread presence of ESFY in orchards of susceptible species like apricots, Japanese plum and peach. During a survey between 2000and 2006, Jarausch et al. (2007b) ) could show that 'Ca. P. prunorum' as well as its vector, C. pruni, were present on all cultivated Prunus species in several stone fruit growing regions in Southwestern Germany. ",Qwen/Qwen3-32B,4096,0.2,True,"Okay, let's tackle this classification task. The user provided a passage with a citation marked as (CITSEG), and I need to determine its rhetorical class from the given options: Background, Motivation, Uses, Extension, Comparison or Contrast, Future.

First, I'll read through the passage to understand the context. The passage discusses the life cycle of insects, the spread of a phytoplasma disease, and infection rates in different regions. The citation in question is part of a sentence that lists observed infection rates in various countries. Specifically, it mentions low infection rates in France, Germany, Bulgaria, and then cites (CITSEG), followed by higher rates in Italy and Austria with their respective citations.

The key here is to figure out why the (CITSEG) citation is included. The sentence structure is comparing infection rates between regions. The part before (CITSEG) lists low rates with some citations, then (CITSEG) is part of that same list, and then higher rates are mentioned with other citations. So (CITSEG) is providing data that supports the statement about low infection rates in certain regions. 

Looking at the rhetorical classes, ""Background"" is for providing relevant domain information. ""Motivation"" is about supporting the need for the study. ""Uses"" refers to methods or tools used. ""Extension"" is when the current work builds on the cited work. ""Comparison or Contrast"" is when the citation is used to show similarities or differences. ""Future"" is about suggesting future research.

In this case, the citation is part of a comparison between different regions' infection rates. The sentence is contrasting the low rates in some areas (including the CITSEG citation) with higher rates in others. Therefore, the rhetorical class here is ""Comparison or Contrast"" because the citation is used to highlight differences in infection rates across regions. The author is using the cited work to show where the rates are lower versus higher, which is a direct comparison.",Comparison or Contrast
61,uses,,"COI and COII sequences translation was checked in MEGA 6 (Tamura et al., 2013) for the presence of in-frame stop codons and indels, which can indicate nuclear mitochondrial pseudogenes (NUMTs), generally known to be an impediment to DNA barcoding (Song et al., 2008;Leite, 2012). For the aligned data set, phylogenetic trees were constructed using the neighbour-joining (NJ) algorithm with bootstrap support analysis (1000 replicates) in MEGA 6 based on a Kimura 2-Parameter (K2P) model. This has been the most widely used method for DNA barcoding analyses (e.g.  Yeh et al., 1997; Shin et al., 2013; Gwiazdowski et al., 2015; (CITSEG) Amouroux et al., 2017;Kanturski et al., 2018;Song et al., 2018), including previous studies on pear psyllids (Lee et al., 2008;Kang et al., 2012;Katoh et al., 2013Katoh et al., , 2014;;Chen et al., 2018). To compare our results with those papers, we preferred to use the same methodology despite some potential limitations, such as a poor fit of the K2P model at the species level (Srivathsan and Meier, 2012;Collins et al., 2012). Eleven pear psyllid species of the genus Cacopsylla (Psyllidae: Psyllinae) were included into the analyses and two Acizzia species (Psyllidae: Acizzinae) were used as outgroups (table 1). Pairwise distances were also computed using MEGA 6 (Tamura et al., 2013). ",Qwen/Qwen3-32B,4096,0.2,True,"Okay, let's see. I need to figure out the rhetorical class for the citation marked as (CITSEG) in the given passage. The options are Background, Motivation, Uses, Extension, Comparison or Contrast, and Future.

First, I'll read through the passage to understand the context. The passage talks about checking COI and COII sequences for stop codons and indels using MEGA 6. Then they mention constructing phylogenetic trees with the NJ algorithm and K2P model in MEGA 6. The next part says that this method has been widely used in DNA barcoding analyses, and they list several studies, including (CITSEG) Amouroux et al., 2017. The authors mention that they preferred using the same methodology as previous studies on pear psyllids despite some limitations. 

So the (CITSEG) is part of a list of studies that have used the same method. The sentence says ""This has been the most widely used method... (e.g. Yeh et al., 1997; ... (CITSEG) Amouroux et al., 2017; ...)"" So the citation here is an example of previous work that used the same method. The authors are justifying their choice of methodology by pointing out that it's commonly used, which supports their decision. 

Looking at the rhetorical classes, the ""Uses"" class is when the cited work's method, tool, etc., is directly used in the current study. But here, the current study is using the method, not the cited work. Wait, the cited works in the list (including CITSEG) are examples of other studies that used the same method. The current study is using the method, not the cited works. So maybe the citation here is providing background on the commonality of the method. 

Alternatively, the ""Background"" class is for providing relevant information about the domain. The sentence is explaining that the method is widely used, which gives context for why the authors chose it. But the authors are using the method themselves, not just providing background. 

Wait, the ""Motivation"" class is for supporting the need for data, goals, methods. Here, the authors are justifying their method choice by showing it's commonly used. That might be a motivation for using it. But maybe it's more about background. 

Alternatively, ""Comparison or Contrast"" is when they express similarity or differences. The authors mention that they used the same methodology as previous studies, so this could be a comparison. However, the main point here is to justify their method choice by showing it's standard, not to compare results. 

The ""Uses"" class is when the cited work's method is used. But in this case, the cited works are examples of others using the method, not that the current study is using the cited work's method. So the current study is using the method, not the cited works. Therefore, the citation here is providing background on the method's common usage. 

So the correct class would be Background. The citation is part of a list showing that the method is widely used, providing context for the current study's methodology.",Background
62,background,,"They vary in color from yellow, olive-green to dark grey, and have a marginal fringe of white, waxy filaments. There are five nymphal instars. On molting to the fourth instar, two pale brown spots appear on the abdomen.  The average lengths of the first to fifth instar are 0.345 mm, 0.50 mm, 0.72 mm, 1.025 mm, and 1.52 mm, respectively (CITSEG) . Adults are winged, pale green, initially, and later turn brown (Fig. 1B). Males are smaller than females and can be distinguished by the shape of the abdomen, which ends in a sharp point in females and bluntly in males. The external genitalia also differ in structure. ",Qwen/Qwen3-32B,4096,0.2,True,"Okay, let's see. I need to figure out the rhetorical class for the citation in this passage. The passage is describing the physical characteristics and development stages of some insect, probably an aphid or similar. The citation is placed right after giving the average lengths of the first to fifth instars. 

First, the text starts by talking about color variations and the marginal fringe. Then it mentions five nymphal instars and the appearance of spots on the abdomen when molting to the fourth instar. The next sentence gives the average lengths for each instar, followed by the citation. Then it moves on to describe adults, their color change, and differences between males and females.

The question is, what role does the citation play here? The options are Background, Motivation, Uses, Extension, Comparison or Contrast, Future. 

Looking at the example for Background: it's when the citation provides relevant domain information. The example given is about magnetic water treatment in the USA. In this case, the citation is giving specific data about the lengths of instars. That seems like providing background information about the species' morphology. 

Motivation is about supporting the need for data or methods. The example there is about previous research showing something and the current work aiming to explain it. Here, the citation is just stating data, not motivating why the current study is done. 

Uses would be if they used a method or dataset from the cited work. The example is about an experimental setup. The current passage isn't using a method from the citation but rather citing data. 

Extension would be if the current work builds on the cited work. The example is improving a method. Here, the authors are just providing measurements, not extending previous work. 

Comparison or Contrast is when they compare their results to others. The example is about differing results. The current passage isn't comparing but just stating their own observations with a citation. 

Future is about suggesting future research. The example is about potential broader applicability. The citation here isn't pointing to future work. 

So, the most likely class is Background. The citation is providing factual information about the instar lengths, which is part of the background information on the species' development.",Background
63,background,,"Pear psyllids (Hemiptera: Psylloidea: Psyllidae: Cacopsylla spp.) are major pests of pear (Pyrus spp.) in the Palaearctic region and, as introductions, in the New World (Valle et al., 2017). They inflict damage by excessive removal of phloem sap and by soiling the fruits with honeydew which, in turn, provides a substrate for sooty mould (Hodkinson, 1984;Burckhardt and Hodkinson, 1986;Burckhardt, 1994). Some species are known as vectors of Candidatus Phytoplasma spp., the causal agents of the pear decline disease (Weintraub and Jones, 2010;Seemüller et al., 2011).  In the past, the presence of seasonal dimorphism, controlled by temperature and photoperiod (CITSEG) , that affect adult colour, size and wing morphology in some species (fig. 1), as well as uncritical use of species names led to much confusion in the taxonomy of pear psyllids (Burckhardt and Hodkinson, 1986;Cho et al., 2017). Several revisions based on morphology addressed and solved many of these problems (Burckhardt and Hodkinson, 1986;Yang et al., 2004;Luo et al., 2012;Cho et al., 2017). Currently, 34 species of Cacopsylla developing on Pyrus are considered valid but more work is needed, in particular on the psyllid fauna of the Middle East, India, Central Asia and Far East Russia, to completely untangle the confused taxonomy of the group (Cho et al., 2017). ",Qwen/Qwen3-32B,4096,0.2,True,"Okay, let's see. I need to figure out the rhetorical class for the citation at (CITSEG) in this passage. The passage is about pear psyllids, their impact, and taxonomy issues. The sentence with the citation says: ""In the past, the presence of seasonal dimorphism, controlled by temperature and photoperiod (CITSEG), that affect adult colour, size and wing morphology in some species..."" 

So, the citation here is explaining that seasonal dimorphism is controlled by temperature and photoperiod. The context is discussing factors that led to taxonomic confusion. The authors are providing background information on why there was confusion in the taxonomy—because of seasonal changes influenced by environmental factors. 

Looking at the rhetorical classes: Background is for providing domain-relevant info. Motivation is about supporting the need for the study. Uses is when they directly use a method or data. Extension is if they build on prior work. Comparison is when they compare or contrast. Future is about suggesting future research.

This citation seems to be giving context about the factors (temperature and photoperiod) that cause seasonal dimorphism, which is part of explaining the background of the taxonomic issues. It's not motivating the current study directly, nor is it a method they used. They're just explaining why there was confusion in the past. So the most appropriate class here is Background.",Background
64,background,," Although apple trees survive phytoplasma infection for decades (CITSEG) , various significant reductions in size were found in leaves (width, length, midrib), tissues (vascular bundle, phloem and xylem) and cells (sieve elements) when compared to non-infected plants (Figs 1 and2). In contrast, pear and peach trees showed less significant differences between healthy and phytoplasma-infected leaves; if any, we found significant increases for leaf size and midrib ratio for confidence intervals with the estimated marginal means obtained from mixed effect models as dots (both back transformed to the response scale). Letters indicate statistical differences between EMMs of groups at the 0.05 significance level. https://doi.org/10.1371/journal.ppat.1009459.g005 ",Qwen/Qwen3-32B,4096,0.2,True,"Okay, let's see. The user provided a passage where they need to classify the rhetorical role of a citation. The passage starts by saying that apple trees survive phytoplasma infection for decades (CITSEG), then compares the effects on leaves, tissues, and cells between infected and non-infected plants. The next part mentions pear and peach trees showing less significant differences, even with some increases in leaf size.

First, I need to figure out what the citation is doing here. The sentence before the CITSEG talks about apple trees surviving for decades. The citation is probably providing background information about the survival duration of apple trees under infection. The rest of the passage discusses the study's findings on different tree species. The CITSEG is used to establish that apple trees can survive for a long time, which sets the context for the comparison with pear and peach trees. 

Looking at the rhetorical classes: Background is for providing domain info. The example given for Background is about magnetic water treatment in the USA since 1975. Here, the citation is about the survival time of apple trees, which is relevant context for the study. The study then compares different species' responses. The CITSEG isn't supporting a need (Motivation), nor is it about methods (Uses), nor is it extending previous work (Extension). The comparison part is between different tree species, but the CITSEG itself is about the survival duration, which is background info. So the correct class should be Background.",Background
65,background,,"Divergence times of bacterial lineages have been estimated using three indirect methods: ecological events, inference from host fossils, and inference from Eukaryotic molecular clocks (Ochman et al., 1999). An earlier evolutionary reconstruction using 16S rRNA phylogenetic trees calibrated by correlating the nodes with ecological and geological events, showed that the lineage of Mollicutes from which phytoplasmas are derived diverged from ancestral Firmicutes about 605 million years ago (Ma) and, subsequently (407 Ma) the ancestral Acholeplasma-like Mollicute gave rise to two major branches, AAP (Acholeplasma, Anaeroplasma, Asteroleplasma and phytoplasmas) and SEM (Spiroplasma, Entomoplasma, Mesoplasma, Mycoplasma and Ureaplasma) (Maniloff, 2002). A comprehensive timetree using 90 calibration points from other studies and small-subunit rRNA was recently constructed for prokaryotes (Marin et al., 2016) revealing a constant overall diversification rate and suggesting that emergence of new lineages is a random process.  Although non-uniform rates of molecular evolution were observed between different bacterial lineages of 42 obligate endosymbionts, the rates still appeared constant within each clade (CITSEG) . Unfortunately, phytoplasmas have, so far, not been included in published bacterial timetrees. The rapid pace of discovery of new phytoplasmas has recently yielded large amounts of relevant sequence data, providing a valuable opportunity to estimate a phytoplasma timetree and explore patterns in their diversification and phylogenetic relatedness. Previous phylogenetic analyses based on 16S rRNA and secY (protein-coding gene) sequences, as well as a recent large-scale phylogenomic analysis of the bacterial phylum Tenericutes, strongly support the monophyly of phytoplasmas, indicating that the group was derived from within a clade comprising facultative plant-and animal-associated bacteria within class Mollicutes (Gupta et al., 2018;Martini et al., 2007). ",Qwen/Qwen3-32B,4096,0.2,True,"Okay, let's tackle this classification task. The user provided a passage with a citation marked as (CITSEG), and I need to determine which rhetorical class it fits into. The options are Background, Motivation, Uses, Extension, Comparison or Contrast, and Future.

First, I'll read through the passage to understand the context. The passage discusses methods for estimating divergence times of bacterial lineages, mentioning several studies. The part with (CITSEG) is in the sentence: ""Although non-uniform rates of molecular evolution were observed between different bacterial lineages of 42 obligate endosymbionts, the rates still appeared constant within each clade (CITSEG).""

Now, I need to figure out the role of this citation. The sentence is talking about the observation of non-uniform rates between lineages but constant within clades. The author is presenting a finding from the cited work. Since this is part of the discussion on methods and previous findings related to molecular evolution rates, it's providing foundational information that supports the current study's context. 

Looking at the classes, Background is for providing relevant domain information. The citation here is giving prior research results that set the stage for the current discussion. It's not about motivating the study, using a method, extending previous work, comparing, or suggesting future work. Therefore, the most appropriate class here is Background.",Background
66,background,,"Nii (1993) described differences in ingrowth structures in the SEs of the phloem among single Rosacea species and found rather similar structures in Malus and Pyrus in comparison to Prunus [49]. In theory, the ingrowth structures might influence the phloem mass flow due to reduced size and/or volume of SEs and thus, reflect a higher resistance for the phloem mass flow. Beside this, phytoplasma colonization of the SEs might affect the phloem mass flow (= plant physiology) negatively.  Liu and Gao (1993) found similar phloem structures in Malus and Pyrus in comparison to Prunus, too (CITSEG) . The SEs in Prunus were shorter and each SE was connected to 2 to 3 companion cells (CCs) in comparison to Malus and Pyrus. In theory, the Prunus SEs have a higher flow resistance because of their shortness and increasing number of sieve plates, which might be balanced with a higher amount of CCs per SEs. The CCs guarantee the physiological function of the SEs and a rise of CCs per SEs might enable the Prunus species to establish higher pressures, higher viability or turnover. ",Qwen/Qwen3-32B,4096,0.2,True,"Okay, let's see. I need to figure out the rhetorical class for the citation in the given passage. The passage talks about differences in phloem structures among Rosacea species, specifically comparing Malus, Pyrus, and Prunus. The first sentence mentions Nii (1993) describing these differences, and then the next part says Liu and Gao (1993) found similar structures in Malus and Pyrus compared to Prunus. The citation here is marked as CITSEG.

Looking at the options: Background, Motivation, Uses, Extension, Comparison or Contrast, Future. 

The key here is that the authors are comparing their findings with previous studies. The first citation by Nii is providing background information. Then Liu and Gao's work is mentioned in the same context of comparing structures. The sentence says ""Liu and Gao (1993) found similar phloem structures in Malus and Pyrus in comparison to Prunus, too (CITSEG)."" So the citation here is supporting the comparison between the species. The authors are using Liu and Gao's findings to contrast or compare with their own discussion about Prunus having shorter SEs and more CCs. 

The rhetorical class ""Comparison or Contrast"" is for when the citation is used to express similarity or differences. Since the passage is discussing similarities between Malus and Pyrus as found by Liu and Gao, and then contrasting that with Prunus's structure, this fits the Comparison or Contrast category. The citation is used to highlight the similarity in structures between two species compared to another, which is a direct comparison. 

I don't think it's Background because the citation isn't just providing general info but is specifically used to compare. It's not Motivation or Future. Uses and Extension don't fit here either. So the correct class should be Comparison or Contrast.",Comparison or Contrast
67,background,,"The number of dendritic canals in the maxilla and mandible is slightly different in different species. The presence of prominent dendritic canals within the mandibular and maxillary stylets indicates that the dual innervation of the fascicle is extensive and probably involves a proprioceptive function (Leopold et al., 2003). As in other Sternorrhyncha, the maxillary stylets of C. chinensis are solid and not innervated whereas the maxillary stylets in Auchenorrhyncha (leafhoppers and planthoppers) possess 2e5 dendrites.  The two dendrites observed in one dendritic canal in each mandible are similar to those of other studied Sternorrhyncha except the adelgid Adelges piceae, which has three dendrites (Cobben, 1978), but this is different from the dendrite pattern of leafhoppers and planthoppers (Foster et al., 1983a,b; (CITSEG) Zhao et al., 2010). Eight types of sensilla can be clearly found on the labium of C. chinensis in both sexes, including two types of sensilla trichodea, four types of sensilla basiconica, single as well as groups of sensilla campaniformia and oval flattened sensilla at different locations on the labium and a kind of sensilla basiconica at the junction of the labrum and anteclypeus, based on morphological characters after Altner and Prillinger (1980) and Brozek and Bourgoin (2012). The functions of these sensory receptors are not clear, but receptors which may perform these functions have been described in several Hemiptera, and such sensilla may help guide the stylets to the phloem and discriminate between host and non-host tissues. An obvious difference with other hemipterans is that the basal segment of C. chinensis is hidden between the prothoracic coxae and bears no sensilla, while the sensilla are all distributed on the distal segment and the middle segment that also bears many surface projections. ",Qwen/Qwen3-32B,4096,0.2,True,"Okay, let's tackle this classification problem. The user provided a passage with a citation marked as (CITSEG) and wants me to determine its rhetorical class from the given options: Background, Motivation, Uses, Extension, Comparison or Contrast, Future.

First, I need to understand the context around the citation. The passage discusses the dendritic canals and sensilla in the labium of C. chinensis, comparing it to other species. The sentence with the citation is: ""but this is different from the dendrite pattern of leafhoppers and planthoppers (Foster et al., 1983a,b; (CITSEG) Zhao et al., 2010)."" 

The key part here is ""different from the dendrite pattern,"" which indicates a comparison or contrast between the cited work and the current study. The authors are pointing out a difference in the dendrite patterns between C. chinensis and leafhoppers/planthoppers, using Zhao et al. 2010 as a reference for the latter's pattern. 

Looking at the rhetorical classes, ""Comparison or Contrast"" is the one that fits when the citation is used to express similarities or differences. The example given for this class mentions results differing from another study, which aligns with this scenario. The citation here isn't providing background info, motivation, or methods, nor is it about future work. It's specifically highlighting a contrast in dendrite patterns between species as referenced in Zhao et al. So the correct class should be ""Comparison or Contrast.""",Comparison or Contrast
68,background,,"THE ADVENT OF PEAR DECLINE has reemphasized the importance of rootstocks in pear culture.  The virus-caused disease generally manifests itself in commercial varieties of Pyrus cummunis L. pears that are budded or topgrafted onto certain types of rootstocks (Blodgett et al., 1963; Shalla et al., 1963 (CITSEG) Jensen et al., 1964). The vector is the pear psylla, Psyll(J) pyricola Foerster (Jensen et al., 1964). The susceptibility to or tolerance of the virus in a particular scion-rootstock combination apparently depends on the genetic composition of the rootstock. In susceptible combinations, the virus-infected tops cause a necrosis of sieve tubes below the bud union. ",Qwen/Qwen3-32B,4096,0.2,True,"Okay, let's see. I need to figure out the rhetorical class for the citation in this passage. The passage is about pear decline, a virus-caused disease in pears. The first sentence mentions that the advent of pear decline has reemphasized the importance of rootstocks. Then it says the disease manifests in commercial varieties that are grafted onto certain rootstocks, and lists some citations, including CITSEG. The next part talks about the vector being pear psylla, also citing Jensen et al. 1964.

So, the question is, what role does the CITSEG citation play here? Let me look at the options again. The possible classes are Background, Motivation, Uses, Extension, Comparison or Contrast, Future. 

The passage is explaining the disease and how it's related to rootstocks. The citations here are providing information about the disease's manifestation and the vector. The first part of the sentence says the disease generally manifests in certain varieties grafted onto certain rootstocks, and then cites Blodgett et al., Shalla et al., and Jensen et al. The CITSEG here is Shalla et al. 1963. 

Since the citation is giving information about the disease's occurrence in specific rootstocks, that seems like providing background information on the domain. The author is setting up the context that pear decline is linked to rootstocks, and the citations support that statement. There's no indication that the cited work is being used to motivate a new study, or that methods from the cited work are being used here. It's more about establishing the existing knowledge about the disease and its relation to rootstocks. 

So the most likely class here is Background. The citation is providing relevant information about the domain, which is the occurrence of pear decline in certain rootstocks. The other citations in the same sentence (Blodgett and Jensen) are also part of this background information. The vector being pear psylla is also cited, but that's part of the same background context. Therefore, the CITSEG here is in the Background class.",Background
69,background,,"P. prunorum' as well as C. pruni in P. spinosa and P. cerasifera also at sites far from stone-fruit orchards and concluded that the cycle of ESFY can be completed independently from the presence of ESFY-infected cultivated stone-fruit trees. These results were confirmed by Yvon et al. (2004) in a case study in Southeastern France who detected 'Ca. P. prunorum'-infected P. spinosa and C. pruni in a hedgerow of blackthorn.  While Carraro et al. (2002) did not find ESFY-infected wild P. mahaleb, (CITSEG) recently reported high infection rates from wild P. mahaleb bushes as well as from C. pruni caught on these plants from Catalonia, Spain. As these authors did not find infected P. spinosa, they concluded that P. mahaleb is a key factor in the local ESFY cycle in Spain. In the present study, a nationwide monitoring was conducted between 2013 and 2017 including cultivated and wild Prunus spp. in order to elucidate the real presence and distribution of 'Ca. P. prunorum' and its vector C. pruni all over Germany. ",Qwen/Qwen3-32B,4096,0.2,True,"Okay, let's tackle this classification task. The user provided a passage with a citation marked as (CITSEG), and I need to determine its rhetorical class from the given options: Background, Motivation, Uses, Extension, Comparison or Contrast, Future.

First, I'll read through the passage to understand the context. The passage discusses research on ESFY (European Stone Fruit Yellows) and the role of different Prunus species in its life cycle. It mentions several studies: Carraro et al. (2002) not finding ESFY in wild P. mahaleb, then another study (CITSEG) reporting high infection rates in wild P. mahaleb in Spain. The authors of the cited study also didn't find infected P. spinosa, leading them to conclude that P. mahaleb is key in Spain's ESFY cycle. The current study is a nationwide monitoring in Germany.

Now, the (CITSEG) is in the sentence: ""(CITSEG) recently reported high infection rates from wild P. mahaleb bushes..."" The surrounding text is comparing different studies' findings. Carraro et al. didn't find infections in P. mahaleb, but the cited study did. The authors then use this to contrast with their own findings in Germany. The rhetorical function here seems to be pointing out a difference in results between studies, which would fall under ""Comparison or Contrast"" because they are highlighting the differing conclusions based on different locations (Spain vs. Germany, perhaps). 

Wait, but the current study is in Germany, and the CITSEG is about Spain. The authors are using the Spanish study's results to contrast with their own context. The key is whether the citation is used to show similarity or difference. Since the passage mentions that the Spanish study found P. mahaleb as key, while the current study is in Germany, maybe they are contrasting the role of different host plants in different regions. Therefore, the citation is used to express a difference in findings, which fits ""Comparison or Contrast"".",Comparison or Contrast
70,background,,"The Cacopsylla pyri-group contains sixteen polyvoltine species which overwinter as adults on the host or in leaf litter around host. Several species of the group constitute the economically most important pests of cultivated pear due to their ability to build up rapidly large populations and to transmit Phytoplasma (e.g. C. chinensis, C. pyri and C. pyricola). The group is characterised by a pronounced dimorphism between winter and summer generations, a fact which was overlooked in the past.  Here we propose following synonymies which we consider to represent seasonal forms: Cacopsylla betulaefoliae (Yang &amp; Li, 1981) = Psylla heterobetulaefoliae Yang &amp; Li, 1981, syn. nov.; -Cacopsylla bidens (Šulc, 1907) = Psylla jiangli Yang &amp; Li, 1981, syn. nov.; -Cacopsylla jukyungi (Kwon, 1983) = Cacopsylla cinereosignata Luo et al., 2012, syn. nov.; (CITSEG) = Cacopsylla qiuzili Li, 2011, syn. nov. The Cacopsylla nigella-group with five probably bi or polyvoltine but not seasonally dimorphic species in the east Palaearctic is characterised by the black body colour of the adults with very dense surface spinules on the forewings. The species overwinter as second instar immature on the host. ",Qwen/Qwen3-32B,4096,0.2,True,"Okay, let's see. I need to figure out the rhetorical class for the citation in this passage. The passage is about the Cacopsylla pyri-group and their synonyms. The user provided a list of possible classes: Background, Motivation, Uses, Extension, Comparison or Contrast, Future.

First, I'll read through the passage again. The first part talks about the group having sixteen species, their overwintering habits, and their role as pests. Then it mentions that the group has a dimorphism between winter and summer generations, which was overlooked. The next part is where the citation is. The authors are proposing synonymies, which they consider seasonal forms. The citation here is part of a list of these synonymies. 

So the citation is part of the authors' proposal of new synonyms. They are stating that a certain species equals another, with the citation probably providing the original description or previous work that they are building upon. The authors are extending or building on previous classifications by proposing these new synonyms. 

Looking at the classes, ""Extension"" is when the citation is the basis of the citing article, and the citing article extends the cited work's results, data, or methods. Here, the authors are taking previous species descriptions (cited in CITSEG) and proposing they are synonyms, which is an extension of the taxonomic work. 

Alternatively, could it be ""Comparison or Contrast""? But the passage isn't comparing methods or results; it's about taxonomic classification. The authors are not contrasting their findings with previous ones but rather building on them by reclassifying. 

""Background"" is for providing domain information, but here the citation is directly part of the new taxonomic proposals. ""Uses"" would be if they used a method from the cited work, but they're using the cited species names to propose synonyms. 

So the most fitting class here is ""Extension"" because they are extending the previous taxonomic work by proposing new synonymies based on the cited studies.",Extension
71,background,,"In Austria, three confirmed or putative phytoplasma vectors, namely C. pyri, C. pyricola and C. pyrisuga, have been recorded (Lethmayer et al. 2011). C. pyri, C. pyricola and C. bidens are polyvoltine and can be found on pear trees all year round. All three species are seasonally dimorphic, producing a large, dark overwintering form and a smaller, lighter summerform (Burckhardt and Hodkinson 1986).  All three species predominantly overwinter as adults in bark crevices of the trees, in case of C. pyricola; however, the winterform has also been recorded outside pear orchards (CITSEG) Horton et al. 1994). The number of insect generations depends on the climatic zone; for C. pyri 2-8, for C. pyricola 3-5 generations per year have been reported (Hodkinson 2009;Garcia Chapa et al. 2005;Civolani 2012;Jarausch et al. 2019a). In contrast, C. pyrisuga is an univoltine migratory species. At the end of winter or in early spring, the adults migrate to Pyrus spp. ",Qwen/Qwen3-32B,4096,0.2,True,"Okay, let's see. I need to figure out the rhetorical class for the citation at (CITSEG) in this passage. The passage is talking about different species of insects and their behavior, specifically overwintering and their presence in pear orchards.

The sentence with the citation says: ""All three species predominantly overwinter as adults in bark crevices of the trees, in case of C. pyricola; however, the winterform has also been recorded outside pear orchards (CITSEG) Horton et al. 1994)."" 

So the citation here is supporting the information about where C. pyricola overwinters. The previous sentence mentions that all three species overwinter in bark crevices, but then there's a contrast with C. pyricola being found outside orchards. The citation is probably providing evidence for that specific observation about C. pyricola's overwintering location beyond the trees.

Looking at the rhetorical classes: Background is for providing domain info. Motivation is about supporting the need for the study. Uses is when they use a method from the cited work. Extension is if they build on the cited work. Comparison or Contrast would be if they're comparing their results to others. Future is about suggesting future research.

In this case, the citation is giving specific data about where C. pyricola was found, which adds to the background information about the species' behavior. It's not motivating the study, using a method, extending previous work, or contrasting with their own results. It's just providing factual information about the species' overwintering habits. So the class should be Background.",Background
72,background,,"In cases where phytoplasmas share ¢97?5 % 16S rDNA sequence similarity, description as different 'Candidatus' species is only recommended if there is an indication that these phytoplasmas clearly represent separate populations, as evidenced by significant differences based on molecular markers other than 16S rDNA, antibody specificity, host range and vector transmission specificity. The AP, PD and ESFY agents are among the phytoplasmas that have been studied most intensively, using both molecular and biological methods. 16S rDNA sequence data indicated that each of them represents a relatively uniform organism (Lorenz et al., 1995;Seemu ¨ller et al., 1998b;Kison &amp; Seemu ¨ller, 2001).  The results also revealed that the three pathogens are closely related phylogenetically and form, together with the PYLR phytoplasma, a cluster designated the 'AP phytoplasma group' (CITSEG) or 16SrX group (Lee et al., 2000) within the AP subclade, which is one of the major branches of the phytoplasma clade. The four phytoplasmas differ from each other in &lt 2?5 % of 16S rDNA nucleotide sequence positions. Thus, the objective of this work was to examine whether the above-mentioned requirements for differentiation of closely related phytoplasmas are fulfilled. ",Qwen/Qwen3-32B,4096,0.2,True,"Okay, let's see. I need to figure out the rhetorical class for the citation marked as (CITSEG) in the given passage. The options are Background, Motivation, Uses, Extension, Comparison or Contrast, and Future.

First, I'll read through the passage to understand the context. The passage is discussing phytoplasmas and their classification based on 16S rDNA sequence similarity. It mentions that when phytoplasmas share a high percentage similarity, they are considered different 'Candidatus' species if there are other distinguishing factors. The AP, PD, and ESFY agents are examples that have been studied, and their 16S rDNA data shows they are closely related, forming a cluster called the 'AP phytoplasma group' or 16SrX group. The citation (CITSEG) is placed right after introducing this cluster. 

The next part says the four phytoplasmas differ by less than 2.5% in their 16S rDNA sequences, leading to the study's objective to check if the differentiation criteria are met. 

So, the citation here is introducing a classification or grouping of these phytoplasmas. The authors are using this citation to provide context about how these phytoplasmas are grouped, which seems to be part of the existing knowledge in the field. The purpose isn't to motivate the study directly, but to set up the background information that these phytoplasmas are grouped into a specific cluster. The study then builds on that by examining if the criteria for differentiation are met. 

Looking at the example for Background: ""in the USA the use of magnetic water treatment devices has been spreading since 1975 (CITSEG)."" Here, the citation provides relevant domain information. Similarly, in the given passage, the citation is providing existing classification information that sets the stage for the current study. 

The Motivation class is when the citation supports the need for the study. The passage does mention the study's objective, but the citation is more about existing classification rather than justifying the need. 

Uses would be if they used a method from the cited work, but here it's about classification. 

Extension would be if the current work extends the cited work, but the study is checking if the criteria are met, not extending the cited results. 

Comparison or Contrast would be if they are comparing their results to the cited work, but here it's more about establishing the existing grouping. 

Future is about suggesting future research, which isn't the case here. 

Therefore, the most appropriate class is Background because the citation is providing existing information that contextualizes the current study's focus on differentiation criteria.",Background
73,background,,"persica and P. insititia) [32]. The increased callose deposition did not affect all SEs as we still measured mass flow in SEs (Table 4), meaning that plum psyllids could feed on callosefree SEs.  In general, sugars (e.g. sucrose) are known to stimulate feeding of phloem-feeding insects such as aphids [58, (CITSEG) . Thus, the detected higher sugar concentration in infected pear phloem (Table 4) might increase probing and feeding behaviour of pear psyllids and, therefore, increase the acquisition and spread of phytoplasmas in pear orchards. However, a recent detailed phloem composition analysis of Prunus trees revealed no major differences in the phloem metabolite composition between ESFY infected and healthy trees [32]. In contrast, the soluble sugar content increased and the composition of phloem metabolites differed significantly between Ca. ",Qwen/Qwen3-32B,4096,0.2,True,"Okay, let's tackle this classification task. The user provided a passage with a citation marked as (CITSEG), and I need to determine which rhetorical class it belongs to. The options are Background, Motivation, Uses, Extension, Comparison or Contrast, and Future.

First, I'll read through the passage to understand the context. The passage discusses how increased callose deposition doesn't affect all sieve elements (SEs), allowing plum psyllids to feed on callose-free SEs. It then mentions that sugars like sucrose stimulate feeding in phloem-feeding insects such as aphids, citing [58] and (CITSEG). The argument here is that higher sugar concentrations in infected pear phloem might increase the psyllids' feeding behavior, leading to more phytoplasma spread. However, a recent study found no major differences in phloem metabolites between infected and healthy trees, but there was an increase in soluble sugars and differences in metabolite composition.

Now, focusing on the part with (CITSEG): ""sugars (e.g. sucrose) are known to stimulate feeding of phloem-feeding insects such as aphids [58, (CITSEG)."" The citation here is supporting the statement that sugars stimulate feeding. The authors are using this citation to provide a general background or established knowledge that supports their argument about why higher sugar concentrations would lead to increased feeding by pear psyllids. 

The Background class is for citations that provide relevant domain information. The Motivation class is for supporting the need for the study's goals. Since this citation is giving a known fact (sugars stimulate feeding) that underpins the reasoning for their hypothesis (higher sugars lead to more feeding), it's more about establishing a foundational fact rather than motivating the study itself. The Uses class is when they directly use a method or data from the cited work, which isn't the case here. Extension would be if they built upon the cited work's results, but they're using it to support a claim, not extend it. Comparison or Contrast isn't applicable here as they aren't comparing their results to others. Future is about suggesting future research, which isn't the case here.

Therefore, the citation is providing background information that supports the argument by citing established knowledge about sugar's role in insect feeding behavior. So the correct class should be Background.",Background
74,background,,"Candidatus Liberibacter asiaticus' is present in Asia and America. Ca. Liberibacter americanus' is common in the Americas, and 'Ca.  Liberibacter americanus' is common in the Americas, and 'Ca. Liberibacter africanus' occurs in Africa (Gottwald 2010; Lin 1956; McLean and Oberholz 1965; (CITSEG) . Ca. Liberibacter solanacearum', also known as 'Ca. Liberibacter psyllaurous', is associated with newly emerging and economically important diseases of solanaceous crops. ",Qwen/Qwen3-32B,4096,0.2,True,"Okay, let's see. I need to figure out the rhetorical class for the citation marked as (CITSEG) in the given passage. The passage is talking about different species of Candidatus Liberibacter and their geographical distributions. The first part lists several species and where they are found, citing multiple sources including (CITSEG). The next sentence introduces another species, Ca. Liberibacter solanacearum, and mentions its association with diseases in solanaceous crops.

The task is to determine which rhetorical class the (CITSEG) falls into. The options are Background, Motivation, Uses, Extension, Comparison or Contrast, and Future. 

Looking at the example for Background: the citation provides relevant domain information. In the example, it's about the spread of magnetic water treatment devices. Similarly, in the given passage, the citations are providing information about the presence and distribution of different Liberibacter species. The (CITSEG) is part of a list of references that establish where each species is found. This seems like background information setting the stage for the discussion about these bacteria.

Motivation is about supporting the need for data or goals. The example there is about previous research showing a phenomenon and the need to understand it. The current passage isn't arguing for a need or a goal but rather stating existing knowledge.

Uses would be if they directly used a method or tool from the cited work. The example is about an experimental setup. The passage here doesn't mention using any specific methods from the cited works, just their findings.

Extension would be if the current work builds on the cited work. The example is improving a method. The passage isn't extending previous work but presenting existing distributions.

Comparison or Contrast is when they compare or contrast with their own work. The example talks about differing results. The passage here is just listing distributions without comparing to their own findings.

Future is about suggesting future research. The example mentions potential broader applicability. The passage here doesn't talk about future directions.

So, the (CITSEG) is providing background information on the geographical distribution of the Liberibacter species. Therefore, the correct class should be Background.",Background
75,background,,"Amplicons associated with this unknown bacterium were not produced from specimens collected in 1987. All bacterial sequences amplified from C. pyricola were deposited into GenBank to aid future research on bacteria associated with insects. Our study is the first to report bacterial endosymbionts associated with C. pyricola in North America.  As facultative endosymbionts can render insects less susceptible to management using parasitoids, pathogens, host plant resistance, and insecticides (Oliver et al. 2003 , Scarborough et al. 2005 , Hansen et al. 2007 (CITSEG) , Kikuchi et al. 2012, Su et al. 2015), the documentation of the presence and biological function of endosymbionts in pest populations can allow for more informed pest management decisions. Documentation that Arsenophonus and P. pyri are both prevalent in geographically separated C. pyricola populations will support future studies on how facultative endosymbionts potentially affect psyllid biology and management. Further research should compare behavior and ecology of wild psyllids with or without Arsenophonus or Phytoplasma, or assess biology and behavior of psyllids experimentally cured of endosymbionts. Fig. 1. ",Qwen/Qwen3-32B,4096,0.2,True,"Okay, let's see. I need to figure out the rhetorical class for the citation in the given passage. The passage is talking about bacterial endosymbionts in C. pyricola and how they affect pest management. The citation is part of a list that includes Oliver et al. 2003, Scarborough et al. 2005, Hansen et al. 2007 (CITSEG), Kikuchi et al. 2012, Su et al. 2015.

The sentence says that facultative endosymbionts can make insects less susceptible to management methods like parasitoids, pathogens, etc., and then lists these references. The purpose here seems to be supporting the need for documenting endosymbionts to make informed pest management decisions. The authors are probably using these citations to back up their argument that understanding these symbionts is important for pest control. 

Looking at the rhetorical classes: Motivation is when the citation supports the need for data, goals, methods, etc. The citations here are providing evidence that there's a need to study these symbionts because they affect management strategies. So this would be Motivation. 

Alternatively, could it be Background? Background is for providing domain information. But here, the citations are supporting the motivation for their study, not just background info. The key part is ""the documentation... can allow for more informed pest management decisions,"" which suggests the citations are justifying the importance of their work. So Motivation fits better. 

Also, the next sentence mentions future research, but the citation here is in the context of explaining why their study is important, not future directions. So Future class isn't right. Comparison or Contrast isn't here either. They're not contrasting with other studies. Uses and Extension also don't fit. So the answer should be Motivation.",Motivation
76,compareorcontrast,,"This plant does not show any symptoms of ESFY (Carraro et al. 2002;Jarausch et al. 2008;this work) but can be infected. It has to be regarded as less susceptible. In addition, it is the preferred host plant of C. pruni (Lauterer 1999) and accordingly, we found C. pruni on every P. spinosa testedsometimes at high population densities.  This is supported by data from (CITSEG) , Yvon et al. (2004) or Maier et al. (2013). ESFY is widespread in wild habitats as we found in our random sampling a mean infection rate of about 14% and a nationwide distribution of infected plants. This is in the range of local infection rates of wild P. spinosa reported from other countries: 25% infections were found in France (Jarausch et al. 1998) and Italy (Carraro et al. 2002), 12% in Austria (Maier et al. 2013) only between 1 and 2%. This confirms our previous results (Jarausch et al. 2007a, b), only in heavily infected apricot orchards infection rates of up to 5% were found (Jarausch et al. 2007b). ",Qwen/Qwen3-32B,4096,0.2,True,"Okay, let's see. I need to figure out the rhetorical class for the citation marked as (CITSEG) in the given passage. The options are Background, Motivation, Uses, Extension, Comparison or Contrast, and Future.

First, I'll read through the passage to understand the context. The passage is discussing a plant's susceptibility to ESFY, mentioning several studies. The part with (CITSEG) is in the sentence: ""This is supported by data from (CITSEG), Yvon et al. (2004) or Maier et al. (2013)."" 

So the author is saying that their findings are supported by data from CITSEG and other studies. The purpose here is to back up their claim with existing research. That makes me think it's either Background or Motivation. 

Background is for providing relevant domain information. Motivation is about supporting the need for the study's goals or methods. Here, the citation is used to support the current statement, which is about the infection rates in wild habitats. The author is using previous data to confirm their own results. 

Looking at the example for Background: ""in the USA the use of magnetic water treatment devices has been spreading since 1975 (CITSEG)."" That's providing context. In the given case, the citation is supporting the claim about infection rates, which is part of establishing the existing knowledge in the field. 

Alternatively, Motivation examples involve justifying why the research was done. The example given for Motivation talks about previous research showing a phenomenon but needing an explanation. Here, the author isn't justifying the need for their study but rather supporting their current findings with existing data. 

So it's more about providing background information to contextualize their results. Therefore, the correct class should be Background.",Background
77,background,,"One year after the initial discovery of C. chinensis in the Jianshih area, the rDNA sequences of both PDTW phytoplasma and PDTWII phytoplasma were for the first time amplified and sequenced using samples of C. chinensis that were collected from the same area in August, 2005. Additionally, in 2006, pear plants began to exhibit red foliage, small developing shoots and hard fruit (Liu et al., 2007b). Phytoplasma-infected C. chinensis and pear plants were then detected and identified, and both PDTW and PDTWII phytoplasma have been detected repeatedly in diseased pears and C. chinensis since then.  In California and Italy, more than one group of phytoplasmas has been found in samples from PD-diseased pears (Kirkpatrick et al., 1994; (CITSEG) . The host range of phytoplasmas may depend on their interaction with insect vectors (Seemüller et al., 1998). Individual infection with either PDTWII phytoplasma or the previously identified PDTW phytoplasma (Liu et al., 2007a) and co-infection with both phytoplasmas was also detected in diseased pears in the Heping and Dungshr areas in central Taiwan. Since the orchard population of C. qianli has became very low in recent years, C. chinensis is now the dominant pear psyllid species in Taiwan. ",Qwen/Qwen3-32B,4096,0.2,True,"Okay, let's see. I need to figure out the rhetorical class for the citation marked as CITSEG in this passage. The options are Background, Motivation, Uses, Extension, Comparison or Contrast, and Future.

First, I'll read through the passage to understand the context. The passage talks about the discovery of C. chinensis in the Jianshih area, the sequencing of rDNA for phytoplasmas, and mentions that in California and Italy, more than one group of phytoplasmas has been found in PD-diseased pears. The CITSEG is placed right after Kirkpatrick et al., 1994, so it's another citation in that list. The sentence says that in California and Italy, multiple phytoplasma groups were found in diseased pears, citing Kirkpatrick et al. and CITSEG. 

The next sentence mentions that the host range of phytoplasmas depends on their interaction with insect vectors, citing Seemüller et al., 1998. Then there's more about the detection of different phytoplasmas in Taiwan and the shift in psyllid species.

So, the CITSEG here is part of a statement about the presence of multiple phytoplasma groups in diseased pears in specific regions. The author is providing information about what's been observed in other regions (California and Italy), which seems to set the context for their own study. This is likely providing background information about the domain, showing that similar findings exist elsewhere, which supports the current research's context. 

The Background class is for when the citation provides relevant domain information. The Motivation class is for supporting the need for the study. Since this is just stating prior findings without directly linking to the need for the current study's goals, it's more about background. The Uses, Extension, Comparison, or Future don't fit here. The author isn't using the cited work's methods, extending it, comparing/contrasting, or suggesting future work. So the correct class should be Background.",Background
78,background,,"In two studies Katoh et al. (2013Katoh et al. ( , 2014) )  analysed the genetic population structure of C. chinensis in Japan and compared it to populations from mainland China and Taiwan. They found that the Japanese populations differ markedly from the Chinese and Taiwanese ones. Relatively little is also known about the pear psyllids from Korea.  The first record from the Peninsula is that of the European C. pyrisuga by Shinji (1944), repeated by various authors (e.g. (CITSEG) Paik 1963;Miyatake 1964;Kwon et al. 2016). Park &amp; Lee (1982) described Psylla sandolbaea from Pyrus ussuriensis, and Kwon (1983) provided new distributional data for C. pyrisuga and reported the occurrence of the European C. pyricola in Korea. Further he described Psylla (Hepatopsylla) jukyungi from Pyrus communis and P. (H.) obongsana without host indication. Later Park (1996) transferred P. sandolbaea to Cacopsylla and added P. jukyungi and P. obongsana as junior synonyms. ",Qwen/Qwen3-32B,4096,0.2,True,"Okay, let's see. I need to figure out the rhetorical class for the citation marked as (CITSEG) in the given passage. The options are Background, Motivation, Uses, Extension, Comparison or Contrast, and Future.

First, I'll read through the passage to understand the context. The passage is talking about studies on the genetic population structure of C. chinensis in Japan compared to China and Taiwan. Then it mentions that not much is known about pear psyllids in Korea. The first record from the Korean Peninsula is about C. pyrisuga by Shinji in 1944, and then there are various authors cited, including the CITSEG here: Paik 1963; Miyatake 1964; Kwon et al. 2016. 

The next sentences talk about Park & Lee (1982) describing a species, Kwon (1983) providing distribution data, and later work by Park (1996) transferring species and adding synonyms. 

So the CITSEG here is part of a list of authors who repeated Shinji's 1944 record. The sentence says ""repeated by various authors (e.g. (CITSEG) Paik 1963; Miyatake 1964; Kwon et al. 2016)."" The purpose here seems to be providing examples of prior works that have cited or built upon Shinji's initial record. 

Looking at the rhetorical classes, Background is for providing relevant information in the domain. Motivation is about supporting the need for the study. Uses is when they directly use a method or data. Extension is when the current work extends prior work. Comparison or Contrast is when they compare or contrast with other studies. Future is about suggesting future research.

In this case, the authors are citing previous works that have repeated the initial record of C. pyrisuga in Korea. This seems to be establishing the existing knowledge or prior studies in the field, which would fall under Background. They're providing context about what's already known or documented, which supports the domain background rather than motivating a new study, using methods, extending prior work, or suggesting future directions. There's no indication of comparison or contrast here either, just listing prior works as examples of repetitions of the initial finding. So the most appropriate class is Background.",Background
79,background,,"In this study the two kinds of sensilla trichodea both have longitudinal grooves in the shaft, considered as chemoreceptors and mechanoreceptors (Rani and Madhavendra, 1995;Leopold et al., 2003). Four pairs of bilaterally symmetrical sensilla (SbII) around the rostrum opening appear identical with the apical labial sensilla documented in aphids (Forbes, 1977) and whiteflies (Walker and Gordh, 1989), where they have been shown to serve in mechanoreceptory and chemosensory functions, respectively. Although their function in C. chinensis feeding has not been determined, it is likely that they play an integral part in host selection and likely function in chemo-or mechanosensory tasks, or both.  The sensilla basiconica I and IV (SbI, SbIV), located at the respective junctions are presumably the proprioceptors to detect that the degree of flexion of the joint, thereby allowing monitoring of their relative position (CITSEG) . The short and stout sensilla basiconica III are often considered to be thermo-or hygroreceptors (Rani and Madhavendra, 1995). Sensilla campaniformia are dome, bell, and cupola-shaped structures that also possess slight morphological variations (Fig. 4G andH) and are proprioceptors responding to strains in the exoskeleton. They are found wherever mechanical deformations of the cuticle might occur (McIver, 1975(McIver, , 1985;;French, 1988;Keil, 1997). ",Qwen/Qwen3-32B,4096,0.2,True,"Okay, let's see. I need to figure out the rhetorical class for the citation marked as (CITSEG) in the given passage. The passage is about different types of sensilla in an insect, probably C. chinensis. The sentence with the citation is: ""The sensilla basiconica I and IV (SbI, SbIV), located at the respective junctions are presumably the proprioceptors to detect that the degree of flexion of the joint, thereby allowing monitoring of their relative position (CITSEG).""

First, I should recall the different rhetorical classes. The options are Background, Motivation, Uses, Extension, Comparison or Contrast, and Future. 

Looking at the sentence, the authors are talking about the function of sensilla basiconica I and IV as proprioceptors. They mention that these structures are presumably proprioceptors to detect joint flexion. The citation here is supporting the claim about their function. 

Now, what's the role of the citation here? The authors are stating a presumed function based on previous work. So the citation is providing evidence or background information that supports the assertion about the role of these sensilla. The citation isn't about methods used (Uses), nor is it extending previous work (Extension). It's not about motivating the study (Motivation) or suggesting future work (Future). It's also not comparing or contrasting with other studies. 

The example given for Background is when the citation provides relevant domain information. In this case, the citation is providing information about the function of the sensilla, which is part of the background knowledge in the field. The authors are using the citation to back up their statement about the sensilla's role as proprioceptors. Therefore, this seems like a Background citation. 

Wait, but maybe it's a Uses? If they are using a method from the cited work. But the sentence is about the function of the sensilla, not about a method they used. So no. 

Another angle: if the citation is explaining why they are doing the study, that would be Motivation. But here, they are just describing the structure and function, which is part of establishing the current understanding in the field. So Background makes sense here. 

Therefore, the correct class should be Background.",Background
80,background,,"Further he described Psylla (Hepatopsylla) jukyungi from Pyrus communis and P. (H.) obongsana without host indication. Later Park (1996) transferred P. sandolbaea to Cacopsylla and added P. jukyungi and P. obongsana as junior synonyms. An edict of the New Zealand Government (New Zealand National Plant Protection Organisation 1999) regulates Cacopsylla jukyungi, C. pyricola and C. pyrisuga from Korea as quarantine risk group pests for their biosecurity, implicitly treating C. jukyungi as valid species and transferring it to Cacopsylla.  In the last two decades, several papers were dedicated to various aspects of the biology and control of C. pyricola in Korea (CITSEG) Kim et al. 2000Kim et al. , 2007;;Park et al. 2013;Park et al. 2016). Recently, Cho &amp; Lee (2015) reported Cacopsylla chinensis from Korea, analysing nucleotide sequences. They found that Korean populations are similar to Japanese ones but differ from Chinese and Taiwanese populations. From the Russian Far East, finally, three species associated with pear are reported to date (Gegechkori &amp; Loginova 1990): the west Palaearctic C. pyricola and C. pyrisuga, and the native Psylla nigrella Konovalova. ",Qwen/Qwen3-32B,4096,0.2,True,"Okay, let's see. I need to figure out the rhetorical class for the citation in the given passage. The passage is about different species of Cacopsylla, their classification, and some studies on them.

The sentence with the citation is: ""In the last two decades, several papers were dedicated to various aspects of the biology and control of C. pyricola in Korea (CITSEG) Kim et al. 2000Kim et al. , 2007;;Park et al. 2013;Park et al. 2016).""

So the citation here is providing examples of papers that have studied C. pyricola's biology and control in Korea. The phrase ""several papers were dedicated to..."" suggests that these citations are examples of prior work in the field. The authors are probably setting the context by showing that there's existing research on this topic. 

Looking at the rhetorical classes, ""Background"" is for providing relevant information in the domain. ""Motivation"" is about supporting the need for the study. ""Uses"" is when they use a method from the cited work. ""Extension"" is if they build on the cited work. ""Comparison or Contrast"" would be if they compare their results to others. ""Future"" is about suggesting future research.

In this case, the citations are examples of prior studies, giving context about what's already been done on C. pyricola in Korea. That sounds like providing background information. The authors aren't using a specific method from those papers, nor are they extending or comparing their own work. They're just showing that there's existing research in this area, which would be part of the background for their own study. So the correct class should be ""Background"".",Background
81,background,,"DNA barcoding is a fast and efficient method for species identification using short standardized sequences.  It is commonly used for identification of quarantine and agricultural pests (CITSEG) Hebert and Ratnasingham, 2007;Park et al., 2010;Shin et al., 2013). DNA-based methodologies are also useful for species identification in taxa where females or immatures lack diagnostic morphological characters (Boehme et al., 2010). Pear psyllids (Hemiptera: Psylloidea: Psyllidae: Cacopsylla spp.) are major pests of pear (Pyrus spp.) in the Palaearctic region and, as introductions, in the New World (Valle et al., 2017). They inflict damage by excessive removal of phloem sap and by soiling the fruits with honeydew which, in turn, provides a substrate for sooty mould (Hodkinson, 1984;Burckhardt and Hodkinson, 1986;Burckhardt, 1994). ",Qwen/Qwen3-32B,4096,0.2,True,"Okay, let's see. I need to figure out the rhetorical class for the citation in the given passage. The passage is about DNA barcoding and its use in identifying pests, specifically pear psyllids. The citation in question is (CITSEG) followed by several authors and years.

First, the sentence says, ""It is commonly used for identification of quarantine and agricultural pests (CITSEG) Hebert and Ratnasingham, 2007;Park et al., 2010;Shin et al., 2013)."" So the citation here is supporting the statement that DNA barcoding is commonly used for identifying these pests. 

Looking at the rhetorical classes: Background is for providing relevant domain info. Motivation is about supporting the need for methods or goals. Uses is when they directly use a method from the cited work. Extension is when the current work extends the cited one. Comparison or Contrast is when they compare or contrast with the cited work. Future is about suggesting future research.

In this case, the authors are stating that DNA barcoding is commonly used, and they cite previous studies to back up that claim. That seems like providing background information on the application of DNA barcoding in pest identification. The citations here are examples or evidence that support the general statement about its common use. So it's not about motivating the need for their study, nor are they using a specific method from those papers. They're just giving references to show that this method is established in the field. Therefore, the correct class should be Background.",Background
82,background,,"The disease spread is regarded to be monocyclic (Thébaud et al. 2009;Jarausch et al. 2013). The natural infection rate of C. pruni varies according to the region: in France, Germany and Bulgaria low infection rates between 1 and 3% were observed (Yvon et al. 2004;Jarausch et al. 2007a, b;Thébaud et al. 2008;Etropolska et al. 2015), whereas from Italy (Carraro et al. 2004) and Austria (Maier et al. 2013) rates of more than 10% were reported. Nation-wide surveys for the presence of ESFY disease have only been conducted in stone fruit growing areas, e.g. in France (Jarausch et al. 1998), Turkey (Ulubaş Serçe et al. 2006), Spain (Sabaté et al. 2015) or Bulgaria (Etropolska et al. 2015), and confirmed a wide-spread presence of ESFY in orchards of susceptible species like apricots, Japanese plum and peach.  During a survey between 2000 and 2006 (CITSEG) could show that 'Ca. P. prunorum' as well as its vector, C. pruni, were present on all cultivated Prunus species in several stone fruit growing regions in Southwestern Germany. The role of wild Prunus for the spread of ESFY was first studied by Carraro et al. (2002) in the heavily ESFY-infected region Friuli-Venezia Giulia in Northeast Italy. They found 'Ca. ",Qwen/Qwen3-32B,4096,0.2,True,"Okay, let's see. I need to figure out the rhetorical class for the citation marked as (CITSEG) in the given passage. The options are Background, Motivation, Uses, Extension, Comparison or Contrast, and Future.

First, I'll read through the passage to understand the context. The passage is discussing the spread of a disease called ESFY, mentioning various studies from different regions. The sentence with (CITSEG) says, ""During a survey between 2000 and 2006 (CITSEG) could show that 'Ca. P. prunorum' as well as its vector, C. pruni, were present on all cultivated Prunus species in several stone fruit growing regions in Southwestern Germany.""

Looking at the surrounding text, the author is providing information about where and how the disease has been observed. The citation here is being used to present findings from a specific survey conducted in Southwestern Germany. The purpose seems to be to give background information on the presence of the pathogen and its vector in that region. The author isn't using this citation to argue for a method, compare results, or suggest future work. It's more about establishing existing knowledge or data about the disease's spread. 

The other examples in the Background class mention providing relevant domain information, which fits here. The citation is supporting the statement about the presence of the pathogen and vector in a specific area, contributing to the overall background of the disease's distribution. There's no indication that this study is being used to motivate the current research, extend previous work, or compare with other studies. Therefore, the most appropriate class here is Background.",Background
83,background,,"Diaphorina citri transmits Ca. Liberibacter africanus (CLaf), Ca. L. asiaticus (CLas), and Ca. L. americanus (CLam) (McClean &amp; Oberholzer 1965;Capoor et al. 1967;Yamamoto et al. 2006). However, most studies related to transmission of Ca. Liberibacter spp. by D. citri were performed with CLas.  This bacterium has a persistent propagative relationship with D. citri (Inoue et al. 2009; (CITSEG) Orlovskis et al. 2015). Regarding transmission characteristics of CLas, there is a wide variation in the literature on the data on the period and efficiency of acquisition, inoculation, latency, and persistence. This may, in part, be explained by the dependency of early studies on visual assessment of symptom development. Therefore, only the studies that have used molecular techniques, polymerase chain reaction (PCR) or real-time PCR, to detect CLas in the psyllid and plant have been considered here. ",Qwen/Qwen3-32B,4096,0.2,True,"Okay, let's tackle this classification task. The user provided a passage with a citation marked as (CITSEG), and I need to determine which rhetorical class it fits into. The options are Background, Motivation, Uses, Extension, Comparison or Contrast, and Future.

First, I'll read through the passage to understand the context. The passage is about Diaphorina citri transmitting different Liberibacter species. It mentions that most studies focus on CLas and that this bacterium has a persistent propagative relationship with the psyllid. The citation in question is (CITSEG) Orlovskis et al. 2015. 

Looking at the surrounding text, the sentence says, ""This bacterium has a persistent propagative relationship with D. citri (Inoue et al. 2009; (CITSEG) Orlovskis et al. 2015)."" The authors are providing information about the relationship between CLas and D. citri. The previous sentence mentions that most studies were done with CLas, and then they cite two sources to support the claim about the persistent relationship. 

Now, considering the rhetorical classes. The Background class is for providing relevant domain information. The Motivation class is for supporting the need for the study. Uses is when a method or tool is directly used. Extension is when the current work builds on the cited work. Comparison or Contrast is when the work is compared or contrasted. Future is about suggesting future research.

In this case, the citation is supporting a factual statement about the relationship between the bacterium and the psyllid. It's providing foundational information that sets the stage for the discussion about transmission characteristics. The authors are not using the cited work's methods, nor are they extending it. They're not contrasting or comparing their work with it. It's more about establishing the existing knowledge in the field. Therefore, this seems like a Background citation. The Motivation might be if they were explaining why their study is needed, but here it's just stating a fact that's part of the existing knowledge. So the correct class should be Background.",Background
84,uses,,"We do not know what served as a reservoir for WX in the 1950s, but perhaps there was a larger wild Prunus population at that time. The most common crops currently grown in the area are walnuts, peaches, pears, and French prune (Prunus domestica). Of these crops, only peaches are susceptible to WX, and peaches have been shown to be a poor vector acquisition host of the WX phytoplasma (4,6).  A previous report detected WX in pear by enzyme-linked immunosorbent assay (ELISA) (CITSEG) , but these results were never repeated using DNA hybridization (B. C. Kirkpatrick, unpublished results) or PCR (5). The current absence of an efficient reservoir for WX is the most likely explanation for the low levels of WX in the peach trees and leafhoppers sampled from this area of California. However, as previously noted, the typical foliar symptoms of WX-infected peaches, especially late-season shot-holing, can sometimes be produced by the PYLR/PD phytoplasma. Thus, some of the trees reported by Schlocker (18) to be infected with WX may have been actually infected with the PYLR/PD phytoplasma. ",Qwen/Qwen3-32B,4096,0.2,True,"Okay, let's see. I need to figure out the rhetorical class for the citation in this passage. The passage is talking about the reservoir for WX in the 1950s and current crops. The specific sentence with the citation is: ""A previous report detected WX in pear by enzyme-linked immunosorbent assay (ELISA) (CITSEG), but these results were never repeated using DNA hybridization..."" 

So, the author is mentioning a previous study that found WX in pears using ELISA. But then they say those results weren't repeated with other methods. The purpose here seems to be to provide context about prior findings, which the current study is contrasting or comparing. The citation is used to reference a past result that's being evaluated or compared against current methods. 

Looking at the classes: Background is for providing domain info. Motivation is about supporting the need for the study. Uses is if they used the method. Extension is building on prior work. Comparison or Contrast is when they discuss similarities/differences. Future is about future research.

Here, the author is pointing out that a previous study found something, but their results weren't confirmed with other techniques. This seems like a comparison or contrast because they're highlighting the difference between the previous ELISA results and the lack of confirmation with DNA hybridization and PCR. The citation is used to contrast the prior finding with the current lack of replication. So the class should be Comparison or Contrast.",Comparison or Contrast
85,background,,"Similar low infection rates were observed in France by Jarausch et al. (2001), Yvon et al. (2004) and Thébaud et al. (2008) or in Bulgaria (Etropolska et al. 2015). By contrast, much higher infection rates were reported from Austria (Maier et al. 2013) and Italy (Carraro et al. 2004). Despite this low infection rate infected remigrants represent a high risk for susceptible stone fruit orchards as the univoltine species overwinters on conifers (Jarausch and Jarausch 2016;Gallinger and Gross 2018) and remigrates to Prunus in early spring (Thébaud et al. 2009).  At this time the individuals are highly infectious (CITSEG) Thébaud et al. 2009) and the dispersal in the orchard is more or less randomly on a regional scale (Thébaud et al. 2006(Thébaud et al. , 2009)). Accordingly, we found high infection rates in susceptible stone fruits like apricot and Japanese plum confirming previous data from Southwest Germany (Jarausch et al. 2007b(Jarausch et al. , 2008) ) as well as from other countries (Marcone et al. 2010(Marcone et al. , 2011)). Our nationwide data confirm also the relatively low infection rate of the highly susceptible peach (Jarausch et al. 1998(Jarausch et al. , 2007a(Jarausch et al. , 2008)). A new finding for Germany is ESFY infection of sweet cherry. ",Qwen/Qwen3-32B,4096,0.2,True,"Okay, let's tackle this classification problem. The task is to determine the rhetorical class of the citation marked as (CITSEG) in the given passage. The options are Background, Motivation, Uses, Extension, Comparison or Contrast, and Future.

First, I need to understand the context around the (CITSEG). The passage starts by comparing infection rates in different countries, mentioning studies from France, Bulgaria, Austria, and Italy. Then it discusses the risk posed by infected remigrants, citing several studies. The sentence with (CITSEG) is: ""At this time the individuals are highly infectious (CITSEG) Thébaud et al. 2009)..."" 

Looking at the structure, the author is stating that the individuals are highly infectious and then citing Thébaud et al. 2009. The citation here is supporting the claim about the infectiousness. The surrounding text is explaining the life cycle and behavior of the species, which leads to the conclusion about infection rates in orchards. 

Now, considering the rhetorical classes. The Background class is for providing domain information. The Motivation class is for supporting the need for the study. Uses is when a method or tool is used. Extension is when the current work builds on the cited work. Comparison or Contrast is when the current work is compared to the cited work. Future is about suggesting future research.

In this case, the citation (CITSEG) is supporting the assertion that the individuals are highly infectious at that time. The author is using the cited study to back up this claim. This seems like providing background information about the infectiousness, which is part of the domain knowledge necessary to understand the subsequent discussion about infection risks. Therefore, the most appropriate class here would be Background. The citation isn't motivating a new study, using a method, extending previous work, contrasting, or suggesting future work. It's simply providing supporting information relevant to the domain.",Background
86,background,,"These symptoms are highly correlated with the presence of the phytoplasma as detected by molecular means (Jarausch et al. 1998;Jarausch et al. 2008). Infected trees may also show less specific symptoms like leaf deformation, reduced terminal growth, die-back and decline. ESFY is known to occur in most southern and central European countries (Cieślińska 2011;Marcone et al. 2010Marcone et al. , 2011) ) but it has also been detected in Asia Minor (Jarausch et al. 2000;Sertkaya et al. 2005;Tedeschi et al. 2013;Allahverdi et al. 2014;Valasevich and Schneider 2016) as well as in northern Africa (Ben Khalifa et al. 2011).  Its highest spread is in the Mediterranean basin while its northern border ranges from England (Davies and Adams 2000) via Germany (Jarausch et al. 2007b) to Poland (CITSEG) . In Germany, the first detection of the agent in different Prunus species has already been reported in 1992 by Lederer and Seemüller. Carraro et al. (1998) identified the psyllid species Cacopsylla pruni (Scopoli) as vector for 'Ca. P. prunorum' in Italy and Jarausch et al. (2001) confirmed the vector capacity of this psyllid species in France. In Germany, C. pruni was confirmed as vector in transmission trials conducted by us (Jarausch et al. 2007a). ",Qwen/Qwen3-32B,4096,0.2,True,"Okay, let's see. I need to figure out the rhetorical class for the citation at (CITSEG) in this passage. The passage is talking about the spread of ESFY in different regions. It mentions that the highest spread is in the Mediterranean basin and the northern border ranges from England to Germany to Poland. The specific citation here is in the context of Poland.

Looking at the options: Background, Motivation, Uses, Extension, Comparison or Contrast, Future. 

The sentence says ""its northern border ranges from England... via Germany... to Poland (CITSEG)."" So the citation here is providing information about where the disease is found, specifically in Poland. That seems like it's giving background information about the geographical distribution of the disease. The other citations in the passage, like Jarausch et al. 1998 or Cieślińska 2011, are also providing background on symptoms, occurrence in different regions, etc. So this CITSEG is likely part of that same background information. 

Is it Motivation? No, because it's not explaining why the study was done. Uses? No, they're not using the method from the cited work. Extension? The study isn't extending the cited work. Comparison or Contrast? The passage isn't comparing or contrasting methods or results. Future? No, it's not suggesting future research. 

Therefore, the correct class should be Background.",Background
87,background,,"Similarities of nucleotide and deduced amino acid sequences were 47-76 and 31-57 %, respectively. Sequence similarity values for the combined N-terminal and transmembrane domains were higher, ranging from 82 to 98 % and 65 to 100 %, respectively. Whilst the PD and PYLR phytoplasmas differed significantly in the nucleotide and amino acid sequences of their large hydrophilic domain (54 and 31 % similarity, respectively), sequences of their combined N-terminal and transmembrane domains were nearly identical or identical.  However, sequence similarity of the entire gene was highest between the PD and AP phytoplasmas (Berg et al., 1999; Barbara et al., 2001; (CITSEG) . There is no sequence similarity in antigenic membrane proteins between AP-group and aster yellows-group phytoplasmas (Barbara et al., 2002). The DNA sequence of randomly cloned DNA fragment AT67 from strain AT of the AP phytoplasma (Schneider &amp; Seemu ¨ller, 1994b), which contains three ORFs that encode a putative ATP-binding protein and two putative permease proteins, was compared with analogous, PCRamplified sequences of Californian, German and Italian PD phytoplasma isolates and a Californian PYLR phytoplasma isolate. This analysis revealed that the Californian and German PD isolates and the Californian PYLR isolate had identical sequences. ",Qwen/Qwen3-32B,4096,0.2,True,"Okay, let's see. I need to figure out the rhetorical class for the citation marked as (CITSEG) in the given passage. The options are Background, Motivation, Uses, Extension, Comparison or Contrast, and Future.

First, I'll read through the passage to understand the context. The passage is discussing sequence similarities between different phytoplasmas. It mentions various studies, including Berg et al., 1999; Barbara et al., 2001; and then (CITSEG). The next sentence talks about Barbara et al., 2002, but that's a different citation. 

The key part here is where the author states that the sequence similarity of the entire gene was highest between PD and AP phytoplasmas, citing Berg et al., Barbara et al., and (CITSEG). Then, the next sentence contrasts this by saying there's no similarity between AP and aster yellows-group. 

Looking at the structure, the author is comparing different phytoplasma groups. The (CITSEG) is part of a list of citations supporting the claim about high similarity between PD and AP. The following sentence uses another citation to show a contrast with another group. So, the (CITSEG) is being used to support a comparison of sequence similarities. 

The rhetorical class ""Comparison or Contrast"" is for when the citation is used to express similarities or differences. Since the passage is discussing how different phytoplasmas compare in terms of their sequences, and the citation is part of that comparison, this seems to fit. The author is using the cited work to highlight the similarities between PD and AP, which is a comparison. 

I don't think it's Background because it's not providing general information. It's not Motivation, as there's no need for future research mentioned. Uses and Extension don't fit here either. The main role is to compare the sequences, so the correct class should be Comparison or Contrast.",Comparison or Contrast
88,background,,"It is unclear whether there is a subpopulation of the PD/PYLR phytoplasmas in pear trees that is capable of multiplying in peach trees, or there are strict phenological parameters in the peach tree that determine whether a peach yellow leaf roll infection survives the winter. However, there are numerous plantings of peaches near pears in many areas around the world, yet PYLR appears to be found only in California. This distribution suggests there is a unique sub-strain of the PD-phytoplasma in California that has evolved the ability to multiply and cause disease in peach.  Based on the information obtained in this and previous studies (CITSEG) A. H. Purcell, unpublished data), pear growers are now aware that pears are the primary reservoir for PYLR in northern California. Their subsequent use of highly effective insecticides to control late season populations of pear psylla, which had previously migrated out of pear and into adjacent peach orchards, has greatly reduced the incidence to PYLR in the last 8 years. Identification of PhytoplasmaTaxa and Insect Vectors of Peach Yellow Leaf Roll Disease in California C. L. Blomquist and B. C. Kirkpatrick, Department of Plant Pathology, University of California, Davis 95616 ",Qwen/Qwen3-32B,4096,0.2,True,"Okay, let's tackle this classification task. The user provided a passage with a citation (CITSEG) and wants me to determine its rhetorical class from the given options: Background, Motivation, Uses, Extension, Comparison or Contrast, Future.

First, I need to understand the context of the citation in the passage. The passage discusses the distribution of PYLR in California and how pear growers have used insecticides to control it, based on information from this and previous studies (CITSEG). The citation here is mentioned in the context of the information that led to the growers' actions. 

Looking at the options, ""Motivation"" is when the citation supports the need for data, goals, methods, etc. The passage states that based on the information from the current and previous studies (CITSEG), pear growers are aware of pears being the primary reservoir. This awareness led to the use of insecticides, which reduced PYLR incidence. The citation here is providing the basis for the action taken by the growers, supporting the motivation behind their methods. 

Alternatively, ""Background"" is for providing domain information. However, the citation isn't just giving background; it's directly supporting the rationale for the growers' actions. ""Uses"" would be if they directly used a method from the cited work, but here it's more about the information leading to a decision. ""Extension"" and ""Comparison"" don't fit here. ""Future"" is about suggesting future research, which isn't the case here. 

So the most appropriate class is Motivation because the citation supports the need for the growers' actions based on previous findings.",Motivation
89,background,,"Hemipterans have highly modified piercingesucking mouthparts which play important roles in finding hosts, feeding and transmitting plant pathogens.  Abundant information exists about the ultrastructural morphology of mouthparts of Hemiptera based on both light and scanning electron microscopy that has mainly concentrated on the Fulgoroidea (Brozek et al., 2006; (CITSEG) and Cicadellidae (Tavella and Arzone, 1993;Leopold et al., 2003;Wiesenborn, 2004;Zhao et al., 2010;Ammar and Hall, 2012) of Auchenorrhyncha, the Aphidoidea (Pollard, 1970(Pollard, , 1973;;Tjallingii, 1978;Uzest et al., 2010), Coccoidea (Ahmad et al., 2012) and Aleyrodidae (Walker and Gordh, 1989;Rosell et al., 1995) of Sternorrhyncha and the Heteroptera (Cobben, 1978;Boyd, 2003;Anderson et al., 2006;Kumar and Sahayaraj, 2012). Also, there are a few studies that focus on the internal structures of mouthparts in Sternorrhyncha and Fulgoromorpha, using SEM and TEM to observe cross-sections of the rostral segment of adult specimens, supplying comparative analysis of the connecting systems between the right and left maxillae (Brozek et al., 2006;Garzo et al., 2012;Kumar and Sahayaraj, 2012). Piercingesucking mouthparts show similar structural features in the different hemipteran families, including a short and triangular labrum, the segmented labium and the stylet fascicle. However, there is considerable variation in the morphology and sensilla of mouthparts among families, genera and species. ",Qwen/Qwen3-32B,4096,0.2,True,"Okay, let's see. I need to figure out the rhetorical class for the citation marked as (CITSEG) in the given passage. The options are Background, Motivation, Uses, Extension, Comparison or Contrast, and Future.

First, I'll read through the passage to understand the context. The passage is about Hemipterans and their mouthparts, discussing the ultrastructural morphology based on various studies. The sentence mentions that there's abundant information from light and scanning electron microscopy, focusing on different groups like Fulgoroidea, Cicadellidae, etc. The (CITSEG) is listed among other references in the Fulgoroidea part. 

The author is providing an overview of existing research in the field. They mention previous studies that have concentrated on specific groups, which suggests that the citations here are being used to establish the existing body of knowledge. The purpose here isn't to support a need for new research (Motivation), nor is it to compare or contrast with the current study. It's more about setting the stage by referencing prior work that has already been done in the area. 

The key phrase here is ""abundant information exists about the ultrastructural morphology... that has mainly concentrated on..."" which indicates that the citations are providing background information. The (CITSEG) is part of that list of studies that have contributed to the existing knowledge, so the rhetorical class should be Background. 

I don't think it's Uses because the citations aren't being used as methods or tools in the current study. It's not Extension because the current work isn't building upon those specific studies. There's no indication of future directions either. The main role here is to inform the reader about prior research in the field, which aligns with the Background class.",Background
90,background,," Chinese and Taiwanese Cacopsylla chinensis sequences (CITSEG) (Lee et al., , 2008) ) together form well-supported clusters in the NJ trees based on COI-tRNA leu -COII and 16S rDNA gene fragments (fig. 2). The sequences of COI-tRNA leu -COII and 16S The mean intraspecific K2P distance is 0.1% in COI 658 bp (range 0-5.9%), 0.7% in COI 403 bp (range 0-5.5%), 1% in COI-tRNA leu -COII (range 0-5.9%) and 0.6% in 16S rDNA (range 0-3.8%), with a maximum observed value of 5.9% for C. maculatili (fig. 3, table 3). ",Qwen/Qwen3-32B,4096,0.2,True,"Okay, let's see. I need to figure out the rhetorical class for the citation in this passage. The passage is talking about Chinese and Taiwanese Cacopsylla chinensis sequences forming clusters in NJ trees based on certain gene fragments. The citation is mentioned with the sequences, so maybe it's providing background information? The example given for Background mentions providing relevant domain information. Here, the citation seems to be the source of the sequences they're discussing. They're using the sequences from that study to build their own analysis. Wait, but does that mean it's a ""Uses"" class? Because if they're directly using the sequences from the cited work, that would fall under ""Uses"". The example for Uses says when the citation refers to a method, tool, dataset, etc. used in the current study. The sequences here are part of the dataset they're analyzing. So the authors are using the sequences from Lee et al. 2008 in their own study to build the NJ trees and calculate distances. That fits the ""Uses"" category. The other options like Background would be if they're just providing context, but here they're actually using the data from the cited paper. So the correct class should be ""Uses"".",Uses
91,uses,,"Insects were caught every 1-3 weeks by beating tray method, using a white plastic tray (30 × 40 cm) to capture individuals. Psyllids were immediately sampled from the tray with a mouth aspirator. Per tree ten hits were performed (2 branches, 5 hits per branch), and in total, 10 trees per location were sampled at each time point.  Insect species and seasonal stage of the pear psyllids (winterform, summerform) were determined by aid of a stereomicroscope according to Ossiannilsson (1992) and (CITSEG) . Representative numbers of the collected psyllids were individually analysed by PCR for phytoplasma presence. Numbers of PCR samples per insect species, season and location are illustrated in Tables 2 and3. ",Qwen/Qwen3-32B,4096,0.2,True,"Okay, let's see. I need to figure out the rhetorical class for the citation in this passage. The passage is about how insects were collected and analyzed. The citation is mentioned in the context of determining insect species and seasonal stages using a stereomicroscope, referencing Ossiannilsson (1992) and another source (CITSEG). 

So, the key part here is ""determined by aid of a stereomicroscope according to Ossiannilsson (1992) and (CITSEG)."" The authors are using these references to explain the method they used for identification. The question is, what class does this fall into?

Looking at the options: Background, Motivation, Uses, Extension, Comparison or Contrast, Future. 

The ""Uses"" class is when the citation refers to a method, tool, dataset, or experimental setup that's directly used in the current study. Here, they're using the method described in the cited works to determine the species and seasonal stages. So that seems like a direct use of the cited method. 

Is it Background? Background is for providing relevant domain information. But here, it's about the specific method they applied, which is more about using a tool or technique from the cited work. 

Motivation would be if they were citing to justify why they did the study, but that's not the case here. Extension would be if they're building on the cited work's results, but they're using the method. Comparison or Contrast isn't applicable here. Future is about suggesting future research, which isn't the case. 

So the correct class should be ""Uses"" because they are directly applying the method from the cited sources in their study.",Uses
92,background,,"Recently, Cho &amp; Lee (2015) reported Cacopsylla chinensis from Korea, analysing nucleotide sequences. They found that Korean populations are similar to Japanese ones but differ from Chinese and Taiwanese populations. From the Russian Far East, finally, three species associated with pear are reported to date (Gegechkori &amp; Loginova 1990): the west Palaearctic C. pyricola and C. pyrisuga, and the native Psylla nigrella Konovalova.  In summary, 27 nominal species of pear psyllids are currently known from China (Li 2011; Luo et al. 2012), three from Japan (CITSEG) Inoue et al. 2012), six from Korea (Park 1996;Cho &amp; Lee 2015;Kwon et al. 2016), three from the Russian Far East (Gegechkori &amp; Loginova 1990) and eight valid species from the west Palaearctic, Middle East and Central Asia (Burckhardt &amp; Hodkinson 1986) (Table 1). Despite previous taxonomic revisions (Burckhardt &amp; Hodkinson 1986;Luo et al. 2012), species identification of pear psyllids remains difficult and the literature is plagued with misidentifications. In general, the significance of seasonal dimorphism has not been taken sufficiently into account, the names of west Palaearctic taxa have been used uncritically and relationships between faunas from different countries have been ignored. The purpose of this study is to revise the taxonomy of Japanese and Korean pear psyllids and to compare them with Chinese, Russian and west Palaearctic taxa. ",Qwen/Qwen3-32B,4096,0.2,True,"Okay, let's see. I need to figure out the rhetorical class for the citation marked as (CITSEG) in the given passage. The passage is about pear psyllids and their taxonomy across different regions. The specific sentence with the citation is: ""three from Japan (CITSEG) Inoue et al. 2012), six from Korea (Park 1996;Cho & Lee 2015;Kwon et al. 2016), three from the Russian Far East (Gegechkori & Loginova 1990) and eight valid species from the west Palaearctic, Middle East and Central Asia (Burckhardt & Hodkinson 1986) (Table 1).""

First, I should recall the different rhetorical classes. The options are Background, Motivation, Uses, Extension, Comparison or Contrast, and Future. 

Looking at the context, the author is listing the number of species known from different regions. The citation here is providing information about the number of species in Japan. The sentence is part of a summary of existing knowledge, stating how many species are found in each country. This seems like providing background information to set the context for the current study. 

The next part of the passage mentions that despite previous revisions, species identification is still difficult, leading to the purpose of the study. The citation here isn't being used to support a need for the study (which would be Motivation) or to compare methods (Uses), but rather to give existing data. Since it's part of the background information about the current state of knowledge in the field, the correct class should be Background. 

I should check if there's any other possible class. For example, if the citation was used to show a contrast or comparison between studies, it might be Comparison or Contrast. But here, it's just listing numbers without directly comparing methods or results. So Background is the best fit.",Background
93,background,,"A very important feature that psyllids share with aphids is that they are phloem-feeders, although their feeding strategy differs from that of aphids as they do not make brief intracellular stylet punctures in superficial leaf tissues prior to the intercellular penetration into phloem sieve elements (Bonani et al. 2010;Pearson et al. 2014;Antolinez et al. 2017a). This is probably one of the reasons why they do not transmit plant viruses but are efficient vectors of phloem-limited bacteria and phytoplasmas. Among the species considered as agricultural pests, only few are known vectors of plant pathogens (Burckhardt 1994).  Their economic importance has risen in the past 20 years probably due to globalization (increasing trade of plant material over the world) and also due to global warming that facilitates the expansion and adaptation of psyllid pests into new habitats and geographical regions (CITSEG) . Psyllids are vectors of economically important phytoplasma diseases of fruit trees such as pear decline (PD), apple proliferation, and European stone fruit yellows (Bertaccini et al. 2019). All these diseases are transmitted by a single genus: Cacopsylla spp., and are mainly restricted to the Paleartic regions. Cacopsylla melanoneura (Foerster 1848; Hemiptera: Psyllidae) and C. picta (Foerster 1848; Hemiptera: Psyllidae) are well-known vectors of apple proliferation phytoplasma (Candidatus Phytoplasma mali; Tedeschi &amp; Alma 2004;Bertaccini et al. 2019). ",Qwen/Qwen3-32B,4096,0.2,True,"Okay, let's tackle this classification task. The user provided a passage with a citation marked as (CITSEG), and I need to determine its rhetorical class from the given options: Background, Motivation, Uses, Extension, Comparison or Contrast, Future.

First, I'll read through the passage to understand the context. The passage discusses psyllids, their feeding habits, role as vectors of plant pathogens, and factors contributing to their economic importance. The (CITSEG) is in the sentence: ""Their economic importance has risen in the past 20 years probably due to globalization (increasing trade of plant material over the world) and also due to global warming that facilitates the expansion and adaptation of psyllid pests into new habitats and geographical regions (CITSEG).""

Now, I need to figure out what role this citation plays. The sentence is explaining reasons for the increased economic importance of psyllids, citing globalization and global warming. The citation here is supporting the claim that these factors are the reasons. Looking at the rhetorical classes:

- **Background** provides domain information. Here, the citation is giving context about why their importance has risen, which is more about the reasons rather than general background.
- **Motivation** is about supporting the need for the study. The passage is explaining why the topic is important, which could be motivation for studying psyllids.
- **Uses** refers to methods or tools used, which doesn't fit here.
- **Extension** would be if the current work builds on the cited study, which isn't the case.
- **Comparison or Contrast** is about similarities/differences, which isn't the focus here.
- **Future** suggests future research directions, which isn't what's happening.

The citation is supporting the argument that globalization and global warming are reasons for increased economic importance. This seems to be providing a rationale or motivation for why the study is relevant. However, sometimes ""Background"" is used for contextual information. But in the example given for Motivation, the citation supports the need for the study's purpose. Here, the citation is explaining why the topic is important (economic rise due to specific factors), which could be seen as motivation for the research. Alternatively, if it's just providing context, it might be background. 

Looking at the example for Motivation: ""Our previous research (CITSEG) has shown..."" which supports the need for the current work. In this case, the citation is supporting the need to understand the factors (globalization and warming) contributing to the problem, which could be part of the motivation for the study. However, the passage doesn't explicitly state that the current work is addressing this. It's more about explaining the current situation. 

Alternatively, if the citation is providing background information on why psyllids are economically important now, that would be Background. The example for Background is providing domain info, like the spread of a treatment. Here, the citation is giving reasons for the increased importance, which is part of the domain context. 

Hmm. The line between Background and Motivation can be blurry. If the citation is setting up the context for why the topic is important, it's Background. If it's supporting the need for the current study's goals, it's Motivation. Since the passage is discussing the factors leading to increased economic importance but doesn't explicitly state that the current study is addressing those factors, it's more likely Background. The example for Background includes a statement about the spread of a treatment, which is similar to providing context. Therefore, the correct class here is probably Background.",Background
94,uses,,"One clone was sequenced from each of strains AP1/93 and ESFY-G2. Sequence evaluation, including manual alignment, was done by using the software package HUSAR (Biocomputing Service Group, German Cancer Research Center, Heidelberg, Germany). Gaps and ambiguities were removed from the final dataset.  Phylogenetic and molecular evolutionary analyses were conducted by using the neighbour-joining program of the genetic analysis software MEGA, version 2.1 (CITSEG) . The data were resampled 500 times and bootstrap percentage values are given at the nodes of the tree. Phylogenetic distances were calculated by pairwise comparison. Numbering of nucleotide positions corresponds to that of the 16S rRNA gene of aster yellows phytoplasma strain OAY (Lim &amp; Sears, 1989). ",Qwen/Qwen3-32B,4096,0.2,True,"Okay, let's see. I need to figure out the rhetorical class for the citation in this passage. The passage is talking about phylogenetic and molecular evolutionary analyses using the neighbour-joining program from MEGA version 2.1. The citation is placed right after mentioning that they used MEGA's program.

Looking at the classes, the ""Uses"" class is for when the cited work's method, tool, etc., are directly used. Here, the authors are using the MEGA software's neighbour-joining program. So the citation is referring to the tool they used. That fits the ""Uses"" category. 

Wait, is there any other possible class? Like maybe ""Background"" if they're just providing context about the software. But no, the example for ""Uses"" specifically mentions experimental setup, which aligns with using a software tool. The example given in the prompt for ""Uses"" is about an experimental set-up being described in a previous paper. Here, the software (MEGA) is the tool they used for their analysis. So definitely ""Uses"".",Uses
95,background,,"DNA from leaves and phloem scrapings was isolated using a cetyltrimethylammonium bromide extraction method. The applied method for extraction of nucleic acids from woody plants with modifications from Appendix 1 of EPPO diagnostic protocols for the detection of phytoplasmas [82,83] is based on Doyle and Doyle [84]. Due to irregular distribution of 'Ca.  P. pyri' in the apex (CITSEG) , in part infection status of pear trees was confirmed by extraction of phloem scrapings from shoots of PD inoculated trees, in addition to extraction of leaf tissue from mass flow measurements. Leaves and phloem scrapings were ground in preheated extraction buffer (60˚C, 2.5% (w/v) cetyltrimethylammonium bromide, 1.4 M NaCl, 20 mM EDTA, 100 mM Tris-HCl pH 8.0, 1% (w/v) polyvinylpyrrolidone 40, 0.2% (v/v) 2-mercaptoethanol (with a tissue/buffer ratio 1:10; 0.1 g of tissue in 1 ml buffer) using a homogenizer (BIOREBA AG, Reinach, Switzerland) in extraction bags (BIOREBA AG). Homogenate (1 ml) was transferred into a microcentrifuge tube and incubated at 60˚C for 30 min. An equal volume of chloroform was added, the tube was briefly vortexed and shaken for 5 min at room temperature. ",Qwen/Qwen3-32B,4096,0.2,True,"Okay, let's see. I need to figure out the rhetorical class for the citation marked as (CITSEG) in the given passage. The options are Background, Motivation, Uses, Extension, Comparison or Contrast, and Future.

First, I'll read through the passage to understand the context. The passage is about DNA extraction methods from leaves and phloem scrapings. They mention using a cetyltrimethylammonium bromide extraction method, which is based on a method from Doyle and Doyle [84], with modifications from EPPO protocols. Then there's a part that says, ""Due to irregular distribution of 'Ca. P. pyri' in the apex (CITSEG), in part infection status of pear trees was confirmed by extraction of phloem scrapings..."" 

So the citation here is explaining why they used phloem scrapings in addition to leaf tissue. The reason given is the irregular distribution of the pathogen in the apex. The citation is providing a reason for their methodology choice. 

Looking at the rhetorical classes, Motivation is when the citation supports the need for data, goals, methods, etc. Here, the citation is justifying why they needed to use phloem scrapings because the pathogen isn't evenly distributed. That seems like a Motivation because it's explaining the rationale behind their method. 

Alternatively, could it be Background? Background is for providing domain information. But here, the citation is specifically supporting the decision to use a certain method due to the pathogen's distribution. So it's more about justifying the method rather than just background info. 

Uses would be if they directly used a method from the cited work. But the citation here is about the distribution issue leading to their method choice, not the method itself. 

Extension would be if they're building on the cited work's results, but that doesn't seem to be the case here. 

Comparison or Contrast isn't applicable here. Future is about suggesting future research, which isn't the case. 

So the most appropriate class is Motivation.",Motivation
96,background,,"The effects of host elicitors, predation rates and rates of feeding antixenosis are also significantly different among pear varieties (Emami et al. 2014;Bell 2015;Cooper and Horton 2015). Psyllids or 'jumping plant lices (Chinery 1993)' are small phytophagous, phloem-feeding insects and together with aphids, coccids and whiteflies form the monophyletic Stenorrhyncha within Hemiptera. Psyllids include several major pests of pear throughout the world (Burckhardt and Hodkinson 1986).  More than 33 psyllid species infest cultivated pear trees around the world with the taxonomic status of most of them still not clear (CITSEG) Luo et al. 2012). Indian psyllids of Pyrus detailed by Mathur (1975) have similar confusion with regard to their identification (Burckhardt and Hodkinson 1986). From Western Himalayas, nothing much has been published about the taxonomy of these insects. Several previous authors have accepted the idea that the Cacopsylla species present from the region is Cacopsylla pyricola (Forster, 1848) (Ahmed and Ahmed 2013;Abrol 2015;Mahendiran et al. 2016). ",Qwen/Qwen3-32B,4096,0.2,True,"Okay, let's tackle this classification task. The user provided a passage with a citation marked as (CITSEG) and wants me to determine its rhetorical class from the given options. The options are Background, Motivation, Uses, Extension, Comparison or Contrast, and Future.

First, I need to understand the context around the (CITSEG) citation. The passage is discussing psyllid species that infest pear trees, mentioning that over 33 species exist but their taxonomic status is unclear. The citation here is (CITSEG) Luo et al. 2012). The sentence says, ""More than 33 psyllid species infest cultivated pear trees around the world with the taxonomic status of most of them still not clear (CITSEG) Luo et al. 2012).""

So, the citation is supporting the statement about the number of species and their unclear taxonomy. The author is providing information about the current state of knowledge in the field. This seems like providing background information because it's giving context about the domain—specifically, the existing knowledge or lack thereof regarding the taxonomy of these psyllids. 

Looking at the example for Background: ""in the USA the use of magnetic water treatment devices has been spreading since 1975 (CITSEG)."" Here, the citation supports a factual statement about the spread of a technology. Similarly, in the given passage, the citation supports a factual statement about the number of species and their taxonomic status. 

Is there any other class that fits better? Motivation would be if the citation is used to justify why the research is needed. But here, it's more about establishing the current state rather than motivating the need. Uses would be if they directly used a method or data from Luo et al., but the sentence doesn't indicate that. Extension would mean the current work builds on Luo's work, which isn't stated. Comparison or Contrast would involve comparing results, which isn't the case here. Future is about suggesting future research, which also doesn't fit. 

Therefore, the most appropriate class here is Background.",Background
97,background,,"A new finding for Germany is ESFY infection of sweet cherry. In general, phytoplasma decline diseases of sweet and sour cherry remain unclear as different phytoplasmas have been found to be associated (Navrátil et al. 2001;Paltrinieri et al. 2008;Cieślińska and Morgaś 2011). An ESFY-related decline in sweet cherry was first observed in the Southwestern part of France and was called 'Molières disease' (Bernhard et al. 1977) but turned out by molecular means to be a stolbur type (Jarausch, personal comm.).  However, 'Ca. P. prunorum' infection of sweet and sour cherry was confirmed in few declining trees in Czech Republic (Navrátil et al. 2001; (CITSEG) ) and in North-Central Italy (Paltrinieri et al. 2001). In contrast, experimental inoculations of thirteen sweet cherry cultivars with 'Ca. P. prunorum' demonstrated a high level of resistance in P. avium (Jarausch et al. 1999). We found two isolated cases of sudden decline in sweet cherry and could confirm infection with 'Ca. ",Qwen/Qwen3-32B,4096,0.2,True,"Okay, let's see. I need to figure out the rhetorical class for the citation marked as (CITSEG) in the given passage. The options are Background, Motivation, Uses, Extension, Comparison or Contrast, and Future.

First, I'll read through the passage to understand the context. The passage talks about ESFY infection in sweet cherry, specifically in Germany. It mentions that phytoplasma decline diseases are unclear because different phytoplasmas are associated. Then it references some studies from Navrátil et al. 2001, Paltrinieri et al. 2008, and Cieślińska and Morgaś 2011. The next part discusses an ESFY-related decline in France called 'Molières disease' which was later identified as stolbur type. Then it says 'Ca. P. prunorum' infection was confirmed in the Czech Republic (Navrátil et al. 2001; (CITSEG)) and in Italy. There's a contrast with experimental inoculations showing resistance in P. avium. The authors found two cases of decline and confirmed the infection.

Now, the citation in question is (CITSEG), which is part of the sentence confirming 'Ca. P. prunorum' infection in the Czech Republic. The sentence is providing information about where this infection has been observed. The other citations (Navrátil et al. 2001) are also mentioned here, but the (CITSEG) is another citation. The key is to determine why this citation is there. 

Looking at the surrounding text, the authors are discussing the occurrence of the infection in different regions. The citation is supporting the claim that the infection was confirmed in the Czech Republic. This seems like providing background information about the existing knowledge or previous findings in the field. The citation isn't about methods used, future work, or comparison. It's more about establishing that this infection has been documented in certain areas, which is part of the background context for the current study. 

So the rhetorical class here is likely Background. The citation is giving relevant information about where the infection has been found, which sets the stage for the current research. It's not motivating the need for the study, using a method, extending previous work, comparing, or suggesting future directions. Therefore, the correct label should be Background.",Background
98,background,,"Calif'ernia experiments confirmed the susceptibility of trees with P. serotina (Griggs et al., 1962; Ryugo, 1963; Shalla et al., 1963; Gonzales et al., 1963; Jensen and Erwin, 1963; Jensen et al., 1964), and P. ussuriensis seedling rootstocks (Shalla et al., 1963) to decline. Trees with Bartlett seedling (Gonzales et al., 1963) Winter Nelis seedling (Jensen and Erwin, 1963), and P. colleruoma seedling stocks (Jensen and Erwin, 1963), and trees with selfrooted Old Home stocks (Gonzales et al., 1963) were resistant to decline. Selfrooted Old Home trees (Griggs and Harmann, 1960;Jensen and Erwin, 1963) also were resistant.  Blodgett ei ale (CITSEG) noted that the frequency and severity of pear decline symptoms did not vary with the scion varieties (Bartlett, Anjou, Hardy, Farmingdale, Flemish Beauty) or with the origin of budwood. On the other hand, Westwood et ale (1963) found that, with the same types of rootstocks, Bartlett was most susceptible to decline; Anjou was intermediate, and Comice was least susceptible. Although pear decline has been associated mainly with trees with P. serotina, P. ussuriensis or imported P. communis rootstocks, the dis-ease has been reported in at least a small percentage of trees with any of the commonly used rootstocks. Batjer and Schneider (1960) , Blodgett et ale (1962), and Westwood and Lombard (1966) reported decline in trees with Bartlett seedling rootstocks. ",Qwen/Qwen3-32B,4096,0.2,True,"Okay, let's see. I need to figure out the rhetorical class for the citation marked as (CITSEG) in the given passage. The passage is about pear decline and different rootstocks' susceptibility. The sentence with the citation says: ""Blodgett ei ale (CITSEG) noted that the frequency and severity of pear decline symptoms did not vary with the scion varieties..."" 

First, I should recall the different rhetorical classes. The options are Background, Motivation, Uses, Extension, Comparison or Contrast, and Future. 

Looking at the sentence, the author is mentioning that Blodgett et al. observed something about pear decline symptoms not varying with scion varieties or budwood origin. This seems to be providing information that supports the current discussion about the factors affecting pear decline. The author is using this citation to establish that certain factors (scion varieties and budwood origin) don't influence the symptoms, which might be part of the background information for their own study or discussion.

Is it Background? The Background class is for providing relevant domain information. The citation here is giving a fact that's part of the existing knowledge in the field, which helps set the context. 

Is it Motivation? Motivation is about supporting the need for the study. But here, the citation is more about stating a finding that's already known, not necessarily why the current study is needed. 

Uses would be if they used a method or data from Blodgett, but the sentence is about the findings, not using their methods. 

Extension would mean the current work builds on Blodgett's, but the passage doesn't indicate that. 

Comparison or Contrast is when they compare their results with others. The passage does mention other studies (like Westwood et al.), but Blodgett's is presented as a fact without direct comparison. 

Future is about suggesting future research, which isn't the case here. 

So the most likely class is Background. The citation is providing existing information that's relevant to the discussion about pear decline factors.",Background
99,background,,"More than 33 psyllid species infest cultivated pear trees around the world with the taxonomic status of most of them still not clear (Burckhardt 1994;Luo et al. 2012). Indian psyllids of Pyrus detailed by Mathur (1975) have similar confusion with regard to their identification (Burckhardt and Hodkinson 1986). From Western Himalayas, nothing much has been published about the taxonomy of these insects.  Several previous authors have accepted the idea that the Cacopsylla species present from the region is Cacopsylla pyricola (Forster, 1848) (CITSEG) Abrol 2015;Mahendiran et al. 2016). However, there are no reliable distributional records of this species from India (Ouvrard 2017). During the present study, it is found that the species on Pyrus communis in Kashmir valley is C. bidens. This constitutes the first record of the species from India. ",Qwen/Qwen3-32B,4096,0.2,True,"Okay, let's see. I need to figure out the rhetorical class for the citation marked as (CITSEG) in the given passage. The options are Background, Motivation, Uses, Extension, Comparison or Contrast, and Future.

First, I'll read through the passage to understand the context. The passage talks about psyllid species infesting pear trees, taxonomic confusion, and mentions several studies. The part with the citation (CITSEG) is in the sentence: ""Several previous authors have accepted the idea that the Cacopsylla species present from the region is Cacopsylla pyricola (Forster, 1848) (CITSEG) Abrol 2015;Mahendiran et al. 2016).""

So, the authors are saying that previous researchers (cited here) believed the species in the region is C. pyricola. But then they mention that there are no reliable records of this species in India, and their study found it's actually C. bidens, which is a new record. 

The question is, what role does the citation play here? The authors are referencing prior work that supports the existing belief about the species being C. pyricola. They're contrasting that with their own findings. So the citation here is providing context about what others have said, which the current study is addressing. 

Looking at the classes: Background is for providing domain info. Motivation is about supporting the need for their study. Uses is if they used a method from the cited work. Extension would be if they built on the cited work. Comparison or Contrast is when they show similarities or differences. Future is about suggesting future work.

In this case, the citation is showing that previous authors accepted a certain idea (C. pyricola), but the current study challenges that by finding a different species. So the citation is setting up a contrast between prior belief and the current findings. Therefore, the rhetorical class should be Comparison or Contrast. The authors are contrasting their results with the cited works' conclusions.",Comparison or Contrast
